,Basal_KO_DM,Basal_WT_DM,LP_Cycling_KO_DM,LP_Cycling_WT_DM,LP_Others_KO_DM,LP_Others_WT_DM,LP_Others!_KO_DM,LP_Others!_WT_DM,Mature_Luminal_KO_DM,Mature_Luminal_WT_DM
2610021A01Rik(+),6.636803959591513,0.9200563781022927,0.2775834119183508,-0.716584654328092,0.5802386373487938,-2.35668731880862,-1.9121406350675751,0.24115222143690462,-1.3910169883364687,-3.3069790656365443
Ahdc1(+),6.41143320342908,0.7195979159998481,-0.9769532900789915,-2.4840870883513295,11.582622946452734,6.3096217154160765,2.4964957716551432,-2.0063149025375915,-10.365350353805798,-19.273100414581055
Ahr(+),-2.5980625813581772,-10.194031042206525,2.9446097666075244,-2.03184399349737,30.604464725833793,3.6623684177642644,0.9610141008748836,-1.8014080209574908,-9.867629734331626,-18.37583385466891
Alx1(+),-1.436358612347304,-1.4632595078772177,8.181845980137732,9.01368400676621,-1.6349721190399797,-0.7740481415410617,0.8318998854810152,6.458120765454203,-1.8742328242789346,-2.2937414438487553
Alx4(+),19.407085899442624,11.780699813421823,-1.741934363639103,-2.3954361658345054,-6.033730516309585,5.260393508182844,-1.7162639143936946,-1.3346929715560178,-9.846271707505881,-18.395921714871594
Ar(+),-0.8841872177868424,-5.171395176902603,8.261318317352853,4.969125638768744,5.939796050150785,-3.114811560530703,4.611426841030222,1.5064223341211687,4.5438875045720675,-8.56863935656841
Arid3a(+),12.015568898367658,5.778558324697885,-0.9928341478397696,-0.8096931020575556,-5.672625135439625,-6.253320386975698,-1.456038410968461,-1.2622794349692141,-1.570246791338981,-0.05743464567593421
Arid5b(+),10.881725018068597,20.64078307697409,-3.5197161741798344,0.31050685001907513,-8.370054659760136,-7.568632147352039,-2.6933510113102592,-1.3755720136648475,-2.4430419613861356,-5.102639791134521
Arnt(+),2.94266702409934,-2.146561124767393,9.3752630065694,4.39451613240436,-1.6389055736842333,-6.822357444731741,8.725868906637542,4.896579619775576,-1.4161515622432048,-0.7138925993275844
Arntl(+),-2.906348335537472,-2.665615591099002,-1.3825170211971687,-0.7974458939088686,-0.09066106326355361,2.628174244566689,-0.9250913596204657,-0.6969680426789503,3.3090797410421935,1.4047107623946649
Ascl1(+),10.2752949837834,16.066241706475132,-3.907155591317778,-1.0094840611219262,-3.416289894118118,-0.047680423020427555,-2.5115633542623343,-0.6759608214366655,-6.194950734027878,-12.142962603183367
Ascl2(+),4.4009164371906,5.166685556690623,-1.2583487292806717,-1.4538039761665555,1.7870040948808654,-1.8464128075187787,-0.18465257639520583,1.7250690794768506,-3.1857752448938412,-5.699608741315312
Atf1(+),1.2736643882179808,-1.3776441367362164,6.071967652341831,2.1815134865698167,1.7894511727421112,-1.757406244800929,1.0041669755185678,2.631890129054452,-3.5250836402437304,-2.4537672265757964
Atf2(+),-2.151228798884469,-8.114147670408649,3.839583952484739,1.16122926695704,-3.1237611391292424,-8.320361370938105,2.8543104049047643,2.278477254171837,11.020276911634266,10.89746026220267
Atf3(+),1.124994144801279,-0.8175590361911845,1.5595926645503728,-0.09814657823201603,7.118559685314373,5.955499431689285,-2.2130238260722055,-0.9290492261453146,-5.943685864167782,-10.893389186502823
Atf4(+),-6.496144640818756,-10.216634264722591,0.12082114994335186,-1.9721994279037547,5.151942900052827,-2.567615568601306,-4.1884270187415,-3.4908049190010058,19.228143881355567,2.471649807616004
Atf5(+),-2.6888146743090675,-0.9666441424112894,-1.1482058283112642,0.14917874938727657,1.8119844013811417,3.0402346246216916,-2.2629576414639287,-1.3332101646329921,-2.8401836672217384,1.490040438113389
Atf7(+),-14.388909416093629,-15.796113136037015,-4.898397912110702,-2.4628133451607406,14.660244774973997,16.587139482340742,1.0574755275768062,0.16582442554705562,-9.223176029286831,1.8135687761815462
Bach1(+),1.4949584647662628,-0.24818214497747124,-1.0116275583000252,-1.1323041756182208,6.66875287791243,11.353313980572446,-2.2582087794830454,-0.9416183253359318,-7.0507399740892875,-15.011338477687403
Bach2(+),7.3715112401786955,13.236546769304226,9.067189494112469,11.156127997720958,1.9923881571743516,11.377205620242636,10.707906547403006,9.833056172688035,-20.780191613458708,-40.04464733548119
Barhl1(+),2.8593814522960668,5.158679108137034,-0.7185696988967171,-0.5433120568559073,-2.3880829374267476,0.2741535657255099,-0.7195874407079986,-0.03996945002633648,-1.7976853390254073,-2.907670646193388
Batf(+),-2.6375982237116737,3.759160803991682,2.625694069814198,2.260162747323938,-2.5812164233095656,-7.000419870360427,-1.5270434171222182,-2.082605367735992,1.3362132169298357,7.942509069726068
Bcl11a(+),-12.573178650930249,-11.396452998445968,3.441649059226623,3.948357579821023,19.329283313370276,26.371774497516835,2.437464457839522,1.6468917560334257,-13.731829438098854,-23.371128406790827
Bcl6(+),1.5913943982390073,3.6192535965721437,-3.963831509055769,-2.010907268498575,-10.556093143633214,-9.66953860977737,-2.3474364387624043,-2.846056664259532,17.284596449164482,10.749643611274863
Bcl6b(+),24.228124441063212,20.674192673874987,-2.041914148476916,-0.2681747383245955,-10.066490543645259,-5.876273372164649,-2.6604305033293745,-0.8166322495924868,-8.109084270798387,-13.44699646186131
Bclaf1(+),-6.440330516952538,-1.5552260339065764,1.0024740843253983,0.6009578062447538,0.8455490477149167,2.6187944211392136,-0.6155662019159684,-0.7125292631285044,-0.5286800962643629,3.4238746307433563
Bhlhe40(+),-3.634053451118488,-2.5108043801528632,-1.2593384603212945,-0.4135827567344837,1.1007727201042774,2.6985033616383096,-1.5098072364057533,-1.625280272481541,-1.5555072309802767,4.108057046758529
Bptf(+),2.5268831522021005,4.870077400316817,5.335510336349406,4.300331034181358,-0.852678981728917,-1.6059974147949703,4.054637083381238,3.2807571377967495,-3.927830794722278,-7.6334690765477955
Brca1(+),-1.8146012067234931,-5.440550210017836,57.144672214078795,15.595736910180582,2.2132747090060647,-4.491955154715042,-0.21420237099761957,-1.593240203576828,-6.064111484181829,-14.265891546296832
Brf1(+),4.490283165728311,7.191379808525685,-1.2868839187630288,0.19445062166993357,-5.710739425205505,6.278141099746081,-2.3446637114470836,0.879634712460473,-3.0881446476640537,-8.121137811276686
Cebpa(+),2.42904690575058,0.5333726452443291,0.2014398362678502,1.1638369127927106,0.736680550400276,0.2885098747877522,0.6899224065970206,0.9028823260894298,1.107695937274502,-5.551611890042584
Cebpb(+),-9.559666805284108,-15.215956460122753,1.3376029016755377,-3.2781582077307023,19.426870120118632,2.653193203497278,-1.7276941526156817,-1.8961501558165605,4.361057580184805,-3.340168579120297
Cebpd(+),-11.282355713632018,-15.16839129282651,2.0754517077688703,-2.505077201330791,14.941114689290638,-0.7032680309732756,-2.3745351535441444,-1.6613461881641047,8.60722589708569,3.1548720064545077
Cebpg(+),1.2918926321613524,-4.358552516902505,1.0360045642455569,-1.1147897024014926,7.854164227793441,4.617272781634539,0.7894367075817692,-0.12913553914527803,1.1714128403022068,-12.709472002399039
Cers3(+),-4.301047237909501,-0.5551531543087571,24.739770884396012,14.674745940881053,0.15322738967666516,0.9154522965832327,-1.4233902946296657,-1.3922176748595534,-4.5355143392535675,-9.69981157384085
Chd1(+),-13.060971218459516,-12.656170641942744,1.3355586595795403,-2.0202788500016085,-5.844369730397139,-9.558044223502893,1.341286726284311,-0.39144409518526957,11.764139735851193,36.683980534709654
Churc1(+),-3.6091129078925226,-6.053305336976749,-3.715400623837455,-2.0798929104392445,7.160700449763585,19.059163727627556,-1.7542857098834186,-0.3381743133381051,-0.05457322839335669,-17.230563373258523
Clock(+),-9.194871655235232,-7.129421859683158,-3.810015314189362,-1.8587702152607075,-10.203957558935752,-10.283749410131772,-2.918737410638408,-2.195310110288796,24.330781455868163,28.658581621788596
Creb1(+),-2.246138493416044,7.17093460349521,4.947236234248216,1.4903817288862309,2.030044335313618,1.9152434423875373,0.8936508544963032,0.12473218040587047,-6.466414289315531,-7.919960374122587
Creb3l2(+),16.21594898186805,15.861891289559477,-3.571938621642971,-0.3984696296243186,-7.545202178956853,-9.127725823055403,-2.4805752661887293,-2.6558197458930204,-1.01449079397901,-5.53224491971511
Creb3l4(+),-5.879021519983456,-6.261278196370288,-0.5859898414795979,-0.569109044837355,5.306910285541467,-0.0944270171429857,-0.3355872844167382,-0.970593657633025,10.009708149176273,-0.6681564926785286
Crem(+),-2.113562094485485,-4.231269635330333,-2.0539254974762007,0.8841074404530821,2.200200237804055,6.757651472624701,1.1735601228657777,0.3718923719403587,2.6758592738981575,-5.814483357328273
Cux1(+),-0.2307039540313206,-0.9788900568047431,2.3946721213656654,1.9838688013937111,1.7516587259920233,-1.8756285297815607,3.654200240971155,-0.42155462910923924,0.21842186087616772,-1.8579022792445097
Dbp(+),1.5736919021103106,15.474191546193332,-0.6247769378678869,0.17856240323876585,-3.9438300687170202,-2.391436787862111,-2.0461021951590213,-1.208126582112806,-4.010828777372248,-3.917784625260463
Dbx2(+),4.964330502222538,0.2236714478757509,-4.168961050298093,-2.1923164836384466,-8.336397810301236,-2.4583143021170764,-4.343962428131189,-3.5767191733793795,5.344295781279989,8.934640556080211
Ddit3(+),11.61447611482584,-0.6495649280555673,-1.0001406682264673,-0.8891286075792021,-1.2742636110599757,-2.4446922127625488,-1.0314561923695744,-0.7000254433100427,-2.079107698898285,-3.018428495797925
Dlx1(+),1.491779278598701,5.641540767189698,-0.22497002772358943,-1.2388982373339625,1.2211658220241353,-2.001750690962594,-1.2017870702649336,-0.7222935615505047,-1.3662941072692232,-3.534463570363709
Dlx3(+),-7.3371407511987545,-6.9868510888646025,3.049601089474394,0.8136641621044521,13.787893474824605,15.591501569011914,1.243264863550216,1.5140461040942963,-9.392153049132693,-16.108067273398785
Dlx4(+),-0.7228340155629228,2.333661814803668,-0.7262355537414821,-0.9415879406833484,-1.296484456000813,-1.70935603578645,-2.1202510717687204,-1.1324316629130922,-2.6308419104948992,5.429663930940914
Dlx5(+),3.4915009523470815,-1.7315041367850046,3.7260906838366528,-0.4449349038280406,3.7561382987465524,-2.012382096788327,0.3133916872210278,-1.1602735095101793,-1.4448018950558341,-4.2761777135229995
Dmrta2(+),15.316581803333229,-0.1837206355451709,1.5936334353365018,-1.1961218547655428,7.016959107738888,-7.313867219339973,0.6504618687617839,-1.7431590627673748,-5.441014687067427,-9.776253683831774
E2f1(+),0.4896337446398797,-7.164840069387037,28.98015436085688,3.0885793264329933,19.306551608340822,-4.852431703219101,2.0322568535996535,-2.2574882566813868,-7.5825256381676605,-20.34189197249829
E2f2(+),-0.28115902631672846,-4.515890387451075,42.27283188953234,13.420182994917594,1.9240069926665273,-4.0241542610969265,-0.07562354197665633,-0.9278354984980012,-5.287675154741213,-12.731599368937577
E2f3(+),7.181813661341808,-1.144801689218966,32.901236630583504,9.93459491279864,11.846996379161729,2.1065033169134555,0.5125497599338256,-1.1141093175362151,-14.535911642663372,-33.8772573957174
E2f4(+),1.3421056502717945,-5.3970601813495565,-1.0232076506258827,-1.7374823306460938,2.2640017529481615,-2.558774532120545,-2.584931421420561,-0.22890704640223167,9.06570226614402,-0.14267317465063317
E2f6(+),-0.0057807881564943975,-3.7382610828282923,-0.36425757182156826,-1.2006766477825985,7.514323527775967,4.886473343136873,-1.3802980911837692,-0.2691508191299976,-3.1026632389683892,-7.342137538012503
E2f7(+),-2.6011872574168886,-5.331577779461465,81.34147339611208,24.817727150100826,-3.064300112799032,-7.40246596632293,-1.3691161776636454,-1.4133830577351305,-5.384404862408874,-10.97123349432518
E2f8(+),-6.163589226417497,-7.243301538646457,66.93614276015317,28.43117943571834,-2.991576674880172,0.4057978618429088,-1.6163505090516137,-0.6616961722895385,-6.6228708144846715,-12.892447177646718
Ebf1(+),3.888737602429264,32.61655982359462,0.1561200810275751,3.2286473788094487,-9.785393069885808,-6.665653628484319,0.7902574888455032,1.056613829915048,-5.799410440562513,-9.203681031946571
Ebf3(+),-1.4446737177024722,-1.1154504372060206,-0.8116570701329322,-0.10096385992879432,3.200569211823961,2.1522308851890917,1.0182225212467335,-0.39402049554797935,-0.6701019760615176,-2.9821839527399443
Egr2(+),21.288646202300264,23.986135797767467,1.5087393678203227,3.47506447869595,-10.098977177292314,-5.223103859305254,-2.4301161282797916,-1.1891981428017073,-8.857251853175027,-17.19828052913168
Elf1(+),-20.875555298092156,-22.174535720115035,-2.6243009771408072,-1.984762688798986,-8.724192641495081,-13.309147292096725,-0.38581702318804845,-1.427952498606932,27.214235465026977,69.10917132893998
Elf2(+),-6.0353420160584355,-7.888376623415729,-2.104207697500674,-1.2148322232687516,0.2182171937414085,-0.6737230965718027,-0.6226052053586286,-0.32656652261663327,0.6785915951663881,14.842158587815094
Elf3(+),-2.716197589359216,-2.626106547085653,-2.9721515415118414,-2.1138333768605198,2.7548636526168493,10.303547596319726,-0.4920914492201778,-1.389858769786922,-3.4882163235207386,-4.667740735717847
Elf4(+),8.70545569602691,5.154168706733077,27.934803059893568,13.367896795615742,-5.685138552458249,-9.415181491204006,17.67854395134927,14.04925883255776,-8.19438269213251,-17.708899024352007
Elk1(+),1.8245538697486008,-0.3594610953697901,5.093726991204739,1.569865449882656,4.720484831661696,3.7934032530388757,0.5246670692336675,-0.8851055332396054,-4.4529409878958734,-11.226489609693584
Elk3(+),14.106767124713464,7.421937582354275,3.6999217996761673,1.5468138051802458,2.4926768984133028,-6.884753949926086,1.842155202529646,0.3308615069935899,-6.111695645590396,-13.644924571335544
Elk4(+),8.128991595681962,4.0244555565804125,-3.026198693527542,-1.070382185240983,6.041126107831859,8.769031576711996,-1.9815486446983737,-1.286727744428345,-8.158349713080526,-20.09847528722099
Emx2(+),33.31952798478112,17.10039844865306,2.8415609627683183,3.531971479716752,-11.600717837419102,-14.51307112285704,-3.3722850065129992,-0.8629982094637082,-5.140167827045624,-11.273223089305482
En1(+),0.7218711082257983,10.880073634780006,-4.4844692376595034,0.7384273879524427,-1.5519470588144157,8.921910071882479,-2.7198704834918526,0.9189418888454748,-7.051233124731435,-11.157669563514755
En2(+),1.9626801405783487,5.741681260406622,11.895635065917826,5.4425537060041265,5.231954068474404,2.578209958312161,-2.3051551044559737,-0.7504831249637262,-9.04338441509482,-17.177115848113598
Eomes(+),-1.1003509652047816,-3.030377763954392,1.2110834879855275,0.16295202127600975,2.1283748941274516,7.003770488550746,4.249527524193688,8.960995348985385,-3.6056019391223173,-8.538586763605913
Ep300(+),-15.960919201492809,-13.599909144815552,-7.031970403624934,-3.190502633610745,13.739708731786651,13.698088149369049,0.23886667456802324,-0.6219100864558088,-5.301362904173662,4.520680256093351
Erf(+),15.203824014809301,-0.2555202758347155,9.675151445017146,3.8330546121390867,1.2489242024185283,-1.1268635916647936,-0.17260546288602882,-1.6791336876917209,-6.968352815613596,-15.045443690688383
Erg(+),16.107757505820217,9.96564221909365,2.008506631779441,-1.1830107820875548,0.15652623590799675,-2.8212786885832544,-0.14826269990763732,-0.8799371935381636,-7.382405529215012,-16.23504190516892
Esrra(+),-1.319266144406191,-2.610173131494125,-1.180995967312834,-0.0707032635663937,2.296529248444591,10.020355796580033,-1.7214262390395672,1.0819147024223108,-3.388342349638278,-7.029191196411429
Ets1(+),8.548005386546901,4.968397159512443,18.568304558358772,11.079945298167114,-7.702073131718995,-6.923109253988154,23.63491387111985,20.00888681628487,-8.132518447544118,-16.040500877143387
Ets2(+),-4.239195350927476,-4.987197743982175,-1.332385939183276,-1.8258812000855313,15.667737060541269,12.191668964086821,-0.8578808873342217,-2.228436377825948,-6.644205912676966,-16.060193503032313
Etv1(+),4.008973585104665,14.453704085944825,-4.494838256063675,-1.3297420237002684,-6.172429353242518,1.045896127641892,-3.0236186857564027,-0.6424265370246743,-4.490056762504301,-3.7106641802379348
Etv3(+),4.723187864371175,0.28690221004530625,0.9051734670402394,-0.49873463522720735,1.3208397792078375,1.4534214202650642,-1.1283718694425047,-0.5317234028154879,-1.4415505144723584,-6.621400368910822
Etv4(+),5.755359920227133,-0.5013180281893547,0.2730858550239567,-0.15483660226161958,1.9300465200936063,2.297290354753514,0.5579738548568945,-1.3744961665180726,-3.0637167093755844,-7.503593319145843
Etv5(+),63.48787713723534,14.60161326879378,-2.1876715909243525,-1.071490912865738,-11.542100465176263,-16.284256608278376,-2.264963022546116,-2.2017199243209378,-8.588934457159683,-15.731352478493147
Fli1(+),9.970036424464402,6.2993809936964995,18.28190239329201,12.08960006912531,-7.935816283557002,-8.087355955870013,21.49284374777433,18.599682221961967,-8.075173943707027,-16.225219352509058
Fos(+),5.785818963567278,0.12184138160228546,-0.7356889432628669,-1.2114765185240286,5.9143490140356505,2.7491300737475584,-0.9206224598112961,-1.0589422545968759,-6.383976566997884,-9.548888213028
Fosb(+),-3.0957162124476714,-4.316643012386067,-2.431762759804169,-1.8419857717084227,-5.160686599398151,-7.866910418766272,-2.33176928897587,-2.1648465441063043,24.71125997029441,8.872052033951858
Fosl1(+),16.85756132195798,14.96034731664216,-2.782031007869432,-0.031104602638336264,-7.368163715180737,-7.690292581131007,-2.007447215439912,-1.7749791854315276,-4.184687946369256,-5.872312692541963
Fosl2(+),-1.7043153242523155,3.470218868288324,-0.6357998465584989,-0.28439082143231376,2.9446012762660496,2.081416839248934,1.5083199705350427,-0.44465053840083496,-2.04813776895087,-5.7845698485313655
Foxa1(+),-11.702731036237466,-8.872912997147381,-6.532055791580152,-3.562181789283421,-7.329868193002135,0.2085126706143259,-5.217489416878722,-3.4666739388965064,9.362444662380485,30.130599518940777
Foxa2(+),1.608610495226538,-2.4491290444728016,-0.2760318269773287,-0.4320348621114874,5.250174774473156,0.7726793047535281,0.6460826505250937,-0.6502742539838566,-1.3037345972661203,-4.878947613780786
Foxa3(+),11.14551110734783,2.969568886040155,4.5719380999088735,0.7801553334806044,-1.8938323040390563,-0.3765314777749369,-0.3014360706909793,-1.413893679644567,-4.979186255786836,-9.237591777564349
Foxd2(+),4.444498516394028,-1.0421206974340498,1.3419292872656121,-0.34368328624027406,-0.7684098580212834,-0.6699522953722581,-0.398687314496312,-0.3003837720564567,-0.8145424491864972,-1.4020756521035014
Foxi1(+),0.5200767259487522,0.8812398688157206,-0.7714230641085303,-0.9023934183991983,1.3865067364867725,1.6677425954522036,-0.7644751464884917,0.19690505111195353,-0.9820324144608077,-3.1630736844949334
Foxj2(+),-1.4745349758077624,1.1991834527840328,2.7851278833249813,0.6572751099778648,4.70221765135424,2.9425903672317606,-0.8410173074576928,0.20620266621678598,-2.727173659589377,-7.972702444466121
Foxm1(+),-3.879925576901921,-5.454373216463334,74.50611708771912,28.668180934767392,-4.177264113445284,-7.326327333746093,-1.9385099871798888,-1.3106486400914403,-4.1534691962808745,-9.050372840100785
Foxn1(+),0.37342345004082783,-1.1850031675300303,0.7235061369508821,-0.652741386242966,3.1942344802987392,0.5567846840665382,-0.7572176720536758,-0.570499658029082,-1.5901417774820836,-2.186246770891456
Foxo1(+),10.317908627195902,9.373507324600384,0.5227941190142299,1.5442362911901013,12.666400438760125,14.314175436366972,4.637028955028787,4.3724085586358825,-20.992906594311652,-45.72339212426171
Foxo3(+),4.609904846527973,1.3042981433489418,-0.8226358262510648,-1.5211129128845948,5.065728850525453,1.4626277923945157,1.4653792397653025,0.11421883637008337,-5.4296275888020125,-8.71834592873114
Foxo4(+),-1.8526244326010413,-0.6902009553284754,-0.9652860037446804,-0.5246570596436405,-1.8674394343441176,-2.3934779853932824,-0.608628628612637,-0.45855520594141613,11.858842818486425,0.16553607371302287
Foxp1(+),2.0797759429780114,8.298765740061889,-2.917735050740798,2.694050666740948,-16.482420629372722,-7.527548851733338,5.589663183270341,5.782595427099159,0.06068231076447901,14.781144745491307
Gabpa(+),11.107481842916268,5.204855155543364,-0.6507984623142494,-0.21648918360044297,2.3729094008651748,-2.759980950728863,-0.5941787812392364,-2.7835756042228534,-5.109759698262513,-9.583521896232627
Gabpb1(+),4.232414090951218,5.936171621432242,1.5921432889186329,5.898795089026495,0.9246756014578733,0.3264660793515897,0.9750857709808005,4.946987702220026,-6.244972237391295,-10.668776755809638
Gata1(+),-2.1512880658494944,-1.7139579511888516,-2.567295392143096,-1.2092921565818824,4.4400013521674815,9.309183206295327,-1.4896681843835347,0.1978827655693785,-4.454318674882162,-6.69977608795918
Gata2(+),-3.156558947957336,-3.775873012613618,-4.021926153184016,-0.9770308124949196,2.667222737502207,23.686675179776273,-2.0859771099002113,2.0215483882056353,-6.958391700616327,-14.986315169360902
Gata3(+),-20.04480767314347,-17.7125856725638,-6.350501428968799,-3.5700686280230474,-12.249731573404647,-11.494648917171228,-2.5128647992889857,-2.353408207638018,21.60476570362258,84.94268145860102
Gata4(+),-2.4157440895100613,-2.3981438729248525,-1.3448014342647225,-0.62890895014794,-2.4498333374375685,11.565901965064274,0.12007274226749327,0.26436065169076034,-1.9457104167280979,-3.7237605558599487
Gata6(+),0.41434831495444285,2.256232191933079,-1.365915141729578,-1.8990717066887317,0.8175000976332608,5.517261181961968,-0.8947708404357053,-1.168581764229516,-3.179332105594673,-5.552874363688691
Gatad1(+),-8.699568192955292,-17.034413950492148,2.86789634922922,-3.3178950433541057,21.81939433361073,0.775699076238188,-0.13173906766726987,-1.663503114125817,6.130440984518557,-5.401553333048187
Gbx1(+),-0.32605669090416756,-2.22250835798607,-2.266573108742228,-0.878775515836029,0.15484952510646768,-1.976335741418338,-1.1553009121016158,-1.4238116564678973,14.585090114016735,-3.099594728126161
Gcm1(+),-0.37519403214303354,-0.19335080787213535,-0.2538685057100449,-1.028323013374134,3.8683710973566963,-1.1960690797966744,-0.4573671167536844,-0.42682062661365777,1.8683877838831648,-2.9974272373421895
Gfi1(+),6.472142710768859,3.3482057968667287,0.47589396312399074,-0.7864226804286396,0.5804019605953533,0.5954358916415193,0.3768940937901726,2.108487612344685,-3.7181069294216065,-8.51376922324164
Gli2(+),8.432714487861185,2.4111795576450104,0.9602094155760067,0.9267848846821435,-3.594963964434071,1.3078246650695713,-1.0704286722077785,1.5893528645582506,-3.217018723728506,-6.053664447957599
Glis2(+),-3.121351770468174,-2.172158291264484,-1.030110948287804,-1.0431554236737215,6.322045340463283,3.5267056449637075,0.29347942176981506,-0.3430641674460045,-1.6636947735101677,-4.198958621615116
Gm21411(+),-6.932102832251808,-6.60291913461768,-3.329897774759463,-2.16843172705108,-8.331528305584188,-8.204084327360494,-2.2353698259497747,-1.9551355714976772,52.550300395309634,6.672881483788958
Gtf2f1(+),0.010520646592861269,-3.057988859492387,-2.9903674308381265,-0.7041067844101275,-0.49102634329479905,-3.47269172024522,-1.3955402281248672,-1.780357698149557,20.49774557650423,-3.3503648353804203
Gtf2ird1(+),3.6483952259892134,15.041174308848074,1.555794611436128,4.42968614140609,-2.7824377292865647,-6.332750657754698,-1.6503210534069213,-2.036481097421215,-3.378354745570327,-5.073846838168374
Hbp1(+),3.623600156833726,0.1038564754425208,3.6291386040298423,-0.328636828909058,1.466843049160301,-1.6392028806289685,-0.5997907695958179,-1.1809509315940825,-0.3705337734926036,-4.341511467284023
Hdac2(+),6.4196047608331686,4.713332675934219,-4.104554651379473,-1.658492246640839,1.2112201288651678,-5.38698157904533,-2.739196299567504,-1.7678676444524004,12.741218390429722,-9.94411990781209
Hey2(+),-4.282891280834677,-4.8000298449248575,-1.7378616595546637,0.42336914972328377,6.110310087884109,12.301951272131717,0.22408728654243254,0.7357514074846563,-4.692914658755105,-8.586814189132953
Hic1(+),-0.09104840318959376,-2.64148602954465,-2.2057498643879456,0.10557806813343179,6.2140290851043325,5.476394414377775,1.5149770737854065,-0.07427133127339293,-4.308963493391082,-7.052727766410851
Hif1a(+),-5.686506083215912,-7.032413086219844,-4.005493973859432,-2.4563928634209296,-13.180942709695573,-15.278977695646212,-4.134672336592638,-3.0331114740953486,24.856153723822366,36.95488559774201
Hltf(+),8.233898073392991,5.869014084664288,6.117716568925729,3.8628400906171443,1.45803930145858,3.35898939564629,5.742479127364625,4.689709934709025,-10.100944141423438,-19.856139360220503
Hlx(+),-3.3832209907194244,-1.1886370833422197,0.17108081130812422,-0.411295839680182,2.6267792631868505,5.425679680659577,-1.581737617944324,-0.5455846729743312,-2.194501691456847,-2.704932750374427
Hmbox1(+),2.768826429638378,3.8269734524644248,-1.44741746651566,-0.8830284853494614,1.9968646068451614,1.9009253539417088,0.3557062328293924,-1.1839384869998393,-4.202339568844726,-6.324938750857175
Hmga1b(+),-3.116441375154459,0.6273220161664008,-0.18254537727254552,0.2998357533943376,-1.790342671308884,4.796275493297582,-0.7834235781180615,-0.8161466419565805,3.4082759614174667,-2.999061440626372
Hmga2(+),2.3736320207011525,-1.0106748700797463,0.6739024576550015,-1.6052467729487692,13.096627773190994,2.1258390428264935,-2.4128375866451175,-2.1959345778568213,-6.1193028576854465,-12.60058966544244
Hnf1a(+),20.051208631211267,13.545390050154966,-3.6943492289685658,-0.6262371408907936,-6.189977531471872,-4.156088858526286,-2.181989917783914,-1.3015340184296822,-5.357050541052615,-11.310781687231467
Hnf1b(+),-0.2795557170347217,3.601655309336011,-2.16837462666869,-1.9575208703523794,1.8868522914436334,1.928955619738512,-1.6285769242044559,-1.8594323891205462,-2.417882323618214,-2.8720438986980605
Hnf4a(+),-1.1282169805598286,-1.1011849913914422,0.05713612286336236,-0.6987468917737245,3.078691946614105,2.174132097328046,-1.0517781224322478,-0.23537297796666518,-2.2691676478160607,-1.734717842827922
Hnf4g(+),10.736548727972286,4.6571465735772275,-2.074725644382824,-0.9911539164375974,-2.0412803262727603,-4.034118739155228,-1.0811700556845896,-1.0222358232084698,-0.9033900875392736,-4.459551933197617
Hoxa1(+),9.853786419072156,1.5729134252369008,1.7697924437755295,0.4835839771500548,-5.605077461987265,2.779595816945894,-1.4704870767290958,1.1036831248625263,-2.9861749636790105,-6.243248621497356
Hoxa10(+),-0.12034503726189633,11.185970978911644,-0.9957009905529572,0.8597135839228699,-2.7568471472882945,1.5100614229902518,-0.04360975086823719,1.2190753364949691,-4.088403026071148,-5.7205750202031975
Hoxa2(+),-0.007563282464575114,-1.1910388379262187,1.8509826173693211,0.639243629116727,1.4912693331164026,1.3530978418285222,0.5270105222509525,0.01562149764996339,-1.1857193467133451,-2.687712381795267
Hoxa4(+),1.5124461003939316,-3.0352068742363647,3.1218001082815245,0.24541291685548625,14.98749343429093,-1.3462839162152362,0.09789076147515025,-2.0252391815855137,-4.628972276675181,-11.703216944277957
Hoxa5(+),-0.5146844344231358,-3.039417528634942,9.847514791015188,7.1095942831701695,-1.6160727866997535,-3.9932363500345915,1.9329029400584055,1.7927315352606357,5.2117952624114325,-2.4573222557208365
Hoxa6(+),4.091307401223076,13.980091426207288,-1.1416981496625231,2.9042800943227802,-2.803197832021049,-2.056684309519577,-1.6457491188140656,0.011522276328805462,-4.502288789024049,-7.280955300567973
Hoxa7(+),-0.4628046836679941,2.735887304543368,0.8679501729951209,-0.886581550022038,2.0658039001610615,5.2214386265716906,-1.2937277440967816,-0.8566126857142314,-2.3522567658870703,-8.300359018501055
Hoxa9(+),-0.0022128902079169006,4.53991995701624,-0.5699889675313122,3.6221818223854387,-0.3094033675472638,4.501108858888934,-0.5029190909573283,1.51358596338617,-4.424028263861283,-6.826669713165049
Hoxb2(+),-1.9915101193440319,-0.6775377133918595,-2.6196775587050105,-1.1305027032685149,0.1759834304960322,-1.335892342783818,-1.2996693977402187,-1.5630069749858018,15.116168723565591,-3.6986106496584963
Hoxb3(+),1.4634586957757318,-1.4082051536433686,1.096691115561393,1.2524248542049252,3.2780533162655723,-0.010983158885301362,-1.3075468023176477,-1.0833150679089112,-2.3549431825034297,-2.3557869956357944
Hoxb4(+),-8.370167634979246,-3.9162866884110223,1.5837800382159064,-0.06597721213372723,1.5775648276116825,24.407216425089544,-0.3234211714608438,1.947760062734311,-6.416418633336561,-13.743718010009761
Hoxb5(+),-2.6007940458165315,-2.989770271474981,2.97593202917423,-0.847702038118818,7.353759832424267,3.7121057698448876,-0.6989653761913043,-0.961559093241959,-3.3609402536189212,-5.897803553659393
Hoxb7(+),-6.530731263409246,-8.368141219181265,9.684651804962039,4.109303044838874,14.75691261501666,5.0422371857783626,1.7407541553543795,-0.36675090003562083,-6.754606771321807,-10.717837788179672
Hoxb9(+),-0.013736709021770687,2.6345328191975566,0.31407633235683163,-0.5838068876801867,-0.6303431705190468,1.3430884480911824,-0.677247264703024,-0.5102517577324529,-1.4648327630612614,-1.839572053419043
Hoxc4(+),-0.5757882131754791,-2.3746681681132187,2.650227020635086,-0.07976435532578206,6.305864935077041,4.088911059806799,1.221282240781288,0.13283787519935247,-3.3192434440112244,-8.640326834644881
Hoxc6(+),7.841413915221725,1.3529010835183135,-2.0908732784006094,-0.8614680692219194,0.7572442667774331,1.0132617101801502,-0.7534590920332709,-1.7485139933116127,-1.8871512021389643,-7.069137684742622
Hoxc8(+),1.7001136061727629,-1.8399986262322723,-3.688372022594982,-1.4309271842137679,0.4677981434272358,-3.206977114889364,-2.300259946386262,-1.5173634022762463,1.3228262598308755,5.918887576301228
Hoxd10(+),4.9383999593748875,0.09773494977245727,-0.2893688983221604,1.235492943089815,-0.5870297035781539,1.4544185153255782,-0.3592488940248273,-0.23767867543290475,-1.5001946024821788,-4.641193034780574
Hoxd3(+),4.352466881824578,1.5613422182617653,1.2282282499716048,-0.5043142594619889,4.445874929692877,3.259863870458524,-0.2554512738075934,-1.0590559810024192,-5.171669620915695,-10.864655354405276
Hoxd4(+),-0.363786868318843,-1.513104945020176,5.6272865346890475,0.3124377466443153,1.9351977906469868,1.1288828881776396,1.87518680876101,-0.06977140715216178,-2.4556725231077823,-3.831867238648205
Hoxd8(+),9.54212989149122,11.240064724437893,-1.6617404477879374,0.747582623957918,-1.3659550408827317,-5.21445197604746,-2.1815272390928104,-1.5331635356641995,-2.147691703577301,-8.047055715893585
Hsf1(+),32.37775671021429,3.17307632621367,2.9530676459375482,-1.0753643542305629,-0.6560953727453545,-8.107532106541662,-0.10401769407768947,-2.1211354832001885,-8.267240190875846,-15.187671457304637
Ikzf1(+),7.796829882201757,5.446669323990318,18.504212975231237,12.456978844712896,-6.050791743329093,-5.847979925600163,22.23848339443606,19.90979087929906,-9.211817159702548,-18.238554184377385
Ikzf2(+),8.407299730502643,10.349356755234197,23.09948259626125,10.480628369055005,-2.5832021681715087,-5.928165795985464,15.181483419771892,9.546297935959107,-10.771680455361574,-23.711109534395515
Ikzf3(+),7.048800139177359,3.30246401325046,18.073553831142362,12.863412607314764,-8.13108045394404,-8.560917323915927,21.799956102281463,19.045520408441927,-5.619761578239697,-11.827738399000086
Ikzf5(+),1.5903185672788285,-0.997800213869458,-2.348926175742937,-1.4295493635291254,3.398826333611288,1.3883516821205393,-2.026562299950398,-1.4015142767425801,0.5233548613425951,-3.5627167843908483
Ilf2(+),1.8212082577520046,-0.18948743604136692,1.594935842021876,0.1996713474307838,3.510787643263516,2.157143289538465,-1.0614768555922782,-1.919815744981464,-4.881755189722063,-4.6437461644685145
Ing4(+),-0.5828163607419862,-1.2848549139517615,-1.8227036251169724,-1.8450196922449444,8.267489221783654,8.442775383965108,-2.537231924377868,-0.8975601272972362,-5.339316848401292,-10.88407853966146
Irf1(+),1.9205938725236875,4.634363214231755,2.4790512457506186,3.0501475948595167,4.908459414799436,4.163145614377356,5.014174208971911,5.44096651451004,-7.609758074672825,-16.77746118216446
Irf2(+),12.958499720522404,5.69561044104049,16.965752187753786,8.907945790171004,0.8683542863903106,-6.959616265207185,17.039561159920474,11.910368637116537,-11.843200030175614,-23.342095808713367
Irf4(+),7.474612824576414,5.907050452704908,0.184015755862131,2.0484492277015276,1.0115813964204428,-1.4792737695954952,-1.970945111514022,-1.5069462005827297,-2.4263016824070034,-9.70544498765606
Irf5(+),10.731099227616037,4.1040067705539265,1.674700031527609,1.5213869346040503,3.5313511181818367,1.1209483080513376,-0.12427191692162864,1.8860510222478297,-7.935854072687212,-15.505872671349202
Irf6(+),0.7244866054547808,9.865956254285363,-2.383533618303698,-0.026392818379334416,-3.16581676181714,-9.740628004749475,-3.9504356464627,-3.422483006265662,27.038465177139013,-8.58908268250651
Irf7(+),1.9662068010702232,-5.1267913444915605,1.3100494534704983,-0.14199719684486609,7.575708503265305,1.2978343129579077,0.8368218200579722,-1.3563100254210025,-7.879865615443176,-2.32399192954035
Irf8(+),0.9003071511424249,13.243564414404148,3.6752398587686406,7.186294530820495,2.612560825232497,7.235149060820678,2.6038939623989403,2.9309056289861393,-12.560506404289791,-22.085197942997052
Irx4(+),35.051614765824446,48.756613077787065,-4.376300978522661,-0.06882661630036002,-14.668997647421646,-17.236093468203084,-4.198646559659893,-3.1409125051450446,-10.138927368192082,-17.776974353260687
Jdp2(+),5.775618360855877,4.049226839389693,-0.5844661437146782,0.21021889624190562,0.024719553479593946,-0.19849574211075624,-1.431284257252085,-0.922266386537426,-2.547557191262929,-6.074517045105239
Jun(+),0.6846575160916196,2.422565473078506,-1.7866052787091047,-0.7721586491204655,4.835814343461613,0.2463727484041318,-0.4590791095358929,-2.318841733257214,-1.6358266063778406,-5.4272911653963645
Junb(+),-9.211518906346544,-13.845720435461399,1.2149319002285328,-2.698148863966372,15.024406587509384,-1.8009567793390748,-1.7978188594406226,-1.811641957682226,8.258802390911908,1.9718513559528885
Jund(+),-9.120213983608382,-11.863623742685588,-2.6270770648322035,-3.6172291072632152,19.206655779522283,21.218408700258678,1.0018930912146256,0.40587794615873624,-7.25902447314261,-18.31533422569327
Klf13(+),33.77631379671224,20.331753672402456,2.357049070733978,2.289054435629222,-5.196320558934951,-8.381420408692533,2.858203129830259,1.1778282331604595,-12.893668566044195,-26.39068003533746
Klf15(+),6.284103218917065,4.28481043492349,-3.242849690813761,0.4171211204183282,-0.3666289062788741,-2.1882277082151105,-0.8135017490902801,-0.09417585079785332,-1.7593011150711668,-3.587634467556193
Klf2(+),7.281817580150538,3.015284791117706,5.794620915267324,2.1680084937289466,-2.835808084422507,-5.389027156792437,6.872862924120768,4.925564649797767,-2.230943917910719,-5.927771101705125
Klf4(+),-1.3912208029821755,-6.971797522995312,0.7227402887302385,-2.1208308874969757,11.322651731192042,4.574291919037435,-2.3494596466365136,-0.5142902158302318,-1.4414946657482246,-8.01968117301793
Klf9(+),0.28467095411823856,1.9943202252842287,-0.1083683291204486,0.7123949254710464,3.235774085813862,11.855799013693904,0.5112596002723339,3.6571601050923057,-7.4269279310146565,-15.582018631804647
Kmt2b(+),0.7387307584417011,0.7107271641764105,1.8941872871167837,2.208495037813257,2.645734489713535,2.599129316352561,0.8190684104256408,0.9183863320047603,-3.1065300515616485,-7.329723860422022
Lbx2(+),-1.0192757397991243,-0.34784741158234833,3.0761184996767383,3.642309989445887,1.9362641453491318,0.14964418038935742,0.5554954754621789,0.7121328152535584,-1.5520652783528648,-3.109338026692444
Lef1(+),6.122316564256847,1.7036374301726238,17.005245611370228,9.803113098997837,-6.862965024007496,-6.812047171669522,25.226055795181995,21.75139856223434,-6.236621986351594,-12.680252641217102
Lhx4(+),0.20758289669621746,-0.46594978873810905,0.8863914857950761,-0.4891621485767987,0.10038860720398364,0.23373625025576458,-0.5674518900982295,-0.42753275863481527,-1.2272794385186476,0.6431822601132011
Lhx8(+),0.1569058193870191,17.81660391396849,-1.6196756175405844,-0.05158666592139517,-5.1819949779974275,-2.582572432383157,-1.2716118143744495,1.2239918381767425,-2.621190136729943,-4.15354596340191
Lmx1a(+),0.6301713578966215,1.3970415089586676,0.9032231359480521,-0.2916032141875181,0.9872238426166604,0.9313245337728822,-0.872037596240579,-0.9929339244809645,-0.4579443545606738,-3.561743176640997
Ltf(+),-13.091996083249116,-10.78264309149375,-2.7348753022122283,-3.5290030224433666,20.658032337174827,29.341150799761834,0.5216784901812511,1.5538336351665936,-12.156670187924536,-21.94606820040601
Lyl1(+),1.1855938345018961,0.8318710070014566,-0.09964830695107645,-1.2110061064167381,0.836026233042842,1.4513021459663578,0.0970785423172964,-0.11917339296191538,-1.9187037775741262,-2.7185342555115426
Maf(+),9.373039696559067,3.6274062325860053,6.910218328772838,5.436540717403501,0.39573289160450553,-0.3603478493703491,3.4933202266224006,0.4860798306810245,-5.791186034509414,-14.908709086959082
Mafa(+),19.60477002422022,23.93404062529376,-3.568041982569099,-0.16273884381749207,-8.958472705191591,-8.383698844597669,-0.284073991180396,-1.493425273684793,-6.632793674756507,-11.397793627423809
Mafb(+),-1.104098376262237,-0.6331796252221125,-0.047573383160054744,-0.9037000811852149,8.414038462037032,1.7300413772206253,-0.3018474296580944,-1.6917344822544285,-4.284548192746804,-5.9557908486458215
Maff(+),6.479539985431201,3.137489245666862,0.5363834728706005,0.7438202402606686,1.0676773298278048,1.926980165555689,-1.593483086201606,-0.561591382501126,-5.572685356106026,-8.268850927999667
Mafg(+),8.497054053488634,2.0413350110994624,-2.205377686521547,-1.3780530096095107,3.0106540735668386,1.2693920428170478,-1.59295286618071,-1.679195947881459,-4.439112530522662,-8.907694841074886
Mafk(+),1.0450032730844026,1.1101454812554794,-0.7055473449913727,-1.462473065163545,0.8031240830018906,-7.163792545960276,0.28944612474594494,0.5795493908287757,11.839146020907013,-2.1379722851026215
Max(+),0.4106193371715707,1.2735188097411212,4.590619989409243,5.90825341921525,3.307507251375814,3.35666222992782,-1.5870409339228464,0.6066415190138115,-4.963450439456308,-9.573886739059995
Mbd1(+),-6.825343647463214,-6.734294828959971,-2.2860550672143756,-1.7076624281269608,4.643594459840922,8.228309707327249,-3.8860404328749687,-2.2966014155108287,0.9835158643772388,0.796758306169097
Mef2c(+),45.59096525261997,52.69355970984776,-5.001772834276725,0.5309464054446535,-16.711126374454086,-18.44075700573611,-3.6769663120615377,-2.6481682024730837,-12.233653480155002,-21.30850473261812
Meis3(+),-1.1197065203664411,0.37144863010353457,-0.7645853430178269,-0.9707154217547721,1.213391153396014,1.0755905861590183,0.7237583375281237,-1.492437970061015,0.7410873490791255,-1.5501626416154854
Meox1(+),22.653523482404616,12.442574451400906,-1.8105983931992313,-1.275223904813535,-4.179379582160582,-4.64165648822729,-1.2176719870674428,-0.48833444258862757,-7.332125630159195,-14.299833538892713
Mitf(+),2.2432366610824643,7.197472728573929,-0.8285763392184489,3.0867964036595743,-1.7855460491249595,2.7451783600586905,-0.8719288848718632,0.4765515043960672,-4.056685383203745,-7.20741709845952
Mlx(+),-2.78553258243774,-4.117618363563626,3.4556676487408238,1.8310529384072387,0.8143474429677195,10.375242135917626,1.9029721093779086,4.224059292324266,-3.851457181116407,-7.849094573555081
Msc(+),-2.4498111054507135,-2.4204434354335267,0.9205453195899113,-0.6132468580319819,1.2224440483356516,2.3730066015940787,-0.8658935535424862,-0.7419033259968711,-0.8679317091199487,1.1224085786399545
Msx1(+),-8.075707958561278,-10.17063488010907,-5.149352458659407,-1.9166826496187972,-6.719466150449198,-8.794623628059759,-1.9788795968012312,-1.5149057967915756,45.48126235063335,13.123043800829437
Msx2(+),-0.6776810867870743,0.30902890983487774,-2.4354772349977427,-0.7874280040424291,2.213042625868275,0.2600354693104137,-0.5661664244047145,-1.3297210839452533,-2.1044882087633723,1.1088748979307952
Msx3(+),-0.11171472129199421,-2.099276579516023,1.695141013713714,-0.5072212471743939,2.332952522281323,-0.4713815294456763,1.307637529465842,0.21755931803313935,0.9042534054596544,-1.951372626427
Mtf1(+),11.219158315589901,2.886892896247898,-2.9730669382286843,-0.03492215998879521,-6.31355397933687,20.66933626497304,-2.089777121898821,1.1716541938698724,-11.298816826682172,-19.422366434272536
Mtf2(+),-11.82985795129608,-11.07570014944269,-3.811096974986035,-2.6339293763410625,-15.52663897749922,-20.0844730401714,-1.818088882548203,-2.240708602771777,28.16542609122963,64.69719248628104
Mxd1(+),0.9107508150540873,0.2662617314442184,5.350637135627564,-0.18592942964391265,0.04830235384186985,-0.9171844082478208,1.662577324766913,-0.6079499224363134,0.836863755481656,-3.930970872074161
Mxd4(+),-0.4761178607306737,-0.21158429999352268,-1.8691957534940198,-2.111249814502768,8.926884105331796,10.497964588359103,-0.6943604151001964,-0.4446015259319649,-7.674461732447196,-14.167604778749652
Mxi1(+),1.3782495660944922,1.3186732708364846,-2.3868807195991057,-0.42565428241401715,0.6251047101582434,-0.9972298316308488,-1.3497214692718889,-0.6822176686852258,8.476492125202716,-5.734762802730357
Myb(+),3.1707877686608894,-2.2622601329008782,-0.39076844259996596,-1.450023341431849,4.167294782300771,0.6208248277208327,-4.236452246070414,-1.6788228248172778,0.26333987300056,-3.9385380413968525
Mybl1(+),3.1096659739453947,-1.0315483167901751,12.321114025276056,6.498063156630237,4.793973752036719,-2.8257962040811826,-0.2850987212219306,-0.5631289449947957,-4.017476065154395,-9.653178844912402
Mybl2(+),-1.8470088505040863,-4.911893323115755,47.72923282594234,11.899886715035043,1.8921375933196347,-5.708659583525088,-0.18141662654662022,-0.6745578966773013,-5.029598379216881,-10.313240939664901
Myc(+),3.874411555751805,-2.8675584058702044,0.9144838878393212,-1.4125707040146736,10.673805338278594,6.1580899914696925,-1.2586127459314624,-1.4684234574211126,-7.535718281169478,-14.211083429952247
Mynn(+),3.085812136110554,-1.8024869933398056,-1.43050523939161,-0.0626372301361666,4.796283101728146,0.18369541731880965,-1.7889482187834078,-1.558417669002542,-0.4267118432687378,-4.681346517391248
Mzf1(+),-1.9239767520142337,-3.0896022333880824,17.15685055759315,9.832987171644842,3.656841071215321,0.1216222648875261,-1.1127073634745948,-1.9349659245906552,-2.66767847598181,-8.916576293712374
Nanog(+),2.9986861815863404,1.5900570673094807,-0.9174891851510405,0.03803455472035829,-1.3263754111227668,0.9097518399839593,-0.9023576033811136,-0.7149197953138992,-1.5241717059177025,-1.7461790748206727
Ncoa1(+),5.177462174302247,7.812864016732865,-1.5030653717940865,1.4444363021518802,0.6824576074134208,10.198948232702634,-2.412424610298779,1.227471156678642,-11.24999093521145,-16.00223132425274
Nfat5(+),-0.8347433836743013,9.92384303955775,-4.407095591799279,-1.6607446302408835,-1.5120973971388165,3.6575384848542813,-1.3609727692594986,0.8120705874799096,-7.457625863672487,-2.3669417902875156
Nfatc1(+),12.678537270465918,6.906377540979758,13.031925907397744,8.366492470341697,-4.49836162162879,-6.206172532327735,7.9770781343471455,7.026489056312777,-6.5044392231685375,-15.433602323195888
Nfatc2(+),12.978725798358633,13.441269210774374,13.865718702875965,8.50245433917907,-6.177320043471145,-6.650951659971918,14.907902302235724,11.463122797162347,-10.4507157546903,-20.72657398684225
Nfatc3(+),-3.7643856508276436,-4.784019077948804,-2.1517633569986097,-0.87146318493241,-0.5379391180146298,-2.47017628443451,0.6740262253660901,-0.12516982856778922,1.5379509079485718,11.549741240512764
Nfatc4(+),3.7074759070473893,10.425657297065872,-2.0146259133817304,-0.5399206973440135,-4.4838368635848616,3.9528837872310056,-0.3079090948553089,-0.7787701071158679,-3.7217383591963538,-8.189616087200733
Nfe2(+),1.2100118365075994,-2.349705503023782,-1.1710496386111744,-1.5832787985498145,3.354040892706877,-2.150601456572211,-1.5127705079391047,-2.4207222068426875,20.530540089731076,-11.609096515885025
Nfe2l1(+),-2.6507658368244678,-3.867050990991607,-1.2063745383517683,-0.17834590729903943,5.782668351334167,5.300267336870323,-0.7556809222295615,-1.7258695090235725,-0.5003733847643177,-4.773920240989914
Nfe2l2(+),15.38830444776884,5.7548080818698315,-0.8125596295561329,-0.5308214517421581,-1.6468974366229803,-4.7605293289792465,-0.7342228571113104,-0.9945890062300116,-5.040603134675077,-7.2592107226109075
Nfe2l3(+),4.000781707805561,0.13548631264492914,-0.9912798177904149,0.3775099418604583,4.80420819251133,2.668603035651496,-2.357318086116459,-2.17484217613379,-2.4503202634833254,-8.817589505783575
Nfia(+),-15.417041551323445,-9.97689542781412,-5.474624963977979,-1.1748853870513851,-13.815684996498197,-9.746667842620788,0.10835815441931554,0.4780897649711393,11.592430832622115,60.61832169648918
Nfib(+),-0.5836241723884806,3.7935403010436852,-3.0808461361311132,-2.1398736557934352,12.157219350576366,33.07421227368864,1.0820794219248764,2.717557421585395,-24.01602377412107,-38.55088859615149
Nfic(+),16.12329932447415,5.409764211774448,-0.7757819870510015,-2.8707506282672326,7.888258563526634,5.593871209766325,-1.380572828479074,-1.3960171687165879,-13.004696618076753,-25.352496453676178
Nfkb2(+),-0.8576420409411559,-0.17924254678186144,0.28476466261948413,-0.5882611228299566,3.9932281258575424,0.22776767848181495,-0.13178260958461763,-0.7914288709965397,-0.8114062027381385,-2.932912716527112
Nfya(+),2.9694332254399614,1.2457862561911133,2.3422265260033948,0.1636179740009023,0.6176145092541413,-1.371899190390441,0.2636885536733811,0.3317142487037331,-2.8969175865072136,-2.5094994540068285
Nfyb(+),-1.7828176000296894,-1.1022014064044057,2.041131801911167,-0.7802592393810616,2.5267323396947803,-1.1772587422386718,-2.839599240616575,-2.5896773212524016,2.2492313878168515,0.34508630350266634
Nfyc(+),-1.066555221133764,-0.05224176237835908,-0.939712211638549,-0.5337309003352165,2.625531932747828,-0.09020415921798845,-0.48780045963102786,-0.23207106507094696,1.4070815811772703,-1.8583775458701373
Nkx2-4(+),-2.5229382586883977,-1.4287650922204485,-0.7307807792796586,-1.7475587955972067,6.824447079565478,5.582191168933879,-0.44835370510090605,-1.5527939073600212,-3.0089785096443022,-6.813218811227004
Nkx6-2(+),-1.4436362255022945,-0.10305631697280462,-2.157523953735758,0.021400404939596187,1.204920211342772,5.541419078157523,-1.4439329918856585,1.031599343675811,-4.0306504142255095,-2.066283852412011
Nobox(+),-0.03342312580649282,1.1043794296853562,0.45936817266578983,-0.9819389270251816,2.190487341017616,1.7446827943281622,-1.139131420663445,-0.8582069933409259,-1.3207880571551527,-3.8649318901586445
Nr1d1(+),2.871013169081401,3.0768979632631916,-3.1858692414246335,-0.5963482110256748,3.016377154862613,9.57229382646928,-0.4454799091566867,-0.5219385807848371,-7.321987950006855,-12.636108198799146
Nr1h2(+),0.9300162608804773,0.3512498701287715,-1.2062151531018073,1.8091159685434863,2.030947576025897,2.217975422668524,-0.897127657284118,-0.32433050594936624,-1.2739080568460097,-4.582996060375429
Nr1h4(+),2.617911845681218,12.369341922202052,2.0526723278024614,1.0329739584008413,0.0003014250703964572,-0.09661789517537013,-1.8696018479772283,0.36830825780205834,-5.423390333406394,-10.603623012774907
Nr1i2(+),-2.238812286027324,0.8863192047032553,-2.129432648760086,-2.289632820095043,0.11953747188919928,10.318299755623288,-2.6798845879380355,1.9981280402187345,-2.707761508723243,-6.44855474679648
Nr1i3(+),8.854914843549484,0.026693185317951267,1.7550052951590172,-0.6794157071343431,2.1159093153065314,0.5881813444371572,-1.0136882107375784,0.4524035199049283,-2.09510419936333,-10.384502821351017
Nr2c2(+),2.8885000263421903,-4.220564905141877,5.957000458288083,2.6763106800239,12.543726107360365,6.406970804741995,1.3579830716107204,-0.7094437808846793,-4.483805354292013,-22.292300808567514
Nr2f1(+),3.9095843698865154,12.580990826882678,-3.1054730626515132,-0.8260503614705463,-3.2420669592820452,4.922319916652849,-1.2543589965172093,-0.2706078474978263,-4.845979857471892,-11.173040421775601
Nr2f2(+),6.083990300418869,-0.5471467687742634,-0.3998204268327787,-2.0502207975624356,13.082274223496277,6.363230542546364,-0.41706049123474487,-2.683774329218677,-8.691967079877475,-19.964508564737866
Nr2f6(+),-2.6621391542469635,-2.9961640692799834,-2.3261746382823083,-0.20712834215433076,2.2675815947546027,-0.6311259359003992,-1.6153305908126427,-1.2029301427053678,3.48448449628852,3.152603550298055
Nr3c1(+),4.411895303722607,8.033138976748216,1.3353000858048791,3.9776538812997693,2.820495928878854,6.472286146469693,2.2335689968769827,2.8156858011767816,-10.779047998606556,-18.521460724649607
Nr4a2(+),1.756478883323086,3.072270014678805,0.44311228194017716,-0.8380242585250259,2.540265174640566,-1.217805484717058,0.3336233665272517,-0.9650450080383959,-2.672712811192777,-3.877336745840181
Nrf1(+),5.700354670061708,-0.5502898469388872,8.619678337320057,1.7672628556484085,5.523486266924256,-0.6945719590447582,1.2976149634750267,0.36853166422258216,-6.784548358750438,-11.347567930761507
Onecut2(+),-0.5183978095195424,2.6246897268051703,0.26400296821856384,-0.7696033770857673,1.3177695075636862,-0.06969894066824861,-0.7210793737460017,-0.6726345085911073,-0.7949778674333431,-2.244827751467626
Otx1(+),1.126168623305102,-1.3384117655135326,-0.9633053048333817,-1.0452955575597473,4.411050559422342,2.7363010655526114,-1.4887237892293517,0.02659575700451801,-1.8871352848554332,-5.255345610177782
Ovol2(+),-3.4605532838572155,-3.0699427512862885,-0.7923350135328026,-0.9657613946724369,6.101206130216222,5.548753752653821,-0.19920558447471542,0.1627975832424923,-0.4817104595356385,-6.064273313530851
Pax1(+),0.7084807836297484,-0.2841155120475463,-0.7960715617246508,-0.40724648724068635,0.21414125331879638,0.5133325612767967,0.09112911383319106,-0.35593837209882906,-0.22040061728477298,-0.4575670808180065
Pax7(+),6.2417813400260655,3.105909978064558,1.389536226012868,0.06692154732746956,-0.2655617841718902,-3.1803122920377738,-1.0337124791806955,-0.9830095182102261,-2.2599238881581747,-3.2639559910418527
Pbx1(+),13.011601308613722,16.41247695265458,-2.912094079233526,-2.1762462076276092,11.106780060898696,18.94893423624076,0.8998901508502203,0.8759599556761213,-23.27715796746081,-56.29080249557398
Pbx3(+),2.293037641508507,10.964246898132783,44.212879451455315,19.802638015739955,-5.367737132045094,-8.036110482711381,-1.333680955309673,-0.8785636036433673,-8.282323198157226,-16.448830368194216
Pbx4(+),1.4156065437842842,-2.079755263245409,-1.1189641495701539,2.4789522644241413,4.952987303194691,-1.7721500481160095,-1.2378150801818673,-0.6884960679317063,5.648046077429549,-6.298398985550916
Peg3(+),2.5447913504923796,1.6126324546232857,3.016539181081393,0.2063921771775653,3.4154687123066667,-2.908656070550063,1.0574457228732637,0.43753054556936466,-1.229684795346766,-5.638622086492518
Phf20(+),-4.992986010361995,-2.7671614713368022,-1.4046042838013828,0.3543664099959979,0.5974367636456522,0.34701264345887145,0.7993753948534041,-0.517497639588052,2.3101350369788713,4.995547950415318
Phf21a(+),-0.5123157500714087,-1.3612480474663828,-0.2032988245339711,-2.07638340747765,-5.465500089053345,-10.409913144076324,-1.1779957111494737,-0.6805780812326477,5.313439915140576,17.770759094403946
Pitx3(+),8.813816046680245,7.766558496009334,-4.227665981397329,-0.9293286671732743,-5.981238358302976,15.682913395381357,-3.5218180102879146,0.9160172700804876,-8.719658992704058,-16.88190442142557
Pknox1(+),1.8542385688046,3.107912182018117,-2.3886059447933796,-1.0907170170587321,-4.917192148669457,-3.2021648065263677,-1.4985480411328451,-1.2266063494198365,13.285143422982578,-1.8694066013791217
Plagl1(+),2.51885655529519,1.3224936782948087,2.6213805023724572,0.6631381945144953,2.223491772059506,0.07761539583666896,-0.37295763024149153,-1.6555033917970012,-2.4890298978521974,-5.47851484045618
Pou1f1(+),-6.653690189299755,-5.084433314709977,-2.822499758134845,-2.394359109277796,10.523077200968928,17.235610201547914,-1.9730404351207051,-1.3616982692365263,-7.363426601969392,-11.809128582793218
Pou2f1(+),16.14605578546981,7.134565982673254,-2.818160022848787,-0.5978749869915168,-7.398994741972629,-8.047740232541301,-2.2844273883781487,-2.135876274857279,0.20047119981560912,-0.6924878231744276
Pou2f3(+),2.2818480630374336,0.5716720375776186,-1.7066677016181615,-1.014555781366498,1.6024501469889538,9.32563227101941,-0.3995253234936071,-0.5913050144553389,-5.276469512062396,-9.934453692311267
Pou5f1(+),9.350098981096338,10.850005712530104,-4.136856762932399,-0.1223286918377289,-1.7085537177285983,-2.3310357046333388,-2.190988179003935,-0.18726274422216752,-6.38234247486681,-6.257081506732354
Ppara(+),6.877819118030104,5.080957433387883,-0.3683709305371692,3.4405398060019934,2.2654005642984423,1.620910759558707,-0.36755029011416646,-0.24084325636797324,-6.662176342594793,-11.507068534676591
Pparg(+),6.380618231582566,5.018344810455856,-0.608654740944517,1.9637345896741842,-1.5113857864287836,0.06872475694493507,1.6577274005768294,3.501277845299186,-2.4427085850537194,-8.85671832521165
Prdm1(+),1.6000735024565036,1.5771020676198801,2.6370104055306087,0.18458843014884554,0.34574202837501694,-2.500067727695071,-0.6349766441917671,-0.4784056052908089,-1.3733708701404876,-0.6601298324308187
Prdm5(+),36.55468070221966,25.306967759144996,-2.8001654604442954,-0.8491402639402635,-5.6401149955858125,-11.840822129841673,-2.577879504254314,-2.682199135724446,-11.523633530460069,-21.035673988678607
Prrx2(+),2.592132404054419,-4.880826214171965,8.755502615642978,0.2894251992488162,14.71552187958734,2.36160296732774,0.800660486903912,-1.2668678901767505,-8.063896041024153,-16.476790966705785
Pura(+),2.001128870474116,-1.8342458440726037,-0.4863580820223263,0.5427947082531744,2.856675283966013,-1.0807183931782498,-2.001824971450304,-1.2113612272266427,1.342455391351024,-1.9711262592125072
Rara(+),-1.405168724713981,-0.03949376092980537,0.17760054514414397,0.39296729926562435,-1.6711078548955516,0.637599480087897,0.9564363741118804,0.364408345545654,1.8263874782555565,0.5958794248884437
Rarb(+),6.4157792446598885,9.320956317952326,1.8902429978534565,0.9897438123451702,2.9099158529854074,-0.19229449998924603,-0.5850772801824243,-0.11793880256156229,-5.8202128392746,-14.737306927789565
Rarg(+),31.872731579742652,3.4713492639948424,0.9278572712446924,-2.5610830298924387,-1.1010753560099837,-7.9409662771889105,-0.23881015322014396,-1.0170030123741758,-6.911126002617847,-14.358210127743524
Rel(+),2.6561491294608226,1.6286362817004632,3.8645793183255273,2.0514620535603174,0.10202960567108138,2.701815433053708,1.3926945035380665,2.967256138241321,-5.388954705294666,-7.40306351489045
Rela(+),-2.985618517060496,-6.104707717138511,0.18533701583749929,-0.8992121044927774,6.363846258952188,11.881437484161836,1.5635145898236904,0.9961702662835767,-6.2062968596392665,-8.596370949465042
Relb(+),18.613709603859558,1.7427646058015442,6.6907465399066535,-0.2618820945197484,14.59886395350107,-4.4768630042162485,1.5718721671835363,-1.1887050143308804,-12.678340010915903,-26.014894079629315
Rfx1(+),2.146498410922424,8.963143953210334,0.36666177379835274,3.162775137400131,-4.9443308265850625,0.24282044079460718,-2.0918672850627495,-1.1875117446058252,-3.210009586276589,-2.706610269424553
Rfx2(+),10.692308480296601,17.11086613594519,-0.5121310855627226,-2.257982875312952,-0.9385070902438418,-4.437750124432732,-0.9332865296087792,-1.118685031515327,-7.473603568643098,-12.180380445094546
Rfx3(+),-1.9011395329056913,0.748283046607211,1.3368851707836789,1.014915834556672,3.8170692103036172,5.203287288056407,0.392079577997569,0.9077077603182,-2.904958544680398,-8.548388322626602
Rfx4(+),-1.593008592881754,4.424511709442881,0.40341056116496743,1.7121335914866849,-1.0981373343161613,3.3286750375410463,-0.7463347761027078,0.7607220825595211,-2.019510332799349,-4.36846361790153
Rfx5(+),10.557201462965411,12.285485973814259,-2.5379223646255444,-1.419912423111062,-2.895723944093434,-2.945117940395883,-2.099844765076636,-1.6467435338801102,-3.5228768457505852,-8.692368343840778
Rfxank(+),3.1832327922760366,0.1286174128573454,-1.469391330603304,-2.0208556214036513,5.604604546570447,1.7612491826013688,-1.571557622956443,-1.651856669790694,-3.2183052827774543,-6.783727174563885
Rfxap(+),-3.2250744884982323,-4.390033770771228,2.605117751523112,0.1609449348913495,7.866135494492512,-0.020464330057373015,2.105794435021682,-0.5756793604191317,-0.47572584694993814,-3.448854592952783
Rorc(+),-12.780759039047847,-14.189779470429901,-2.3389134817270594,0.35523394265184627,20.864881145709,27.741952914027973,4.947771024047922,2.806164786552293,-11.559430079442212,-21.571451323472193
Rsl1(+),0.9279403461843638,0.3138061491607232,-0.39914739531627225,-1.5083966726126636,1.6389701620730919,1.3254776031253497,-1.1498148977020695,-0.6995867478003046,-1.8508550407270528,-1.9959039923258972
Rslcan18(+),2.2403436853980927,-1.8154021935792277,1.7897668662429251,-1.1054538199341797,-1.50369130688671,5.947597997632389,-0.6781193004316849,-0.1592072145126691,-2.7939376137070675,-3.997098882998316
Runx2(+),-2.8906349240715477,1.6862921681814163,-2.5534101443634594,0.5505312991881797,-2.6143981673441545,17.86373410319572,-0.943540160572238,2.1187785686999527,-6.529824976087505,-10.235423875911371
Runx3(+),5.035235427197834,1.382188095869535,15.777519777635309,9.102422369665081,-6.295506892282376,-3.9139318360521678,23.23448410298463,20.96945737343645,-6.373070326608648,-13.739119997052164
Rxra(+),-0.44804451713834603,0.21297923991065126,-2.8354432535445313,-2.5119400294902587,3.0337694125843186,11.860553518084783,-1.6780516198170183,-1.7823051232875384,-5.858782236698761,-9.266885148018863
Rxrb(+),-0.36125345646277,0.4042968593806642,-2.0636158632369237,0.7022813266101834,5.636637465961013,2.8274928402907245,-0.8368001711697449,-0.28868187420998365,-2.827492092050192,-6.323195075486793
Rxrg(+),0.5921252711161548,2.2711034571866486,-2.8617653161748464,0.0500639505631585,0.8357231164410028,7.9463854952615955,-2.8401036461632425,2.1097263107183886,-4.295620407141378,-7.674841643391258
Satb2(+),-0.7558202496557489,-0.4728365450533223,-1.1155485149601863,-2.805967582664598,14.52986311828242,7.652742437907756,-1.275867860269833,-1.2122018162117596,-8.440272271080344,-15.905977204614787
Sin3a(+),-1.2069118502368767,-2.0037114762187813,0.8674078164595594,0.20844180954633654,3.40269753059086,3.554332978045283,0.038021347454173474,-1.0940709376238953,-1.4012057051864932,-4.227534892926482
Sirt6(+),-7.6748048256024815,-7.955878732800863,-4.919460377048211,-2.6779312210720767,-2.728418149101551,-4.258993906809323,-1.2740314361214313,-0.5574158249260889,17.29641467594926,15.03755605847149
Ski(+),6.6887626364806785,1.953674952446348,-0.7527639446426367,0.7817851960989063,-1.6140618002432443,-1.661682672673633,1.145647033554952,-0.6491620195897411,-1.5456704660250005,-3.1928119458517212
Smad1(+),6.604084342326547,3.18305074168926,7.2389276611316875,1.349118266022154,2.961155699803743,1.0780151018534025,0.2821083307205303,0.1365104065272412,-6.669453681429889,-13.669415474449575
Smad2(+),3.6471307258184122,-4.404030777049784,-3.9730367472800894,-2.3498177163279497,-8.46012977640029,-10.91758307765254,-2.124353027193876,-2.5620526217007624,1.840287261050716,27.325848275750758
Smad3(+),1.6374491152648138,4.216859915186017,-2.7004574915356176,-0.9723322423068962,-0.07850983476188728,2.4937253698142867,-2.9931851653571875,-0.868569983338088,-3.9124149850399803,-2.420061358198509
Smad4(+),2.469355400797911,0.5145812988307502,-3.0355524666672338,-1.1895034377926943,4.385028588074443,0.7206071387651427,-2.2625018489773403,-3.269416977984765,0.31342399336035526,-5.079824775541449
Snai1(+),1.114640770772044,0.7907357580762463,-1.8860074644171103,-1.0984938447194594,1.4881816911782573,2.6948384752901755,-0.8224124892802638,-0.17929415474995083,-1.5642887519163733,-3.7360863580307373
Sox10(+),-2.741418028733557,-7.1003024521277505,-1.6163690072086931,-2.333812799508196,25.441754596723772,29.756475495441997,2.339194897678468,1.0936284331496058,-20.467783190040414,-40.68483074247267
Sox11(+),2.178078844834585,2.119155093329593,0.7937507094179933,-0.6587595707275371,1.247001855721017,-0.10460193200175061,0.3021583632962011,-0.2301708411381486,-2.5015188255321337,-3.773589538242991
Sox13(+),-8.733750477752757,-8.685647058273549,-1.0880279844885348,-0.37899475539016975,6.648561114634744,2.5984033096332837,0.6417460996626806,-2.3741211970229696,13.08751145340367,-2.2384540885921647
Sox15(+),-5.0473240505894275,-5.43454516883842,-0.449184065898104,0.12413655201793236,6.004500203041653,12.850528643304079,-1.2468007518105069,0.1879648748175258,-4.663184662559321,-7.78422232075838
Sox18(+),2.22416981338921,4.270910889443219,-0.9553755784185038,0.3207196431233684,-2.6061186991429173,-0.7881741535939146,-1.0379672161998421,-1.385218846902371,0.58163699063883,-1.371571955692332
Sox4(+),-2.4848409469828843,-3.5616339791413827,-3.6885509367054343,-2.087579764554109,-2.85232171960603,0.9634397887252029,-2.53383848202886,-1.4831498045483031,18.601860498335363,-0.7982972781391268
Sox5(+),-0.940338855372076,0.9962694284955438,0.6896684123698711,3.5280055069710388,-0.4290406525505369,2.602138669406898,0.12418522671723013,0.3718024030293767,-2.2937429894073755,-2.4817206987128566
Sox9(+),0.3147196284417135,-1.4365090325138212,0.5376318734398334,1.17115276919008,0.08610952146580268,2.1806945844215857,0.765704181132268,-0.8515104551283629,-2.3351921290910744,-0.6514875805560469
Sp1(+),-10.818176444372375,-5.505667611150577,-3.603920639002425,-0.672121686666399,-9.311280208572093,-8.158720042229694,-3.1354893604000598,-2.320934596464739,7.930803695639811,37.955840553040865
Sp2(+),-1.2649210283231933,-1.0754610732839542,-1.3850289332440886,0.7859567731582434,2.52986187632866,3.280989658132768,0.3517551566967025,2.388258915200648,-2.610303208234989,-2.8217670556586256
Sp3(+),0.6450898894044357,-1.1892967740151539,8.889477402840521,2.0539607292946136,0.35455612204277703,-1.7286888229296553,0.9382155782073328,-0.869010554884558,-1.0708566564810158,-2.7195694388736733
Sp6(+),14.012087766313142,8.710416593479403,-1.0982349764165191,-1.5511461081022317,-8.81275038295222,-4.835238739053981,-1.6515130285676611,-1.4999848804837972,8.88373851596023,-9.341284063897733
Spdef(+),1.2401829747470905,0.3258199128196634,-1.6370172704369488,-0.5945846058458096,4.375922532705204,0.15392457934371748,-1.6997524404567286,-1.518259107208941,-1.0945096806466859,-3.7140757977439263
Spi1(+),6.430137399371783,15.08353884678124,2.652980628151882,6.705436492338298,-3.193833339597302,0.2136064658877547,-0.4353914801708488,-1.1374862868087472,-5.381072734757658,-15.56321788539712
Spib(+),9.33965607531702,-1.1960182137986342,8.417922684810852,-0.44186441730465825,17.66007140180744,0.4662607848691247,2.188683825449254,-1.3227732149832474,-12.0045385958913,-25.500194205994575
Srebf1(+),-9.1892068333851,-8.656909163558595,-3.038387938150065,0.840104958853213,5.011615125594002,29.482821845569227,-2.048555801667894,0.7484194056051509,-7.61207153876608,-13.156267826483491
Srebf2(+),-0.21545570646355836,-2.599035608206961,4.8420641914131135,1.1314881835782202,3.7167907068975805,2.109747505847609,0.6611333761590905,-0.1628318939090674,-0.3251626282383566,-6.954768862978333
Srf(+),6.494285215784283,15.370639567684897,-3.9106326834991085,-1.803755164136932,-0.1950160498938971,-3.3526194030109955,-2.1367105477270214,-2.7172589404682834,-4.240583079812439,-8.549956780365989
Stat1(+),9.964568355742337,-0.791269959030843,20.879671504967877,7.652346660165691,0.14817931078137409,-8.824990581487338,25.088925746138713,16.834286403750554,-7.939897973912141,-18.933141889462952
Stat2(+),0.017944871473546675,-2.0828537012638897,1.8573055731047656,-1.7165495003735434,13.073604466888641,0.3325815684295978,0.3261799543299382,-0.32950738139832647,-2.353447541538844,-11.914439415924965
Stat3(+),1.3463460102736262,-6.591498163730967,0.8327800767309118,-2.673808324883329,12.087317011495772,2.200609765874653,4.185895030598578,1.3790835554240446,-1.8183440390303764,-11.413441856389724
Stat5a(+),-3.2312852552574656,-6.014196776069292,-4.785541356647132,-3.491938626976852,-6.046857984586798,-11.641872085992118,-2.5000580825334553,-3.0613191630203027,67.15026968219325,1.6243883311489593
Stat6(+),-4.106980229002492,-8.072571355904635,0.877063528208381,-0.44190514406510956,2.306034128104727,8.250857263087674,-1.2308648614913116,1.2137105663950576,-3.1451675501849277,1.017441563071792
Taf6(+),-0.9628933985237373,-3.1181395961295806,-2.1990900183210447,-1.6454275093619297,-3.373823557914852,-3.6253455706849183,-2.1068394322534543,-2.041471699788312,13.413171700217479,5.5181251748996845
Tal1(+),13.80064811204271,-0.7553429228217402,1.6590017665230599,-0.8954991971694278,1.4349902395233167,-0.7893268829860298,-0.28521368612019843,-0.1938610220761731,-4.388068487657202,-10.103197922280133
Tal2(+),-4.369761468180023,-1.1877838387233621,-1.196201591133869,-1.4361452394363525,10.789252559739882,10.911577636370644,-0.5514989436343284,-0.5330841417076614,-7.710222892829589,-12.625795748351036
Tbp(+),1.430433485396761,1.9526469832220923,0.5722477051380749,-0.03630251707651886,12.245755967384609,3.08724048702163,-1.4678655398546872,-2.5431736979669184,-7.440265099883997,-14.456263570681118
Tbx1(+),-1.0019792492830444,0.03295892552100636,-1.0039950078076234,-0.513596780411717,2.6343870825459694,0.8121976711885552,1.1439700415515772,1.2673829613528125,-1.2886047104820864,-2.086208719335946
Tbx15(+),12.419835723413627,12.855857661375792,3.17556874707372,0.23164684307634403,2.6535744864935538,-1.3231743371080245,-0.6759071070791016,0.4530781587996007,-10.056048664180343,-19.858442071132867
Tbx20(+),9.844039556332781,9.794869714755736,-1.0936248883775013,0.34434556551938333,-4.838836631769519,-4.353175269203135,-0.4922162684672846,-0.6501957112533592,-1.3309784004865182,-5.683336693945334
Tbx21(+),-2.2047067624476804,-0.4894126498138825,4.391618696726514,7.575700642447402,2.164255059631846,1.9239478794789862,1.0287947632661245,-0.714241216405788,-2.8924574668551504,-4.894252489508284
Tbx5(+),24.945436644081433,35.846290453855225,-2.748025056937623,1.47777803893742,-14.93133836458512,-12.838672604787694,-1.3917735141759766,0.3999173195586672,-6.372977634937499,-13.713358191020136
Tcf12(+),-15.403564151503122,-15.104344289346628,0.27035885428748146,-1.0935076059021223,-7.628403013564254,-11.55678855905769,2.91604387893245,1.1621155447758666,13.00761484016896,48.40162209300327
Tcf3(+),-2.707866293570646,-1.7671399129424246,-1.297864654615398,-1.1418014273621062,2.222242953132821,7.5056220336852,-2.66559268596401,-2.499152807445035,-3.897137296575621,-1.6596912346982253
Tcf7l1(+),33.2120912826482,34.38195629818328,0.2884840662087814,-0.029504163023008224,-0.24851674062636891,-6.107477042143557,-1.8153381236578958,-1.4116098197101874,-17.820238983981756,-41.4506438580537
Tcf7l2(+),-18.586253438972296,-17.339895945026022,-1.4240407168676483,-1.764210126271789,28.120743254218567,40.55986766233016,4.661179084609334,3.584165738847925,-16.366160926570103,-29.109880047268597
Tead1(+),44.12676806961277,49.614709465691426,-4.944202232794588,-0.4766842842054195,-14.608324344801387,-15.532022563109846,-2.7636953009428504,-2.66239777315572,-13.072621106895268,-24.370989801825715
Tead3(+),4.750865166622262,2.823305867954048,-1.2424189565568957,-0.3258702595346242,-1.698176716008057,-0.07214836672302637,-0.29993054184367146,-1.2624403358116463,-0.12054815811073356,-3.6765297313460605
Tead4(+),3.5747878203413164,0.13599197148368572,2.958573634813812,1.5517413442515786,2.977712380473511,2.0034602624282987,-1.8811983605864369,-2.1246731707667887,-2.3366587874311207,-8.383179462982904
Tef(+),4.264582872695879,-1.101665243025875,-1.5108983869109007,-1.0142379374093144,0.7457700592797467,0.3544653489776098,-0.9174020707267141,-1.10934630678254,-1.3117243507498908,-1.56578716037462
Tfap2a(+),-5.495160893896259,-6.439846235157514,-0.46911931153927583,-1.3807177012009964,7.12734683371798,5.4287364727943,-2.167219843378508,-1.9410300205368738,2.104740657612824,-2.7852777084859874
Tfap2b(+),-15.112376538082456,-12.33435851100501,-7.121822412016096,-3.447554574964623,-15.514942407065329,-14.602426874673382,-3.3771250264243986,-2.6137166624035553,21.578095295293153,80.25554321198818
Tfap2c(+),15.945199838872602,16.74591589600436,4.886779534778061,1.8909423628013837,4.299472490099967,5.604283047592928,-1.6045832640428528,-1.7628015306826708,-17.183025097060444,-35.274249458666944
Tfap2d(+),5.822968877970852,3.5245684796119265,0.724649817286767,1.752830913104741,1.330425687924929,1.668565773683828,-2.109045811767817,-2.1643068499471134,-4.182500204988458,-8.789337599394408
Tfap4(+),-2.2163315326734265,-3.6020797723941613,-2.290874280974239,-1.5675259548714862,7.267335962564918,3.252458674117798,-1.7818806607038375,-2.2096984415183503,-2.042753157609857,-2.198883501150886
Tfdp1(+),7.842007976630839,-4.52485572560687,24.66001553150832,5.715750594417958,6.850984463565053,-4.705550322863763,-0.16403785133572565,-1.1911067684703995,-6.298117544385745,-15.36143118688628
Tfe3(+),-1.593131415883149,-0.5929478247034451,0.621148068869418,-1.0245959221134775,4.149618347819704,5.193608092488827,-1.2669277024715369,-1.083622945412218,-4.066583037077338,-5.093467593998275
Tfeb(+),3.757253768020799,7.418400353156892,10.343221793972695,13.365033261250097,-1.9926910070863098,-2.936706254527277,0.04941342386214434,0.6728551199299818,-5.497601583500131,-10.494765913456169
Thap1(+),0.9284836539035927,2.7221732067258566,-0.9547979967041081,0.5629197948568962,3.6272984697640203,-0.7601871738092959,-0.1951184581392608,-1.0688516885269626,-1.7473121352639216,-4.5990120241413806
Thra(+),-0.6097274135332279,0.5749798001508977,-0.3142918796942852,-0.37045402868243815,0.9312287892767337,3.7770144219192643,-1.593955244910168,-0.6581092981938604,-2.9954499662467122,-2.26924736686448
Thrb(+),2.3056941926468832,1.4645913723570567,-2.03004200428044,-0.43449080295270576,7.026205746572533,10.00689337172799,0.5112588173598565,2.7247616007322466,-8.001577884828366,-17.279843376701734
Trp53(+),0.061886085165158984,-2.54026555144817,-0.4734691921820471,-0.6908347290812054,-3.1119432272421914,-9.313208227294902,-1.6483853979061638,-0.4656484921560683,26.017549715925284,0.8436222995564283
Trp73(+),5.598288437662517,1.430984166890395,12.878759318588196,5.127565140520552,-2.940504986186239,-4.208260546338302,2.2973453423830534,1.1955454148077778,-2.772203362313862,-5.965532226298366
Twist1(+),-0.8327680604738169,0.3570718822262142,0.6624380062929595,-0.17027950346908957,-4.213883449192508,-4.6891677830625085,-0.267973779263181,1.2993963247095512,3.813877444277001,7.349459898374251
Ube2k(+),-7.22888951692161,-12.217571744461956,12.610386537010742,2.7348632957804204,-3.3571593351571645,-13.420988245018513,5.642380521930876,1.7448734590685098,8.060120075320176,22.01162044287718
Usf1(+),0.8739304961498273,-2.1959051061838792,-0.7463957136341255,-1.4117510945838438,3.886642340854913,3.29974377336248,-1.8637920631427638,-0.47059199029800874,-1.5959622853690676,-4.26228372381028
Usf2(+),-1.3424415495398774,-0.22112744499953882,-0.12913256747990154,-1.3007784835584608,3.5909400614998805,2.201846349511739,-1.274808325520346,3.673576873714859,-1.0763941593465443,-4.391582414188708
Vax2(+),-1.8209384536818993,-2.6888601650826156,-0.5856276097823095,0.012744806538849029,3.348660594672602,6.4172778818832645,-1.9162947619504227,0.02185267358714463,-2.442180225377472,-4.286614347858881
Vdr(+),10.615264516935706,6.968996651605575,-2.5552405385238104,-2.0945367871619465,6.319667103450301,5.086478069589977,-1.2595298524433234,-1.444699772539906,-10.212776954198862,-19.907889206477552
Vps4b(+),-0.562056493165564,-0.8452399731164256,-1.4208238055320563,-0.3738451366939236,4.004147531497044,5.272001779925434,-1.2627057057083364,-1.9733510588021972,-1.889894182556028,-6.085603969229217
Vsx1(+),4.301959996857432,-0.41823335754532615,-1.66543620335829,-1.3897614335713568,4.344290778708443,0.8111252188213279,-1.623111388969764,-1.6045762519268596,-1.665963235253194,-5.96106214915075
Xbp1(+),-1.939419227118832,-2.7407101656728523,2.616875163845976,1.622861183206995,5.365280599323692,1.5595511944107294,0.9262206740911568,-0.415570098313681,-2.2400512015025447,-4.048323823912902
Yy1(+),-6.4352226870901825,-6.627484761073767,2.9957413665799164,-1.3416229708932488,-2.592253200291861,-1.8493636920007985,-1.2033898686068434,-1.068659781815398,-0.7105423648328855,17.353941980250116
Zbtb11(+),0.48053929478840773,-3.0256628721003733,-1.552731573166477,-1.5377253977032723,6.386939781864658,6.663864892075575,-1.868590446001258,-1.2347479402902437,-1.0781127201715452,-9.479819286185963
Zbtb14(+),-0.11930072708881008,3.3022146641157017,-0.9234798681560349,-0.9513625988189689,4.742752090261883,8.550043686470397,-1.1703378254513435,-0.9834497696453067,-6.244395637202504,-12.344158821106376
Zbtb17(+),6.361481464260266,0.7075678201110218,1.0542187320558425,-1.3563767524961838,-0.08155594049189545,-0.8503839597470341,-1.0544116747260865,-0.737281210142771,-3.4293664166882634,-2.7301172733297303
Zbtb20(+),15.963846667111612,23.43340965442912,3.055272625738604,3.446938000880206,-3.419233744423634,-0.5470508753357862,6.384519655171076,4.220940029435279,-18.405818460926522,-25.244897557073955
Zbtb24(+),-1.243918374698553,-1.20916342911656,3.2745485574783584,-0.3421945414184126,-0.2035147554512204,1.2120509145172487,3.0496239269264978,-0.29908259795540826,-0.8584791421748653,-0.9593780078910944
Zbtb25(+),1.6320183124910583,2.6700044384388812,-2.780266089526546,-1.6388583815459958,-1.848894577330859,-1.5343355517738546,-1.7097565014901552,-2.271252980197956,-3.3961289390476455,5.363809547972795
Zbtb4(+),-0.4744376351589324,1.617325173860134,0.07168563901266961,1.2403705548401318,-0.4977307091589678,0.7867809401541294,0.5075623797134254,-1.2431470298726606,-1.0703579363812825,-0.8846266176924764
Zbtb41(+),1.0992129693251165,-0.49087701266172507,-0.19861670729894326,0.9517163179525548,1.5290561693956133,1.569572975279096,0.44036612647960005,-0.5603187025528776,-2.204291048284779,-2.7292674221587263
Zbtb5(+),-0.8787753244021286,-0.8526677631198947,-0.4717177560983477,-0.24132559793635158,1.4123774938404396,-0.6211417271007701,-0.27994731709172843,-0.21092214877716356,1.5938949801863451,0.10206199710810991
Zbtb7a(+),2.5193098194169377,-1.6202784147049727,-1.2977005799723527,-0.9272435285238563,4.998031167532054,5.987091083576934,-2.520356083297213e-05,-0.7548261817641008,-3.74918634328472,-9.579666680128925
Zeb1(+),-1.4171295970227757,0.02562683808980566,9.296444132487771,8.467009425736364,0.8933200939347117,5.2576845825629706,10.014222470581487,9.840732926059623,-6.9762703363418055,-14.515281566370685
Zfhx2(+),-1.6217834993657216,-2.1547339252540345,-1.1714414905689168,0.08733836765855267,0.1794414510530822,2.370371363598484,-0.3463844225343809,0.1717813378105692,3.898918895189781,-1.431294179026479
Zfp101(+),2.074780183879104,-0.6762166045176176,3.566396327727656,1.5563077151065527,9.153742675438352,20.03177937971753,0.37667924842468525,1.4457877933959355,-15.583653581150763,-28.065496015805266
Zfp12(+),-0.1759004368387192,-0.6025820399251725,2.3521907179237167,2.751143340137566,1.1377982747358208,4.251213465055906,-0.7118650465145203,-0.5781087727963384,-3.4576685770327074,-4.742869186268004
Zfp128(+),4.538751114807691,3.7110962096362523,-2.337096701973826,-2.0762400554618083,2.1201813855118337,2.182644539961045,-1.3620097485214666,-0.5696019510344456,-4.302326824728799,-6.998999764677268
Zfp13(+),4.62516192241079,3.713026454225046,-0.7878559341332846,-0.9320507464717266,2.404651737329573,-2.5943416047218717,-1.6892791828356177,0.21293076163372285,-3.104558450101881,-4.0026962427016
Zfp143(+),1.0414414223343358,-0.4950032844027746,0.8361788776438085,-0.7664450443068378,-0.60926616298035,2.0428888877658875,-0.03309632914532068,-0.669874213700292,-1.122910840691547,-1.4515092434994035
Zfp148(+),-9.848625548799637,-10.677469842519086,6.108068086431884,2.3927321310473575,-5.039858040276669,-14.334914958548115,5.923986376971337,2.630641788359735,6.805134251811966,32.141275911446364
Zfp174(+),11.667108568910265,4.931688339120104,-1.8442804053288901,-0.4621163813703772,-1.709301587323533,-3.4347289381402044,-1.2599438546026058,-0.6877546848438898,-1.9155579429912977,-6.205408122192431
Zfp2(+),-0.04524388847695443,-0.6121238849551972,-0.19926720330407754,2.8253177332693773,0.7366674103217784,1.936697952899898,-0.5686647217589695,-0.4284465061701407,-1.2299032920887287,-2.000292100331619
Zfp202(+),-1.8038639210986835,0.8306826937473868,-2.136932097453106,-0.5996690345862631,1.9925544020385513,3.9725531818781055,-0.9256972956998423,-0.9550990031266559,-1.806875777356976,-2.6973197891852263
Zfp217(+),-1.8976397707595538,-2.5478660022236115,-2.294644802489262,-0.9939414581654317,3.9727815881039423,10.098694509544309,-0.7487276820194745,0.054221913890073296,-4.9987306569273136,-6.586197548697163
Zfp28(+),-0.9881462453572902,0.04579018648468555,0.5317610887190067,2.5727582983145507,1.071747560670503,-0.9083422862102799,-0.39238423095236813,-0.2956349043569564,-0.23861439941900284,0.04840018565230368
Zfp281(+),1.244082305641102,4.61469995638709,0.8729752879004363,0.13548400180639483,-1.868472593444347,0.6803653132456565,-1.2927916487481377,0.45050191204479906,-1.5333876795035009,-3.1533456536547466
Zfp287(+),-0.9480302230580496,0.32788858945276295,-0.15185864297273904,-0.3953571498888667,2.1276759354756485,-0.23095254886712765,0.02088844133312638,-0.7767842764572745,1.0235638491363497,-1.8380390254867887
Zfp30(+),-0.41968189409817985,0.5194206299622599,-1.711220473044253,-0.37957519979864845,2.4959604455220594,0.8367555823106598,-0.9446216241181267,0.39517154012497496,-0.9511452418558691,-1.9018054304350305
Zfp329(+),-2.008966381342401,-2.9316706396363172,-0.8359257769442086,-0.9717184048811833,2.556826819267895,0.015351788768042175,-1.1708678332600335,-2.186202372148388,3.856049723335239,0.6858314684641821
Zfp341(+),2.020354262119365,0.8258079480169594,0.44913464011673493,-0.5069028192093888,2.784032813150958,0.33911092970469237,-1.6712321187449832,-1.068566953252915,-1.8774319613906503,-4.088490245740462
Zfp354a(+),-0.4962567778295099,-0.48151526199473943,-0.2663976976378561,-0.13628796446195446,-0.6589132398681351,2.356285132645981,-0.15809921168274033,-0.11911783536106679,-0.34189032292916616,-0.555889978731487
Zfp354c(+),-0.7620759954725638,-2.2260699854269657,-1.8845498732121106,0.06759498746966283,4.4954278976054605,5.462800084419727,-0.07253992856203986,-1.07168072434755,-2.551989296078493,-5.4545551471652285
Zfp358(+),0.6027584468026156,-0.7576063829987476,0.9206884658356869,-0.5389363039114016,-0.7661081625304843,0.4956305844635687,-0.296774014208603,0.10534396260742437,1.2056707579489654,-0.6837255521763395
Zfp384(+),4.976043784422355,8.56437760055844,5.274414247961381,2.9795321124146974,-2.7099627317660775,0.11077541740942533,-0.25658682110036246,-1.0455098604327329,-5.357510625100085,-9.17940502131189
Zfp398(+),-0.2780144256754147,-0.6677797130258154,-0.737472190233291,-0.056479433987386495,2.425064147206367,5.398706429866118,-1.8210639443907293,0.7140763312914329,-2.765115749088018,-5.252161163126245
Zfp41(+),2.8659869000781772,-0.9530279316981188,-3.09749755663463,-1.2431247759832689,5.124556069897617,1.6195128960624485,-1.3613875104544102,-1.527359944575068,0.43731453663169656,-6.757476242858765
Zfp445(+),0.5916532269283912,0.8241078425191815,-0.9999985299241233,-0.9464199540198801,1.2148012905551053,1.865856169687514,0.8462724128916017,-0.28157410068057714,-1.7720036375850305,-2.9506252698628432
Zfp449(+),1.7611705829174629,11.46172612460466,-0.6104878123981848,0.5147276201318217,-3.2291220770540567,-0.7918695506799189,0.2081634187395003,0.23063736187741965,-2.1956285797183086,-5.781566781219981
Zfp457(+),3.670798077179377,0.9473616285707417,-1.9559893658047938,0.3817207716039123,2.1336008993149322,1.7592874314472433,-2.1408994489059068,-1.8554697047584818,-0.35391738433116543,-6.2596723319739365
Zfp472(+),-1.359808114639558,-3.215393395304469,0.7465147564573,0.9810294604373503,-1.1106732897711877,4.284448459343173,-0.33072274671347507,-0.4114260055995196,-2.0787578820311188,1.4600373441850112
Zfp513(+),4.993357246156565,-0.2794324195094264,-2.9736556526452973,-0.6787018837949387,2.2574116952155805,5.011418644545693,-1.9226243168689858,-1.790063991076652,-4.0190386845688915,-6.931387095565342
Zfp536(+),7.83166708516073,-2.043223675676369,-0.5774802420363113,-0.9223657614964392,8.488988203780282,6.57235779685409,0.29673150691384814,-1.7326824111907198,-7.776509956332035,-16.46738561685231
Zfp558(+),-0.961646586216098,-1.3651155683676874,-0.8962154180974211,-0.5557591337611012,2.612224895927994,1.8306606617425063,0.4874018587259073,-0.48573824568662355,-1.394429488279168,-1.3084682222095076
Zfp560(+),-0.23047468640708457,-1.4607037884739411,-0.5470459184746129,-0.1168908119728287,0.8633929088303653,3.7589654404582893,-0.7445138484848717,-0.7967914930807215,-2.121536226924379,-1.475376654925668
Zfp574(+),2.0044222294689504,0.10035142286689326,1.637205148041196,-0.7690186154633365,0.2702640530494324,-0.7864913184583613,-0.8921121278319639,-0.6721234433049038,-1.915490326202889,-0.2412950130312227
Zfp580(+),6.390243067106037,-7.9011953122334635,-2.09705545939984,-3.2369919408420604,12.056684678104494,15.63998810972001,-0.15417515777838528,0.9932966259329178,-9.990637009107287,-21.831888467956798
Zfp592(+),3.323674658221208,1.4079330538355568,-1.429070844166551,-0.14411915921127302,2.4346055322901394,1.9867365438256652,-0.7067148132987312,-0.9317270683578693,-1.222380966884182,-7.2194391927852495
Zfp595(+),25.833717692592508,4.690492203686972,-3.8517892348790426,-3.116136044392142,-6.063134883775612,-7.702810657375011,-1.9142278237760717,-2.2797064402423155,0.4140674366047305,-7.018115589933505
Zfp60(+),10.053434641931524,1.1646221472647358,-1.6972267021582135,-0.636590707729337,0.9612092273837254,-2.020706277506431,-1.4132612420718127,-1.2608561809906633,-0.3089583370027056,-6.911645037759966
Zfp605(+),4.7452343733202245,0.5239891672374059,-2.215752375689003,-0.6990888818952508,2.2587819865923358,0.7911634339471758,-1.811783824990025,-1.3917232527291317,-1.01229237150486,-5.210365780648221
Zfp617(+),-0.8044377965694219,0.4096234022472814,-1.4314099559609679,-1.2897966756965504,1.0492734311994218,5.886969655737787,-1.087438837284319,-0.25572053123371224,-2.279592143067643,-4.346386320230667
Zfp629(+),-9.366140088177552,-4.961377762234805,-0.6417341171843923,1.0897485707630938,1.686486553509668,4.401764233828527,-1.8647250596681118,0.33570845802187715,2.3752673639642103,5.103557128283543
Zfp639(+),-3.6127035123219886,-1.7882319597496734,5.998798435770198,1.4383163683574054,-1.3248611337915186,9.382679068799415,1.1075563787935527,1.1739919008960191,-4.400971305806685,-5.531650549562379
Zfp64(+),-2.194753186077701,-2.032482362953702,-1.1777118556628818,-0.6024418123402486,-1.6903789016201447,8.248748806883802,0.881347031922518,1.1072381687487158,-1.2942461931823201,-2.458833912106797
Zfp644(+),2.1572457618074363,-0.7137531552113736,4.394498607596249,1.049742926562549,9.3984639892918,-2.486189418714277,5.152763420477837,1.2934304874256466,-1.8850640790653421,-12.551549646768548
Zfp647(+),7.567166525986401,4.034698886179388,-1.0714168302471927,2.7601562962312354,-2.3543625074070857,-2.2769282306982475,-1.02496675583069,-0.5734467414716127,-1.2706997034773797,-4.221575233277892
Zfp667(+),6.283965775070689,5.017808850365857,-7.463352934347105,-3.9081893603537874,-3.0980820223968584,-0.1775684554616851,-4.444624333653062,-2.106059284060337,24.698106402056414,-15.641816460509778
Zfp697(+),4.397197026862518,8.826031874095936,-2.1459209534807213,-0.9237090858253342,-1.6634770814366855,-1.2562378756353008,-1.7282532367996093,-0.9185362392861743,-2.470956652012263,-4.734271658137547
Zfp738(+),3.611477358930299,2.121893041492478,-1.331504881081542,-1.4339525868462841,1.1291272777200991,-1.343062287175969,0.9387798371191102,-0.5246478282185354,-0.6273753122093756,-3.583110901002106
Zfp74(+),-2.4870602846290777,-2.0494406865469723,-1.9224495985644892,2.8820013492045313,1.8025263887757919,5.214778034172599,-0.8837148839299528,3.0119856905126863,-0.7736095062573093,-3.5100175723199323
Zfp740(+),0.010212598291127474,-1.1498040395672093,-0.5316538428002368,-1.1536108562658405,3.06713055722413,4.071563132110271,0.39098709777101914,-1.5536156072796137,-3.7894284574074013,-3.5468738975479854
Zfp748(+),0.2722255454986333,-3.3427412582020932,12.00659951700866,0.0674355610522079,4.751685660890009,-2.1501519407241974,0.12675386027846527,0.11952512637685243,-1.724982293566848,-5.4518483070223525
Zfp759(+),-12.655769992805986,-12.288677524301026,-0.2173484686738462,-0.8725351816173399,17.94159641233965,21.264812857475274,2.4167301944398405,1.429902716569669,-7.503800664947161,-16.074780393409704
Zfp771(+),-0.70801310333685,-1.314938531112502,-1.1703124404766685,-2.3381623857583884,4.627814885108015,3.358924361533628,-2.2195642708201877,-2.102634746369933,-0.9414679546470185,-3.898054278788775
Zfp78(+),2.0783512285777435,0.0903071148210716,2.574800590852644,0.551764145223483,2.38162898648981,0.7119083074589421,1.0693168197017549,0.15961556500279497,-3.743067478206022,-4.882757619975995
Zfp811(+),-0.16768964265477215,-0.6764160231956441,-0.3742192116214419,1.4174793930773857,1.895548841720071,-0.38320139596435276,-0.22208691372106446,-0.1673283410068043,-0.31385040684709886,-0.7809021446749105
Zfp85(+),3.2418995854311845,0.6867840775579428,-0.37344465524572446,-0.19105157960080157,-0.9237243891276485,-0.9630772334266852,-0.2216272497853277,-0.16698201529414528,-0.47927515382746066,-0.7792856558176944
Zfp874a(+),7.941806989568573,-2.162153368917356,0.11723759051603523,-1.426476348589597,7.3673637778992855,0.08289772158299077,-0.48041614976168967,0.028508117414591114,-5.090585790868734,-9.705707532982903
Zfp882(+),3.549849354112532,2.741321603481228,-1.928728962287525,-0.3442747934890149,-0.1054230704024026,-1.7820590578401379,-2.169668906489271,-0.4935463418681371,1.4435148055118991,-2.5812166392167923
Zfp9(+),-0.556716956371952,-0.5401792023723082,-0.29885194519650277,9.007904102883211,-0.4651586239321829,-0.29727428886563845,-0.17735960003189002,-0.1336292843004964,-0.3835421083044663,-0.19948074405845534
Zfp90(+),6.164832192408894,0.6477251602567318,-0.05307360851268414,0.11203060126399071,0.36872657190931685,1.479700629154977,-0.8508752018709712,-0.3442790534888115,-3.586552802314984,-5.549795404769743
Zfp932(+),17.356988538929247,2.970300705015357,3.6945238740238233,-1.3086346425725195,6.556102156310794,0.6813280324720131,-1.5157477964585402,-1.6680760455165249,-9.412040241544984,-21.65848935799109
Zfp94(+),-4.173693142478456,-4.244781447268029,-1.8068520724826378,-1.4855142931212415,-2.7175772498106254,0.46017392213704983,-1.7234104901338763,0.3590313210676555,2.2465375162700907,10.673316133246292
Zfp943(+),0.38596989415132976,1.2570366224080143,1.4198342049407167,1.0781208716033912,-1.303098787445516,1.6855129024770645,0.687078204353555,3.656655557568492,-1.1445991613300994,-3.4232956896927242
Zfp944(+),1.463732633955258,-0.3725648685723762,-2.0133555668428538,0.8827809676083315,1.6416161017712314,3.0662206014216844,-0.9810537436066096,-1.24316471236544,-1.7921475096986466,-3.625231069819542
Zfp952(+),1.9693193432870715,1.7250376574395534,-0.8165383382516499,-0.4177154504728142,0.7502393214659205,-1.732124330427084,-0.4845689329520168,-0.3650882830631788,-1.047980381100998,-0.6975800691227358
Zfp979(+),-1.8893804170911241,-1.5278678633750926,-1.1718029211874514,-0.5994199228060788,-2.8053329956256934,-2.148815888479586,-0.6953597584368358,-0.523897395695625,0.5780519099737947,9.575177807468538
Zfp985(+),1.00244873184026,-0.4857242657059671,0.22302398388531305,-0.9063767204709563,-0.5916663414474189,1.794219359633723,-1.0514666634322618,0.8528030782168606,0.05281469465766262,-1.633712798682838
Zfp989(+),0.19858933608402748,-5.67561418428271,4.549790114774962,2.9268225574911106,0.6272654032952819,-4.6736841772270905,1.5582505068897268,0.6509672523247516,20.13159717249638,-7.657673252154049
Zfp995(+),-0.06705820554011332,1.392387025492358,2.1320156265179078,-0.16606162199452237,-0.24480057635894806,2.144369966821243,-0.43891536461331554,1.1704227564082692,-0.19118718484084962,-4.511126195031626
Zfx(+),-9.716484840490349,0.4123146237906582,-3.481841663539445,-1.9063791304709712,-9.302050334485935,-9.451103341220927,-1.5777920519264408,-1.9934422703566823,5.958303063249779,32.24105040641384
Zfy1(+),-0.8761494736060219,-2.186168559953522,-1.4066534027840236,0.7556479322139911,4.1438518326281315,-0.6749585698632677,-1.0191592819953523,-2.239813975286314,0.7295672406864772,-0.09491632059205372
Zscan12(+),3.62783132985928,1.230486897506666,0.5248901317629825,-0.5742620740535334,1.6043066015576637,-2.090858444205987,0.44570224533810787,0.39750511662793553,-2.4639511888103844,-2.546799344561316
Zscan26(+),-0.8231265560078622,-1.5333234428575822,-1.0941352217161757,0.8515524874655097,2.2446132195040396,2.012868960131866,0.31723360797840167,1.1589852702561771,-0.6933498577567163,-2.2208445565689843
Zscan29(+),-0.09674089554141646,0.7732881028232876,-1.295558034321262,-0.9772293117609222,1.8977605722568738,-0.6486300236022801,-0.6090735038895857,1.0760546685915235,0.8841063675167752,-1.66390909471872
Zzz3(+),0.2807653162744843,4.069190418326029,-0.4071911511481246,-0.6912630890149593,-0.8865849531639672,-1.0338780961807446,1.1772554613972814,-0.7851560640671538,0.736305635911074,-2.034814190909473
