,Basal,LP_Cycling,LP_Others,LP_Others!,Mature_Luminal
2610021A01Rik(+),5.6424558058474465,-0.6910010014405723,-1.6170686252894104,-1.5958325482379896,-3.051786327620479
Ahdc1(+),5.093410709073001,-3.4440636396465756,14.969898219301221,0.32313561222209386,-22.452513353707424
Ahr(+),-11.138315471823171,-1.0185090310621063,28.886075896337438,-1.28989899695365,-19.957065138063935
Alx1(+),-2.2354814743407467,11.742826396118904,-2.005408270630291,4.577598343925109,-3.144569595650735
Alx4(+),24.767751261717425,-2.975851872393333,-0.5728697352255807,-2.2792844712909233,-22.648206491951083
Ar(+),-5.267243190308232,8.267799841590028,1.980803645893174,4.097112081649973,-2.7587828269821677
Arid3a(+),13.73368566615997,-1.5668434292327296,-10.076730730787071,-2.034998263212003,-0.6540397266499851
Arid5b(+),25.113936709922704,-2.598142846295249,-13.390281055209496,-2.852881646796552,-6.594468480101483
Arnt(+),0.34755865175944844,9.726042584077602,-7.302548819500379,9.751620072903002,-0.3915754154713403
Arntl(+),-4.218907088014702,-1.449667382517664,2.1725877890438223,-1.1049483601966905,3.0427058576696044
Ascl1(+),20.756956694484703,-3.8276876671870212,-2.8206618759861004,-2.364024936549854,-15.00227113441998
Ascl2(+),7.2385388859547,-2.1835581835986733,-0.1472549796754521,0.7807637502350181,-6.593592742779596
Atf1(+),-0.2284895522817114,6.0349598935622115,-0.09596637347212,2.2390228306400664,-3.7180646370933954
Atf2(+),-8.04172670586042,3.4592311796099593,-9.752612519439023,3.4896643444003215,17.528516215425928
Atf3(+),0.0585077093075158,0.7995585647542436,10.897792580830846,-2.5391911541534027,-12.730048968558997
Atf4(+),-13.48302188105736,-2.0917021874700352,1.8621532284022766,-5.974294684455245,15.509608234921165
Atf5(+),-2.6736671761238666,-0.5387627275723081,4.139987352091931,-2.4828229027863826,-0.9324999737932617
Atf7(+),-23.833563008476894,-4.975894581535163,27.74723390667106,1.1692193328809317,-4.751018881104946
Bach1(+),0.8674221553793855,-1.755863704138762,15.254560705142286,-2.490056699655853,-17.53622179177277
Bach2(+),15.832324716930298,13.189280281550053,11.184149368696758,14.614865396078685,-55.01223699557159
Barhl1(+),6.217678139640396,-0.6956440146166626,-1.6976640169205393,-0.528760162133299,-3.9534142148339835
Batf(+),0.9376579973401049,3.8469723278360415,-7.989534470109977,-2.360335736378636,7.40142301404443
Bcl11a(+),-18.967542246642342,4.688070159145456,43.05831293298159,2.8540100026767,-30.240172533251332
Bcl6(+),4.047302665418654,-4.353068906428707,-17.19359492899797,-3.55346130896115,20.31348513351399
Bcl6b(+),37.54733217807448,-2.238708719665571,-13.461615708964219,-2.724234888488924,-16.844195882753944
Bclaf1(+),-5.98948616068719,1.7587206435637013,3.010186387685169,-0.7349505925882038,2.0265300466767084
Bhlhe40(+),-4.562721623518706,-0.8409026971520595,3.275240424142736,-2.0332956503758037,2.0938818761061584
Bptf(+),5.548737364552907,6.550170493604051,-2.1172028536423557,5.144672732351638,-8.80791352587079
Brca1(+),-6.496894326052038,62.24436992004858,-2.4200026525136504,-1.9680187924023764,-13.951334904891185
Brf1(+),9.231684334125127,-0.41613476945937355,0.7005966638072626,-1.1226065243101588,-10.008090213920356
Cebpa(+),2.1284910919937854,0.2675716729090262,0.767861948666952,0.9426836821098866,-3.6785619018071243
Cebpb(+),-20.39352403129698,-2.0911045211102293,18.200010674230946,-3.1763560648516163,1.8271144647255284
Cebpd(+),-21.605217235866423,-0.6951317901087599,11.436144435270343,-3.422191642356595,9.910687091522512
Cebpg(+),-2.7698091389483475,-0.9025251689478576,10.29145701311697,0.1094679134062989,-8.938820739371154
Cers3(+),-3.968517881132152,29.91626782245064,0.79424546790154,-2.198433868310663,-10.720458155461756
Chd1(+),-19.990200509038427,1.290088188542818,-12.902923197465165,1.2018109155296028,40.583273698538726
Churc1(+),-7.491923886586488,-4.572754199267941,22.495616762901246,-1.6891766511079118,-14.97855872919081
Clock(+),-12.420068374100142,-3.5329462558512077,-17.37623385509368,-3.414046744019382,43.94483557827405
Creb1(+),3.7170882346627403,5.3200781005000595,3.3139786953573216,0.840026028994365,-11.256759300527616
Creb3l2(+),25.58978138960889,-3.723175755947426,-14.184161428280204,-3.7159731726576317,-5.166441477549926
Creb3l4(+),-9.666560217881262,-1.574577502951673,4.161498623371964,-1.1275539906677263,6.431724933409948
Crem(+),-4.9166817523774675,-1.6129681701215992,7.497016443453401,1.1061718099762003,-3.312085315987625
Cux1(+),-1.0942388205863816,2.613588289490572,-0.2269583485434119,2.504423157591634,-0.9025641246295352
Dbp(+),13.19535339155473,0.27708961983146585,-5.1547436801252235,-2.123561387194218,-6.9188648286830565
Dbx2(+),4.206293556317643,-4.284277475533885,-8.88178917325149,-5.495079891516432,10.617506204067238
Ddit3(+),8.195635243749187,-2.1043796231757512,-3.2590298938010314,-1.5229900088750505,-3.0041452569197524
Dlx1(+),5.387550692391652,-0.9382160766944575,-0.7069903105158297,-1.453603653874185,-3.8020448483774216
Dlx3(+),-11.255921245380438,2.690899673937686,25.647434387295725,1.7652061564262624,-19.9214133251014
Dlx4(+),1.4054547496272576,-0.539788128680945,-2.413847773548799,-2.1995842935834804,2.5215730504265492
Dlx5(+),1.0638433827535128,2.1939055765690387,1.227891697103212,-0.7897738298869125,-3.500654382819621
Dmrta2(+),11.099407894428449,-1.296515605392602,-0.7777303559290355,-1.3027826823546798,-9.580362294421748
E2f1(+),-6.695147081198069,25.05226665362328,11.438696570896907,-1.0125200344872736,-19.56101122876304
E2f2(+),-4.4178335570879534,45.10902923209841,-2.199165559108292,-1.334555213645135,-12.328621233813825
E2f3(+),3.8334230216918326,33.2391439598315,11.548006429605012,-1.3387265354034719,-38.71539340569253
E2f4(+),-3.387664574016484,-2.7233867574323494,-0.46344615409062995,-2.5540715889376213,6.59078777833372
E2f6(+),-3.0588372311073666,-1.5286541301840655,10.294013090989342,-1.488676857865996,-7.676093676293562
E2f7(+),-6.912706072378288,111.81538903502104,-9.361830852304449,-2.70129997915545,-10.78323279793077
E2f8(+),-10.900357638740424,96.0855617294157,-2.366657504569458,-2.1581562111135075,-14.120162473524703
Ebf1(+),28.014397528388525,2.9212212691964474,-13.748089352279692,1.7088418909914171,-13.53654555986028
Ebf3(+),-2.0317463511455425,-0.9690903932963574,4.424158059572226,0.5126269870059617,-2.830638121857962
Egr2(+),37.90816109870941,2.842729409902579,-12.890169814228157,-2.73540710612352,-20.951584578101354
Elf1(+),-35.566884997915444,-1.9352934860037665,-18.79727419030515,-0.7047550526766777,113.97110392120891
Elf2(+),-10.51950825889346,-1.7835617587834622,-0.26528727317991785,-0.4589200556916634,12.695247422266004
Elf3(+),-3.9644921684317747,-3.2878100802645496,11.086786999925195,-1.101383349424641,-6.817006199928182
Elf4(+),10.265557422955391,31.175845674464057,-13.325258186453912,23.13914412484836,-19.013144439489917
Elk1(+),0.8783424126005109,4.586633680320751,6.995643632333573,-0.3841829899167266,-11.822948280434876
Elk3(+),16.449704976536978,2.5300191235838545,-4.059048989387126,1.1517062634681974,-14.135252926917074
Elk4(+),9.169882007195865,-3.968334230288786,12.40956088670451,-2.625006874739008,-22.434102018097022
Emx2(+),42.284915829901124,2.9724982037237195,-23.120835531368748,-3.712509947650137,-11.676694788447193
En1(+),9.195298035735766,-2.665458103411989,6.4239960066434705,-1.2713010502892579,-15.900861781654498
En2(+),5.620463304203443,12.620753909274123,6.376576490325731,-2.591975408425905,-20.225522791390233
Eomes(+),-3.190258448925708,1.0617852588411805,7.656912800704911,8.84779739251915,-9.702719337182298
Ep300(+),-23.298448546035914,-7.14002853452359,24.091854198647138,0.07312174216856857,-0.13922620584350495
Erf(+),11.006275448062674,8.939809667553337,-0.23429661276071354,-1.789650599701786,-15.785316491390535
Erg(+),20.247914436781997,0.04870983741772192,-2.479822599635117,-1.0749503506274942,-17.75708016150031
Esrra(+),-2.918925320966841,-0.8525228389224349,10.418758179979031,-0.6374533353314034,-8.671706695939227
Ets1(+),10.10160943909153,21.32021925195525,-12.655840987662435,32.813116088066124,-18.040375004601913
Ets2(+),-7.41871462556584,-2.9349843655740164,24.101748731942852,-2.344980542385956,-17.523765294876625
Etv1(+),14.623135447034514,-3.6190087977180334,-4.017852715555769,-2.455765099887326,-7.479279675116536
Etv3(+),3.6895859495093957,0.020485527614827487,2.218701084787986,-1.4233998136182642,-6.084687238261369
Etv4(+),3.859029273644394,-0.4698653146704026,3.423068798118963,-0.6103129422210695,-7.774606905900985
Etv5(+),67.01144002271164,-5.0558598400957,-25.62594839846708,-4.112672828931879,-16.838341039771066
Fli1(+),12.273338681139794,21.559619040756772,-13.903610063328758,29.76757043812887,-18.130362958217386
Fos(+),4.3182237329599324,-2.019431945224797,7.09407995567688,-1.6531386741740857,-11.535547058920331
Fosb(+),-5.8955075860161825,-3.657132941419036,-11.101529549678858,-3.393352551940362,24.159192994358563
Fosl1(+),25.40309032446387,-2.7375183982529854,-12.749796191620703,-2.7646652271056427,-7.541752325812876
Fosl2(+),1.2888354177056094,-0.7615308223855285,4.1761122769561565,0.9215286858382967,-6.3435841572252905
Foxa1(+),-15.664122078371472,-5.705963644912571,-5.605423220525986,-5.732760545907086,31.14887208076987
Foxa2(+),-0.863431269641396,-1.1907137820076277,4.858618749254907,-0.12923021117448094,-4.2361686451391165
Foxa3(+),10.669489467762237,3.714343063538697,-2.0242589996820803,-1.3794607828207883,-10.341599906084145
Foxd2(+),2.5242028791965554,0.6776712265170322,-1.2641957968598043,-0.6304017008172799,-1.2842489039634062
Foxi1(+),1.04532551545551,-1.2031951463319137,2.5357786700817213,-0.5197047846019783,-3.321108874689368
Foxj2(+),-0.3602411877241246,2.4636283241657586,6.310360820682609,-0.6753943345636396,-8.324752861255739
Foxm1(+),-7.8785042138349874,110.43589189825572,-10.138861306097988,-2.978164867112391,-8.60735857281038
Foxn1(+),-0.724170421344609,0.008679140966293485,3.042998599441634,-1.0699110378627696,-2.5018566354719725
Foxo1(+),15.006324603133441,-0.08318289321242059,23.38253164803707,5.998647140558751,-60.61018651994507
Foxo3(+),4.333555532753133,-2.175377193460393,5.2991821920193525,1.0066682593233045,-10.269075271125326
Foxo4(+),-2.0963060369871975,-1.512860228045323,-3.631299062180512,-0.9019535877435108,7.791489253373022
Foxp1(+),8.672423758973544,0.4136834665113759,-20.408000720148596,8.79529259856257,11.013940667675872
Gabpa(+),12.365282705599663,-1.6828750146889702,-0.5484261286661892,-2.521098016666738,-10.507912478740849
Gabpb1(+),7.741312022812486,4.034820685293956,0.9996039613604505,3.7177521102079645,-13.163742076570559
Gata1(+),-2.892701272975189,-2.6711517767524406,11.644549783896133,-0.9976026824668498,-9.00841458892349
Gata2(+),-5.043068719212925,-3.2529871207115124,22.4133386378268,-0.150429169335962,-19.135598213067013
Gata3(+),-30.826778177803916,-5.166968134050413,-20.59924508296948,-2.7009275078172625,121.62633590753256
Gata4(+),-3.4334763327700206,-0.7284539664207883,7.801978950022874,0.5295951557980275,-5.512788576586653
Gata6(+),2.1075060997901893,-1.922344383846331,5.366066176126153,-1.354763685833646,-7.176112093014814
Gatad1(+),-21.70342909093946,-1.3736436083489527,18.4823611922522,-1.979485166654054,1.8880805299938292
Gbx1(+),-2.2577557312286,-3.3824795918359882,-1.7045912266490872,-2.1118578471783445,7.089173732623437
Gcm1(+),-0.630639124195776,-1.2791419140713725,2.0776952754508144,-0.819548115653034,-0.8381506956983206
Gfi1(+),7.414500530574362,-0.44699739975826674,0.89262257050232,1.414585917190423,-9.258920149816941
Gli2(+),8.314875858368906,1.117900375657265,-1.8885781762260565,0.04241398105938205,-7.130201338125523
Glis2(+),-4.172411644350146,-1.7137067454305612,8.16858347281313,-0.07127772338172106,-4.401439518664711
Gm21411(+),-10.92214685974441,-5.177901854462483,-14.284672503169956,-3.382595416958935,37.25103924078657
Gtf2f1(+),-2.747736842425886,-4.283688038794783,-3.5739906171180698,-2.639774431237878,10.63000447516636
Gtf2ird1(+),14.344555648453463,3.7144406376204624,-7.622637760951202,-2.497079887323874,-6.842173302905492
Hbp1(+),2.6408319427994207,2.389512202241474,-0.3044138587666029,-1.4562179506836073,-3.183012544608582
Hdac2(+),8.176706529548424,-6.00391464225253,-3.827453334072467,-3.807430964766606,0.6335294377628684
Hey2(+),-6.935590177166434,-1.2265091954869005,15.668453925245679,0.6758849975683786,-10.752538340565453
Hic1(+),-2.1976529559264724,-2.300395276117547,9.747635178652418,1.0480065925264612,-8.494768610524433
Hif1a(+),-9.544902484090068,-3.9747759894398955,-24.754229930248396,-4.901094906610244,54.92345358872988
Hltf(+),10.652841501277125,6.539686407789193,3.899105870255555,7.212651502433531,-23.398519978175926
Hlx(+),-3.4441223037668864,0.1988492419782907,6.8019416564395465,-1.5188585562044004,-4.050161335203389
Hmbox1(+),5.009311107277268,-1.8682403369996279,3.2254020195300965,-0.48295598600872647,-8.04759024491025
Hmga1b(+),-1.827009941446089,0.3058086397617156,2.620211203595796,-1.0131900525167452,-1.0056526762517586
Hmga2(+),0.6167751670654106,-1.5120125627603684,12.464188279751326,-3.7719561022508956,-13.459346414405298
Hnf1a(+),26.82031229762937,-4.141412127201031,-8.750101076494559,-2.7185890650817632,-12.81333641172473
Hnf1b(+),2.572244429140769,-2.7189269943500514,3.2140249076021266,-2.3794503014509685,-4.251875479042186
Hnf4a(+),-1.7302102455957515,-0.33945629722995135,4.364394331420364,-1.0069791890149569,-2.8552736050229957
Hnf4g(+),11.736950356148066,-2.962359942997981,-5.209218037558278,-1.7021924483391064,-3.7683872461346506
Hoxa1(+),8.779559824938229,1.6918920701393996,-2.283175383317214,-0.5550860390866125,-7.225560725264989
Hoxa10(+),8.61712345223814,0.2481699224858456,-0.8678396341003116,0.9625663976092911,-8.573777387621194
Hoxa2(+),-0.9882024774837187,1.7473272842780607,2.3300033468159604,0.35363454965515867,-2.831471770343851
Hoxa4(+),-1.7894880071308212,1.1199656722432043,10.902230864718016,-1.814963372819711,-11.138755737102501
Hoxa5(+),-2.996555232394674,11.562272503088856,-4.865837729906543,2.3691381807111838,1.999684626016655
Hoxa6(+),13.996273809491973,0.7586278206103458,-3.978787798335489,-1.174776491465018,-9.801737212072704
Hoxa7(+),1.7024078463811143,0.3262292734488274,6.109488291654122,-1.571352095335171,-8.800810219010192
Hoxa9(+),3.59070625046598,1.6453823577727673,3.6167042555091076,0.6669822411144928,-9.379289100766785
Hoxb2(+),-2.320040233927582,-3.6579623265919974,-1.1150924395876873,-2.2550398678912003,6.639233883710074
Hoxb3(+),-0.0711855040530738,1.1874590546371202,2.6203725155475768,-1.8479151267805498,-3.0359323133213603
Hoxb4(+),-9.176245595359642,2.4885255367862245,22.04215603832204,1.3020762805179429,-17.9567796110821
Hoxb5(+),-4.485466581264689,1.7376940474265399,9.15010324419817,-1.3356385640327064,-6.639530021822066
Hoxb7(+),-12.07355711351623,9.513730764291168,16.510236695437264,0.7429315433881409,-12.240003435411957
Hoxb9(+),2.0556481038497934,0.20507560336674333,0.6484950044075314,-0.7853634748698535,-2.7807554808654595
Hoxc4(+),-2.4888649078896266,1.6750288058621763,8.584026440032577,0.8279712677946518,-8.900165310020656
Hoxc6(+),6.905877104791432,-2.909433490464941,1.3740186650212534,-1.8796194317859545,-6.704377966543528
Hoxc8(+),-0.08502256560939185,-4.038994119062838,-2.3209788379969525,-2.7781421574156986,6.1118471160551575
Hoxd10(+),3.7998818198865663,0.035426273969159254,0.6911889233898814,-0.5335010335547843,-4.686612888453653
Hoxd3(+),4.3372008665134345,0.19038604771550008,6.322870350448935,-1.0851297448926256,-12.069594969484607
Hoxd4(+),-1.5801780991453496,4.796135256570678,2.472367863384962,1.3142075578235373,-4.376033207174082
Hoxd8(+),16.050511198701038,-1.6075176953689463,-5.615632725350942,-2.8463538973941245,-7.911523849934225
Hsf1(+),26.836762217620148,-0.3365614980146316,-8.07901208583479,-2.299423139127319,-16.047429619604806
Ikzf1(+),9.882926280068084,22.000129094405615,-10.299311290762844,31.42142723128926,-20.80541289313516
Ikzf2(+),14.173169443496143,24.942645445325766,-7.542885706578602,17.93630350111683,-26.617501067356695
Ikzf3(+),7.6465378371150825,21.894312708390476,-14.443599209194476,30.37783363103753,-12.675339264736296
Ikzf5(+),0.33485480282705044,-3.2192044782857248,3.903308661722518,-2.623485050450572,-2.341597172436957
Ilf2(+),1.160825522786376,1.22252258612024,4.6638912936394314,-2.1290141908385487,-6.737712659407542
Ing4(+),-1.5484959204310766,-2.8805828356838337,14.0833277726025,-2.7049523284521952,-12.602166148685855
Irf1(+),4.817604484852503,3.1248777762143165,7.494882387911729,7.168640307052512,-19.17510033810168
Irf2(+),14.065335257357122,17.931937755890125,-5.66098277213763,21.143050757090982,-26.537674056150205
Irf4(+),10.138865190651916,0.49243306992922314,-0.5300800404443413,-2.7292659348532613,-9.329925424449184
Irf5(+),11.18226024011943,1.2064481812157204,3.6919431828339846,0.6948824481201145,-17.651902632997544
Irf6(+),7.6259962629193225,-3.504717007126312,-11.218387981519822,-5.764945646537962,9.389260158504424
Irf7(+),-2.5862956220817686,0.45658759277113775,7.234993311906156,-0.38124069069250954,-6.047264439274866
Irf8(+),10.753919419094759,6.964705884721459,8.318220538068225,3.9474542705769786,-28.9078753368848
Irx4(+),95.05672085133706,-4.194905487267401,-28.240612574284835,-5.362054830825781,-22.336322319166488
Jdp2(+),7.469746500579538,-0.74412202573869,-0.20297719560849958,-1.8194412119996524,-6.579659119651894
Jun(+),2.223911465875834,-2.4083629111884806,4.116354404204405,-1.926583325389522,-5.30761240212798
Junb(+),-18.838026299139152,-1.7379005862126342,10.524371450675153,-3.1097726163461235,8.829152479551535
Jund(+),-16.658586098527653,-4.80853894651683,37.04618495052433,0.8151679157509354,-20.19333402116352
Klf13(+),46.87659974694267,1.4985250213902386,-11.967302984970742,2.448654123194937,-30.699855925946405
Klf15(+),8.074448263986891,-2.969031748748766,-2.1899911879598855,-0.7924545011360046,-3.9715388149148105
Klf2(+),7.687266479159623,5.443646004682314,-7.077161496284971,8.280107148810087,-5.610734761359094
Klf4(+),-6.793559892109131,-1.469192327206332,13.184991726743748,-2.5934315699056127,-6.671161030605714
Klf9(+),1.7746618877337457,0.3625661258492246,12.757685502277436,2.6758866314651724,-18.896350759701345
Kmt2b(+),1.0028941452332247,2.4473749202418196,4.322442709139383,1.1074319148036897,-8.045867012726662
Lbx2(+),-1.1330793545058953,4.290859521056777,1.6807823868975933,0.8008683344261043,-3.432469114935356
Lef1(+),5.668162112065316,19.206253876542853,-11.824013345845989,35.67586831995787,-13.771716058487245
Lhx4(+),-0.1830149710087576,0.5942030682176747,0.28452553199132136,-0.7061255054842323,-0.20749517023842962
Lhx8(+),13.85797200616557,-0.5063895102132037,-6.317249673322051,0.06265762535344829,-6.575324605489568
Lmx1a(+),1.4872549002382565,0.499258109010933,1.5674378420605206,-1.3651259140797427,-3.2301708801497653
Ltf(+),-18.7880115910935,-4.221065284550848,48.441070207331485,1.3418186097471985,-28.02140127653337
Lyl1(+),1.5234752896700208,-0.7454475796108458,1.8988217820582411,-0.021481369758461634,-3.4942861195792734
Maf(+),9.722100379439647,7.766164442934919,-0.17823607840403818,2.7272820099312174,-15.58042912969038
Mafa(+),36.15729124530576,-3.398697393447114,-14.704428719132117,-1.1707476336923306,-14.223902668416002
Mafb(+),-1.5424210520391481,-1.065272227417557,8.30790548873693,-1.4767650469656244,-7.207647933311677
Maff(+),7.305800912921276,0.48846266160410184,2.4444006626489796,-1.7420142781511403,-10.386098928490291
Mafg(+),7.911835447251884,-3.3787357069851702,3.4337930074563365,-2.5545296915877946,-9.797639927193234
Mafk(+),1.2892660075591316,-2.4256910439764554,-5.585461707019253,0.21659061868602386,6.593767055360491
Max(+),1.1815498006479805,6.6793197607419685,5.516321030553409,-1.007143858754884,-11.246839883944084
Mbd1(+),-10.363694324959358,-2.543797461256461,10.915165892026732,-4.405821442793735,0.8898678435533439
Mef2c(+),159.62476028288953,-4.737685513853533,-31.62640222333018,-4.734702552236145,-26.84455639929139
Meis3(+),-0.6116898597702757,-1.2263976150882563,1.8937872142442567,-0.35235945886935327,-0.8386013803080515
Meox1(+),27.932228888387932,-3.2451100061013496,-7.601641187813745,-1.6201299853358995,-16.213052422326474
Mitf(+),7.348663314293863,1.1099189061199595,0.9116532455996875,-0.27672109489673824,-9.432133097266357
Mlx(+),-5.223314111838221,4.197797974178303,9.44379449733606,4.1689218800516805,-9.635847741941657
Msc(+),-3.689098319744019,0.6831168953146449,3.0350881750920267,-1.0967551963336506,0.2920421404529978
Msx1(+),-14.507883975400905,-6.399162063276482,-13.310315903164472,-2.794588820390911,41.988487138323755
Msx2(+),-0.2475828399207381,-2.448462255833872,2.0643000969842897,-1.2199945856088008,-0.44985503673763416
Msx3(+),-1.8547983079784256,0.7843774014621425,1.435608452423272,1.0091671115091174,-0.5593111321552363
Mtf1(+),11.21806905999117,-1.9463954242295163,11.777281774417752,-0.7043501986897134,-26.307002008295743
Mtf2(+),-17.610667606099046,-3.306381190119989,-31.987329626596804,-2.3580212123438993,107.06479299808495
Mxd1(+),0.7171923945432748,4.18432107795402,-0.8333326410027762,0.7732694316534664,-2.297040724852072
Mxd4(+),-0.6445266272282344,-3.0305380117431095,16.483653426753584,-0.9423967802850693,-17.13408549886707
Mxi1(+),1.841552248016528,-3.039554631245977,-0.4457636140784839,-1.7334074521189542,0.8648679330765027
Myb(+),0.5050568254026886,-1.7385027308859435,3.8425169242777053,-4.67332050675215,-2.4909092524837186
Mybl1(+),1.1719351377898237,13.037714446113403,1.330924154383666,-1.0458144536621543,-9.448837518029064
Mybl2(+),-5.992579655433484,49.033555697123965,-3.676752694485418,-1.2767598512097593,-9.932802600806212
Myc(+),0.4306505207502299,-1.0128691403871235,14.054130295295117,-2.3182900593495557,-16.058613760102794
Mynn(+),0.7732438698979613,-2.0617844594862635,3.982842617038984,-2.6443508918415244,-3.520098923248384
Mzf1(+),-4.219974591942953,19.511379782883324,2.945711597287568,-2.440090758579955,-8.315138285754225
Nanog(+),3.555190312732068,-0.7475961182631257,-0.314088322357791,-1.137512114451938,-2.562118698967026
Ncoa1(+),10.159112545287917,-0.2536374910490911,9.229733692481933,-1.0458113822148654,-22.34821005833741
Nfat5(+),7.29075906587153,-3.62169260477367,2.0563253302068527,-0.19648245606149534,-8.195441042040503
Nfatc1(+),14.913738176027874,14.663877459848054,-9.316039991354181,10.37200815988262,-16.30429676755009
Nfatc2(+),20.555486283753197,15.66350359803665,-11.077252268495426,19.030557040764403,-24.114490375771283
Nfatc3(+),-6.415517915426638,-1.9121521001824922,-2.4492137617933065,0.6191787804127705,10.657742409473324
Nfatc4(+),11.060219816204732,-1.4796954829651754,-0.2518859762022015,-0.5159651468579408,-10.394728000199443
Nfe2(+),-1.5361754068243743,-3.818493789494584,0.6176867934414486,-3.417672264281333,4.213238573098733
Nfe2l1(+),-5.104738876189634,-1.4816356876288086,9.240984270645374,-1.7627886486500464,-4.1744558811102825
Nfe2l2(+),16.19998085448967,-1.8822567383335247,-5.558351919801837,-1.5054578230036453,-8.485725189586
Nfe2l3(+),2.9752269643460045,-1.3980824542310006,6.115308454035185,-3.459199426826835,-8.519265704270934
Nfia(+),-19.765149725364463,-2.886784647978299,-20.486315149178875,1.3626507897440017,61.83094425642189
Nfib(+),2.576766152117242,-3.3619811958684744,41.29724913971006,2.677839401110329,-59.662766353764184
Nfic(+),16.386756078800165,-3.648150632194851,11.173949460627535,-2.514804879864894,-30.001138839693564
Nfkb2(+),-0.9262095394050007,-0.3851831437878744,3.417536103508538,-0.7120332621221799,-2.6573627919382337
Nfya(+),3.1404383999992054,1.8754191517848633,-0.704377556983575,0.30430377868931363,-3.606369244931122
Nfyb(+),-2.3320453832976273,1.146849743157365,1.030299354185481,-3.9715125061075325,2.0808439986801095
Nfyc(+),-0.9533481747587096,-1.354369884278233,2.0417826802058348,-0.618939419607052,-0.48668320952939054
Nkx2-4(+),-3.1452797823200465,-1.7905645222952347,10.361812067143763,-1.4070756996893259,-7.549810221815439
Nkx6-2(+),-1.0275500952912628,-1.442226815422311,5.765011917558873,-0.3602650323720655,-4.926366611197142
Nobox(+),0.7580236671709929,-0.20859217742162525,3.2504530714363993,-1.4898556701942012,-4.055168748275153
Nr1d1(+),4.59985433434856,-3.0642422660607607,10.623643451112388,-0.6417299093496676,-16.071697743919405
Nr1h2(+),0.9374913947942632,-0.37239999104754623,3.52056373586448,-0.9672490050260535,-4.678541603163276
Nr1h4(+),11.44672911151875,2.43485161714757,-0.0656568792905623,-1.2452568140908598,-12.97367516778842
Nr1i2(+),-0.8378381821109774,-2.3603925046093734,8.908478894698096,-0.7080750206738541,-8.267457663222368
Nr1i3(+),6.520224691687031,0.17276984831372436,2.058708464226147,-0.9176183327157307,-9.19892092961041
Nr2c2(+),-1.6495744342711223,4.8155278797523,15.938297874538888,-0.0023738172710175767,-20.421897202375682
Nr2f1(+),12.87387697496496,-2.5898618608691852,1.5829878859675028,-0.9625155506131335,-13.84304738334132
Nr2f2(+),3.80508978106176,-2.9140243356751823,16.318865957927212,-2.5272620983839196,-21.70064933271857
Nr2f6(+),-4.366839628460069,-2.271045926575928,1.3218688125694698,-2.053119529251858,5.026573244236454
Nr3c1(+),9.5059543682434,2.9424786590617296,7.779161837855246,3.4532310845938023,-23.56514412573066
Nr4a2(+),3.5803403310821915,-0.3355046798554631,1.0051888017141728,-0.43517328925625637,-4.669150946032666
Nrf1(+),3.562609749408562,7.331819801976975,3.750879859246886,0.8124511217340292,-12.751449983794288
Onecut2(+),1.5735004350489095,-0.16789121265816334,1.0194340796116963,-1.001401360268921,-2.434722291151741
Otx1(+),-0.28281705310938793,-1.7796326396333038,5.886309251737694,-1.3199691628626986,-5.326488047591192
Ovol2(+),-5.130237956467175,-1.4866689872610122,9.722283408446579,-0.16728166824601481,-5.305823648463069
Pax1(+),0.320823216334944,-0.9510603157352195,0.6024486105183573,-0.15653028576898698,-0.49436650085972506
Pax7(+),7.052716982754667,0.80074530277022,-2.989628433678817,-1.5969394992380477,-3.682673529809743
Pbx1(+),23.09084443866825,-4.563218439087468,26.218892597983064,0.9596487489509313,-80.14537281035048
Pbx3(+),9.756375949309934,53.3498126027403,-11.58722543198156,-2.0076187431534405,-18.638108604654963
Pbx4(+),-0.8583924820899581,-0.9215013802589218,2.3976317325371386,-1.796767909033299,-0.812347526891407
Peg3(+),2.9232618968523325,2.0025264016862234,0.2140471684610784,0.8340787647014574,-4.754397030403689
Phf20(+),-5.872887982013143,-0.7774039082947719,0.8420160913464934,0.43734259438017,5.462600368057313
Phf21a(+),-1.2973807709646323,-0.7873761155070477,-13.370526847694117,-1.2274579515514694,18.763190062174438
Pitx3(+),13.253936826924003,-3.372694714955677,8.19968537005812,-1.9643865982553812,-22.225941634395326
Pknox1(+),3.669923857677894,-3.057789489379811,-6.844181969931448,-2.080247893085801,6.763565525417376
Plagl1(+),2.789088387494363,2.1878738943209473,1.810614560615352,-1.479396019765341,-5.787174665456561
Pou1f1(+),-8.996063379780734,-3.495600514686276,24.17375667545061,-2.3448458497631495,-15.474980904689138
Pou2f1(+),18.051406345461636,-3.29891830818733,-13.148732010677847,-3.297798285136117,0.08233789136357797
Pou2f3(+),2.2332287805219346,-1.9380089044876638,9.209183417027683,-0.6504305911011452,-12.271369794748939
Pou5f1(+),15.768439234528282,-3.714553517398388,-3.3615390146549253,-1.8447935002307363,-9.614610612730168
Ppara(+),9.087701817753771,0.8569092053976536,3.1583344652534184,-0.5964830796484119,-13.889402597432598
Pparg(+),8.693643780319926,0.07797091728961014,-1.2417350671417102,3.3570984438927103,-9.008106255554884
Prdm1(+),2.354443327091271,2.226182346002543,-1.8657972420244557,-0.884346709577461,-1.1215556183706152
Prdm5(+),56.54027417108066,-4.451128338013689,-15.280752635684749,-4.255103607139179,-24.809708138948128
Prrx2(+),-2.431624098561002,6.106267969689258,14.061475935050241,-0.8408927257616766,-17.546864832821967
Pura(+),-0.03410448165348894,-0.7469332515399886,1.3418582440655862,-2.5426033676080686,-0.23502230990433554
Rara(+),-1.0615400939350619,0.5163317180040569,-0.8086379790329822,1.0471825387530467,1.432470549871599
Rarb(+),11.93980542894191,1.503798701647977,2.1181973818301545,-0.776031710066473,-15.987149258010403
Rarg(+),26.718947523883525,-2.8222364929340915,-8.271988494342311,-1.6685539865117927,-14.493709390222461
Rel(+),3.239921732748063,4.3053788457643964,2.332512643733726,2.8669667787151805,-9.722800780078536
Rela(+),-6.989283562010697,-0.3402583633949722,15.48270685822884,1.8337718716278255,-11.426794988981067
Relb(+),15.294521318933901,2.8753016479322304,7.869972388912578,-0.5799381397248826,-29.096218128131497
Rfx1(+),8.737248442766875,2.5450397784944983,-3.7473204872682677,-2.166132881274194,-5.260852019439288
Rfx2(+),21.759815354249223,-1.8818854495504227,-4.580145713290437,-1.5480602105906807,-15.16543853895635
Rfx3(+),-0.959604637566241,1.5370305099901176,7.535514656826155,0.8139567968610637,-9.215879399531481
Rfx4(+),2.275562268401626,1.6454748507836174,1.9833681991873588,0.0231971351734516,-5.715150730976686
Rfx5(+),17.803876894121633,-3.186331654960426,-4.916272463011223,-2.762531042877135,-9.65478656913599
Rfxank(+),2.3504687264851283,-2.9337972347882113,6.008797315491,-2.490542320516022,-7.234543083889447
Rfxap(+),-6.1621239685566565,1.5844610695840378,6.3164660847322995,1.050552141323553,-2.310317592994168
Rorc(+),-21.465992962726723,-2.296195778793781,46.689429064336665,5.567000081948699,-26.773455485592116
Rsl1(+),0.9258892118862699,-1.1715353248402804,2.452260143909385,-1.379960937003602,-2.791025236839227
Rslcan18(+),0.3898500559828271,1.1748273177135586,3.7769881665973157,-0.6113736554491441,-5.377920500098142
Runx2(+),-0.5096140534485593,-0.7244471954390876,12.964687613753794,0.9955056767301436,-15.139500393414432
Runx3(+),4.626844160601121,17.860080960532347,-8.759428929688589,33.15560736568756,-15.03489844692625
Rxra(+),-0.06398564782000284,-3.4074482970971793,12.63727350177205,-2.3112189458876236,-12.392415299107137
Rxrb(+),-0.07397080585803066,-1.820479347524951,6.998530139813452,-0.9475686287027411,-7.005652012474145
Rxrg(+),2.3382423167235515,-2.113644386994057,7.473955255029051,-0.8405470240697354,-10.084717936920521
Satb2(+),-1.2745159618531052,-3.303054286952511,18.742931994174143,-2.094519736974215,-18.47420160705675
Sin3a(+),-2.5426541175577952,0.6345292706461515,5.771544531726811,-0.7206952966819258,-4.311879256908413
Sirt6(+),-12.035647195581799,-5.527242601114057,-5.817577477284609,-1.2932402039274031,24.58353813044382
Ski(+),6.551093378560473,-0.6754265069752814,-2.7989662389381436,0.39786770353993883,-3.3294865008555465
Smad1(+),7.243005329443182,6.199500609308997,3.188466158526397,-0.034199117701898075,-15.184540084169596
Smad2(+),-0.21331308071964175,-3.8640452726036973,-16.399645612198892,-2.9808294053046875,24.064800263221674
Smad3(+),4.620670323279467,-2.4841037099324272,2.113486052293115,-2.7881349339597725,-5.07314297359414
Smad4(+),2.1155983481752356,-3.876996581251454,4.126754921805275,-4.0070221114005244,-3.636046546964507
Snai1(+),1.4520317672562424,-2.2624420045026694,3.494278628369647,-0.7809776107873397,-4.239282576355366
Sox10(+),-7.996151034697631,-3.7759167242465987,56.2585984400973,2.154578753753503,-53.937020048048666
Sox11(+),3.212529999890186,0.15158601053447499,0.8945857006645227,0.016085737900248986,-4.576949156893301
Sox13(+),-13.90711233412707,-2.0479047978878464,7.561889851612662,-1.2348072890732464,6.96917779580536
Sox15(+),-7.999875041938759,-0.14001610011253654,16.066939164595784,-0.8150445735334668,-10.094574855864725
Sox18(+),5.022151354719231,-0.560897083000396,-2.7855937261228267,-1.6248657007459226,-1.0530248407342848
Sox4(+),-4.791136360938362,-4.776728706270746,-1.614211106605854,-3.09095834990142,10.871759377534662
Sox5(+),0.12328922377031593,2.586819038546178,1.890092479501047,0.4227674058414402,-3.9631612815682393
Sox9(+),-0.8194059682585053,1.1182928992098136,1.9224788723424993,0.12175372559341949,-2.094036060652303
Sp1(+),-12.20516840229584,-1.6004133761117922,-14.72915710913573,-3.3086699122670455,37.01255857537111
Sp2(+),-1.7666289153322963,-0.7882468120348457,4.8740924705683595,1.7652131004513374,-4.216159319808832
Sp3(+),-0.6122154712356018,8.40867836290093,-1.275122591903184,0.014930863528312355,-2.3205912573581386
Sp6(+),17.544458515047967,-2.6215854887748664,-11.642484195588509,-2.5508735309936115,-1.793837628163728
Spdef(+),1.062076400083897,-2.1929729610590023,3.658882678310826,-2.438055130241991,-3.4434792869241715
Spi1(+),16.62606658081465,5.594836107773268,-2.448620272897131,-1.0412518976907696,-17.33456018006727
Spib(+),5.544336466639571,4.740707512120901,14.900858807118267,-0.009202598748283181,-28.264568076202796
Srebf1(+),-13.540657638630814,-1.180849560985171,29.892776651663464,-0.7917063676644636,-18.363278083431
Srebf2(+),-2.400293316658636,4.177962269233439,4.728591443060242,0.17688080918888419,-5.468338939861279
Srf(+),16.900956002060724,-4.39543637848349,-2.986766954408066,-3.370151161966314,-10.250605318983638
Stat1(+),6.405963204214994,20.66615652096409,-8.02942843982721,32.15067619639006,-19.234928005647202
Stat2(+),-2.1290954823743813,-0.708236495365502,10.840715024829027,-0.4800690535531406,-10.178194454675904
Stat3(+),-4.59492945729999,-2.2588296017406595,11.69769451015952,3.6660066640005597,-9.22766772411534
Stat5a(+),-8.010752848553429,-8.331870555609187,-15.7950105346566,-4.707221264808883,38.582872879398586
Stat6(+),-9.223456687524832,0.954010049584239,8.955355438008828,-0.12119948695001734,-1.4698579256336415
Taf6(+),-3.2078722459265854,-3.047542715847771,-5.901826957669225,-3.029682506065301,13.522844235731664
Tal1(+),9.622848995959764,-0.2722320059926933,0.2817839954359692,-0.8149575175462405,-10.100379142314486
Tal2(+),-4.360223401644444,-1.963664699741345,18.52545680713809,-0.8350363952640109,-15.916597864769136
Tbp(+),2.234415627429413,-0.574903846213815,12.627272634691968,-3.1135493962641787,-16.322369158703737
Tbx1(+),-0.7892541369027302,-1.2597898050741851,2.836262167245792,1.6521544026029404,-2.5086540241242994
Tbx15(+),19.619604565600596,1.977770873888369,0.8947854395718156,-0.6161383850183553,-23.178960579525928
Tbx20(+),15.225802386202224,-1.0424112248569168,-7.731435719511485,-0.8659744636576625,-5.60246983921617
Tbx21(+),-2.125362879398476,7.465061506847176,3.3849688609841846,0.3465438431987178,-5.971064706584368
Tbx5(+),55.04566479419703,-1.6597494900068102,-24.10802843335119,-0.8333732517237246,-16.464678168236855
Tcf12(+),-24.030594652565696,1.137708543137324,-16.23400609497684,3.567852991432627,52.94120375619482
Tcf3(+),-3.2790188711550132,-1.2343395315007306,8.27740974703746,-3.4995366654965188,-4.46249536460496
Tcf7l1(+),65.70260155908231,-1.4432276134190467,-5.7303846380196335,-2.933066168131134,-51.04434963335004
Tcf7l2(+),-29.25838550891173,-2.370112244058964,79.96469027165686,5.850153944695565,-38.419077954757014
Tead1(+),133.03691692581552,-5.311198321972211,-26.642465528960116,-4.057259874797773,-30.277023291057276
Tead3(+),5.773788645846014,-1.460709454576019,-1.4918858977480582,-1.0718809005054535,-3.119105401978326
Tead4(+),2.6459577976394164,2.7398964452056056,4.0356886778113354,-3.0440272067824394,-8.06378468780344
Tef(+),2.3610009920020087,-2.157830075456734,0.859021683382992,-1.51790538106659,-1.8103489883970312
Tfap2a(+),-9.335899241964244,-1.4546675663337305,10.47260114038863,-3.0515437634112796,-0.7366223341263535
Tfap2b(+),-21.48693344980453,-5.8178658510930505,-26.8163663382459,-3.578992585364168,112.56453164165917
Tfap2c(+),25.942770749325362,4.225266197760177,8.159983844483294,-2.761231384626499,-44.327404291453924
Tfap2d(+),7.071131906885604,1.0759119811292681,2.4323133615662775,-3.1564652226268763,-9.904075313285079
Tfap4(+),-4.565490034756155,-3.130506482755028,8.714096550870968,-2.8839281827097794,-2.817029836517362
Tfdp1(+),1.7814943287916052,23.016375289069266,1.2381464612420154,-1.8141250199098913,-14.769269452969462
Tfe3(+),-1.6962290306963173,0.040386695771261624,7.826589975412272,-1.6871115408708424,-6.99337309911022
Tfeb(+),8.453273593321954,15.554858101708923,-4.187075036573726,0.32885460562142543,-12.352215097922905
Thap1(+),2.665262474710057,-0.9452833987613678,2.282516821130551,-0.9280752251166333,-4.727803140286695
Thra(+),0.05167784274025795,-0.2036980590429487,4.00023445443122,-1.591631660218061,-4.170486918509344
Thrb(+),2.764229889462673,-2.4424680732397346,14.375902468777886,1.9318410913389814,-20.134183668038272
Trp53(+),-2.3791093997588866,-2.1646913792587954,-10.83162805641514,-2.1032613528793904,17.988091406677878
Trp73(+),5.147787540390405,13.300817375712299,-6.164033829856131,2.2824023698654305,-5.948172828848404
Twist1(+),-0.2748941571625929,0.8081257057235637,-7.406361505495011,0.6757419895324412,8.536619773745134
Ube2k(+),-15.242014039781129,12.283092398267849,-14.263677376091655,5.449946108875168,25.824357058376535
Usf1(+),-1.1042274050580236,-1.6877362648795986,5.942129643306874,-1.8995551111788445,-4.349149304941431
Usf2(+),-1.2680440395198926,-0.9086224320306056,4.791641901838161,1.150426025354178,-4.354265369373827
Vax2(+),-3.430776753862883,-0.45678593604230366,8.21585303668708,-1.5012225062305296,-5.39577036703788
Vdr(+),13.401791752760252,-4.228858347303451,9.43451407420551,-2.2084175364570826,-23.47251551628002
Vps4b(+),-1.1330834815675719,-1.6243583092129437,7.749185725536031,-2.2706717731648283,-6.375341798816543
Vsx1(+),2.7798323990946154,-2.8755302687096327,4.148776248288602,-2.526542651998645,-5.462793438881818
Xbp1(+),-3.7607108000013016,2.6463770321093523,5.6593601542335055,0.32093507128913035,-4.362061411015143
Yy1(+),-9.804361813925473,2.9867007540453447,-3.5516116675330753,-1.3092081979304289,13.719837901969722
Zbtb11(+),-2.1307765631137867,-2.7416654426311684,10.889305625902502,-2.462045281920082,-8.348003469395248
Zbtb14(+),2.4093350125751307,-1.2890545659590358,11.207180865704736,-1.5380778840024931,-14.96769022716262
Zbtb17(+),5.326757715307961,-0.10541827712395489,-0.8574539401712508,-1.4371140476304427,-4.013586761690684
Zbtb20(+),31.977041938416757,4.158699480371865,-3.3224496150746092,7.630313060320255,-35.97998818498968
Zbtb24(+),-1.9148747928349696,2.6970849460188626,0.8373745169668532,2.2306486495122733,-1.2584807420606412
Zbtb25(+),3.4915781986385905,-2.736300113867622,-2.723146733502901,-2.566171811759474,2.004832707289772
Zbtb4(+),0.9172440546480902,0.8271809932065025,0.2836658963649333,-0.2903696541184403,-1.6527338551713213
Zbtb41(+),0.43150293425136454,0.13332542987405177,2.5591864005764644,-0.03610035855919302,-3.599803195243447
Zbtb5(+),-1.3866766722444779,-0.7103078490344467,0.6094392943144165,-0.41113516333717687,1.2714826044605896
Zbtb7a(+),0.545541960330747,-2.1374929019473248,9.141439392111259,-0.6388046371889381,-10.210502128513667
Zeb1(+),-1.2079012199067207,12.159936404018259,5.107829064585464,14.064697096001371,-16.94136785150189
Zfhx2(+),-2.9167977669277882,-1.084630269908956,2.134025181633168,-0.19690766176922816,1.1790684636386366
Zfp101(+),0.9512907216893354,3.5450109095971847,25.289468493082147,1.0381984436726928,-36.33136956333963
Zfp12(+),-0.5852675528843251,3.4613718069872883,4.52864763374664,-0.914898671247336,-6.374247483845521
Zfp128(+),6.2783937069460505,-3.3148959914139593,3.553130494057527,-1.5124762160432867,-8.624963510409474
Zfp13(+),6.275086294531589,-1.588944677835841,-0.2830526989957398,-1.3750751511677657,-4.927633137150769
Zfp143(+),0.4336242224369503,0.3939134287283604,1.2207488573110412,-0.4326660792178409,-1.9820293378668916
Zfp148(+),-15.8358318482364,7.212008754663225,-16.369676478952513,6.555931235042599,32.65051955036962
Zfp174(+),12.666273766201023,-2.5654601560927452,-4.438585322420837,-1.6646061221157444,-5.867621909236803
Zfp2(+),-0.48520298327368555,1.2067006092732984,2.247336267944424,-0.7029637815010961,-2.581866240000518
Zfp202(+),-0.6846977497498716,-1.9722796242359217,5.043131086830229,-1.2405696152143237,-3.8105703624640617
Zfp217(+),-3.3194487533372974,-2.2931571019898884,11.92534977318949,-0.4807050596723315,-9.282270231604368
Zfp28(+),-0.7422965360904196,1.6749505419424442,0.11121804652010346,-0.5054832219810216,-0.06303919703579415
Zfp281(+),4.542298676161521,1.0713954994686459,-0.9263063495245735,-0.6881011134161131,-4.018508039848357
Zfp287(+),-0.5689242325302366,-0.564663939542306,1.5152239715753848,-0.5381182346968115,-0.7166896408578045
Zfp30(+),0.04940921980169318,-1.7814875900557303,2.752230460389956,-0.5363120725729855,-2.204596132159077
Zfp329(+),-3.8947068477695175,-1.5322909828341873,2.063722010374521,-2.3791147117512903,3.348964478469405
Zfp341(+),2.0636597718546015,-0.2163203569921761,2.513162678763626,-2.1237850307922286,-4.316138851539736
Zfp354a(+),-0.6869099857916805,-0.12223852233028995,1.4756895294884502,-0.1363566820852048,-0.931556840880665
Zfp354c(+),-2.3377747841787104,-1.8382384327601853,8.32265815298596,-0.7682571418984999,-6.212733755335078
Zfp358(+),-0.1432983394377591,0.4691951748192041,-0.23163113405237523,-0.2101538543563138,0.2554929410251729
Zfp384(+),10.390237323259939,6.113650224735202,-2.151780596402671,-0.8694387377765245,-11.420025976040437
Zfp398(+),-0.7041756697442055,-0.6412272138241112,6.57478915700538,-1.008360286333217,-6.440038933269409
Zfp41(+),1.2491278095920142,-4.138026917772134,5.477411984520983,-2.280254533398406,-4.8359233249191576
Zfp445(+),1.0673043697848088,-1.4021733957500706,2.5663534882622745,0.4911620403125767,-3.6496731429226004
Zfp449(+),10.201629310113523,0.11530919624749743,-3.256293868724382,0.4524442955478677,-7.036409293553942
Zfp457(+),3.422914173786466,-2.0075098091924035,3.17115332173603,-2.9959403420996136,-5.262661066864322
Zfp472(+),-3.356170985106357,1.5513757626425146,2.7667102044515506,-0.37583245834112194,-0.47222705819045807
Zfp513(+),3.573386664604254,-3.2479683679408944,6.056873127015234,-2.715258217042349,-8.356144944800487
Zfp536(+),4.09092994984252,-2.228160813557167,12.554235375173585,-1.2549326960588583,-18.179771362730225
Zfp558(+),-1.8099955799892409,-1.1576990645594094,3.6837795472672465,0.06683971571119762,-1.9107348522621408
Zfp560(+),-1.2378385457649579,-0.4088165496155713,3.9072915837664697,-1.0338844080390546,-2.7823118083397316
Zfp574(+),1.5743405842371567,0.9490155322145123,-0.46926589493554594,-1.1808041594808496,-1.1781170166597619
Zfp580(+),-1.4602774490028632,-4.740297674033106,24.05776700916988,0.04970538926734225,-24.685151875094462
Zfp592(+),3.497386044182037,-1.803874869029364,3.608897782848163,-1.2874470638448186,-6.624688120242826
Zfp595(+),23.260159640218166,-6.522349568845251,-12.012031824900127,-3.4668295323422162,-4.19790088514609
Zfp60(+),8.359778301087957,-2.8260381874598606,-1.0889220691733998,-2.2476434331271378,-5.13803193200388
Zfp605(+),3.9088981691439506,-2.8329736215266066,2.443603860833189,-2.474238020465206,-4.644930360329695
Zfp617(+),-0.2246597224851978,-1.6510705357599222,5.8785201039583255,-0.9400084942237317,-5.591635379298048
Zfp629(+),-10.881412793963499,0.6221838707046842,5.2409547256994475,-1.059927538788423,5.157520841692559
Zfp639(+),-4.002578849788285,6.5912816932036575,6.866638572112454,1.7670428285033488,-8.242544210258504
Zfp64(+),-3.0500391287209445,-0.7715559645117346,5.640295307419568,1.5832743123404331,-3.710701658652061
Zfp644(+),0.5490082893012618,2.791758082833914,5.361023935911285,4.395878328446365,-10.270230203245562
Zfp647(+),8.869778158913359,0.06274574223929325,-3.9153004610891275,-1.2697180971928061,-4.1814614220248085
Zfp667(+),8.30855878805338,-10.201026904743363,-2.9825757369447072,-5.399578908534345,2.280789215727701
Zfp697(+),10.207546073899934,-2.2386907654172536,-2.4056463513958275,-1.897861952000601,-5.90739335767739
Zfp738(+),4.271904872044736,-2.311550745222298,-0.2772574964524047,0.2889843854135406,-3.048794762095004
Zfp74(+),-3.4020262218614485,-0.11843141906304404,5.936207286330144,1.2062592488129613,-3.9046741174396633
Zfp740(+),-0.8901643006518833,-1.1063476928945881,5.961133880083091,-0.6576216120628795,-5.380394398462294
Zfp748(+),-2.7659639728597405,9.645492263914162,1.8898005677796605,-0.2482683103037001,-4.408158953443922
Zfp759(+),-19.803824667545218,-0.9937786270943689,35.69526588883254,2.680888777166143,-18.71039069528614
Zfp771(+),-1.6428069590040904,-2.451288511235562,6.6177376419472775,-3.1589545727300394,-3.7001374151923954
Zfp78(+),1.534194457072644,2.162946499311937,2.4890413245170735,0.8091800627984828,-6.11279688220214
Zfp811(+),-0.6998934800522382,0.17275790523317208,1.2085532917377593,-0.33673635679493447,-0.6812747704481762
Zfp85(+),2.9823046992600752,-0.5813108814511778,-1.600256484787643,-0.33200490707971875,-0.7955257127752847
Zfp874a(+),4.0574802467423785,-1.9317249340408669,5.941034489193817,-0.8359608367186411,-10.1880600563998
Zfp882(+),4.747984988507374,-2.173693162372593,-1.6369757520085741,-2.1336096379842235,-1.0877071750776723
Zfp9(+),-0.7824567284634384,4.163738017135724,-0.6035648234363633,-0.16480070995841806,-0.624257397535078
Zfp90(+),5.14083662871716,-0.3690213158374376,1.4862026026076076,-1.0215270956765152,-6.678728314580496
Zfp932(+),15.275980530575623,0.7034379618983428,5.732254146600939,-2.9901214617654412,-23.29168422001556
Zfp94(+),-6.22126547547873,-1.565774865480239,-1.7164674408238758,-0.8990922734707535,9.922397337464977
Zfp943(+),1.2864639252848975,1.8948994539672575,0.365028336383501,2.809197090682626,-3.870749402099041
Zfp944(+),0.831879303078572,-1.4560307245797997,3.930641733895188,-1.5641719745327425,-4.249490024725398
Zfp952(+),2.7852154992500644,-1.0865832425695596,-0.8686919795657188,-0.6625178961446567,-1.0726272842232492
Zfp979(+),-2.421125772106775,-0.7421191665246449,-4.027615681691456,-0.6706945575913761,8.115855715017794
Zfp985(+),0.4060824938091873,-0.23902102847849896,1.023544353730977,-0.3274657486371611,-1.4125344413181877
Zfp989(+),-4.902224885191323,3.646705846581494,-3.8327508019555787,1.005196646915216,7.501247268425501
Zfp995(+),0.9821419173467527,1.7831199135305766,1.594797835592534,0.33845266597308243,-4.054881291092002
Zfx(+),-6.624878514092306,-2.1170636794567033,-15.891897439080903,-1.8371158863518924,30.256370120966423
Zfy1(+),-2.4633888771186427,-1.2702540976425896,2.7774691059725938,-2.306154869544748,0.8074337020109319
Zscan12(+),3.5997128383111185,-0.23833788039635354,-0.5190559709734973,0.4492934460586939,-3.2266632551428547
Zscan26(+),-1.831391132326176,-0.6690494214791399,3.5337310502240316,0.9298160135990987,-2.291974639401387
Zscan29(+),0.4446843861723785,-1.8301798567078738,0.9814702962123865,0.09952066546990214,-0.7028326381593263
Zzz3(+),3.3035654317227796,-0.6910943204640183,-1.6010433668980668,0.4687569041127334,-1.371493465744039
