,BasalEpi_Acta2+Trp63_KO_DM,BasalEpi_Acta2+Trp63_WT_DM,Epi_Ctr9+_KO_DM,Epi_Ctr9+_WT_DM,Epi_Kit+Elf5+_KO_DM,Epi_Kit+Elf5+_WT_DM,Epi_proliferating_KO_DM,Epi_proliferating_WT_DM
Aebp2(+),-1.0196600326682619,-1.0284096197965238,-3.4495807498456985,-7.522099193744256,9.054078218782875,1.2308409196704386,0.5232838905133083,0.145077003055366
Ahr(+),3.6643340367765767,-6.239674132283199,-8.786396719352068,-15.961961377545862,22.32573773617589,0.14765777818589734,1.3495857357707832,-2.2968112968570003
Alx4(+),19.305743911326477,16.7701173838321,-6.689367966941492,-12.409949523551301,-8.90619624893369,-3.634510531344026,-1.2657805081158409,-1.1496477726185634
Ar(+),-0.9494102489652146,-0.6007922989258894,-0.4546276072377634,-0.475302494794679,2.390227924143657,0.6611063467298061,-2.065332797209231,-0.250094836028481
Arid3a(+),16.224084820778764,2.3757504293555396,-2.216457506094625,-1.9664162715737437,-4.383823612699443,-5.758872502828809,-2.971896518698531,-0.5500878915396475
Arnt(+),4.484665986283014,3.285731247531011,-2.5672540984562193,3.795553773527905,-7.534707779260989,-5.109289712213839,6.448416835893288,5.1145304142250465
Arntl(+),-3.1055004609021264,-1.6417742502091242,1.4520027009963554,-1.0477112671167994,1.5511329773117029,3.4166389856827157,-1.7219293708273802,-0.9130493707381699
Ascl1(+),5.446532639196579,10.547000349943772,-4.85516286514476,-7.417899597035344,-2.2499089149458764,0.3278244197492707,-2.302238301556304,-1.1638825110996653
Ascl2(+),11.887371622338101,8.446022480683478,-3.1764738555215715,-0.06808322326656735,-6.487593072018436,-9.107854638967005,2.250888042810071,0.33334296185047696
Atf1(+),1.651054908874695,1.618121218864681,-6.409562364956409,-12.42793415033113,4.468314668355615,5.167510594286375,3.731621777772206,2.480892115705251
Atf2(+),-4.020959296009959,-5.575619147427127,9.597342976362457,20.209833800698117,-6.983214308240816,-5.984503323734486,-3.9344670547018348,-1.3207475307805443
Atf3(+),-1.8472776559964477,-1.257482775579374,-1.47920274887331,-2.873975900509094,3.1335709045040043,1.0003155828603496,3.263703347488455,1.1018085016784613
Atf4(+),-3.0902569429648445,-4.523939300496156,1.9574422122852482,-2.8987802226852053,4.133716658076099,3.7070037609612063,-0.3770714906993284,-0.3828723075079909
Atf5(+),-1.5080826681745376,-2.57009799074032,2.4828205409784463,-0.41387223960343866,1.8836750389164498,0.10662810398122637,0.5491010843105081,-0.3068924861394526
Bach1(+),0.37594803352628314,-0.20198057218513893,-6.931150571205276,-14.711946979211119,7.9221645991207605,10.000666490902777,-1.6396214086819876,-0.7054299024533669
Bach2(+),9.563981011117173,10.982945368693,-16.489269504381635,-32.43218428633131,3.003937327125844,12.358400331107578,3.1680492000426024,8.471372255974138
Barx2(+),-19.886593875848632,-19.713298750619433,-15.709701377965784,-28.58945299008295,25.521031228891964,51.855319380080125,-1.097610074113235,-1.4828629692776378
Batf(+),-2.6824345847757214,-2.5075405549347924,-2.854208686931743,-1.1525134261195784,0.982178589749057,0.6392650882188644,8.94565422791041,4.043815590183849
Batf3(+),5.632727871879366,-0.0714008860614925,-2.6904333759032455,-6.842344103730735,1.285144064359021,-3.431164461867903,10.998230054006042,0.2092153354439209
Bcl11a(+),0.7442254961211962,1.680534372188556,-16.145335382016658,-28.779228639085396,11.563834709335453,13.429047189514732,6.628191274915512,12.336584531346212
Bcl11b(+),7.768628717407143,1.2072982305254316,-3.201452478636706,-8.689541211019263,-4.156492213109424,-7.418862013865233,23.842668325920204,11.802555031167712
Bcl6(+),-7.406448517010969,-8.908714020951399,17.72050871642923,21.279572768913933,-5.546803063809388,-7.359024559741044,-3.5431928021653305,-2.4132464341664357
Bcl6b(+),24.462983335487454,18.020002818935225,-8.748360596352004,-17.27744452306668,-8.672619294387887,-4.081742209934837,-0.1804600214752353,0.5574501890042601
Bclaf1(+),-11.850248982986262,-8.97651137296362,-2.2991696746244568,19.203564801129,0.4955247170488929,2.776013075789779,-2.5561540444329998,-1.1709000362912714
Bhlhe40(+),1.056812258380959,-1.1031356446705118,-0.882293849001476,-1.523193073427575,0.09417685337041207,-1.4075799112470666,6.078301698324794,1.136979912780877
Bhlhe41(+),-3.337706990984655,-5.557006198710012,-0.8843983685131469,3.399329274835329,2.588616654969551,3.8815301154938666,-2.5145245872907487,-2.153942449901299
Bptf(+),-0.7333334116395783,1.3105197893025355,-7.303851809400507,-13.236607758827535,9.662848790418026,4.691880138252155,1.9040430346997446,1.4750924913811405
Brca1(+),-3.918825643473561,-4.773174114622122,-4.7893388172061835,-9.499836533914586,-1.8001348008508253,-7.381613509639722,62.300817243299946,24.21024671416598
Cdc5l(+),-0.046646954029879104,-0.0965359372809255,-1.9144306059191867,-3.6221681691008056,3.796108591446877,-0.517763104393979,2.4099160984416432,0.38761445500768815
Cebpa(+),3.750097982033254,1.4714714451315454,0.6485490122549282,-9.444662782271081,1.3093038414036717,2.746469322363012,-1.4405937120730776,1.1223720487771693
Cebpb(+),-9.08495846696183,-14.411497110136324,8.36606004134885,0.4776384024104499,15.960592578205151,-2.2255339486308143,1.9161092408816491,-3.0822853887002912
Cebpd(+),-10.683460998985577,-16.197140954080467,-0.2778681191838103,-12.176776067305127,26.678946635550012,8.792795278118813,-0.21404627821029862,-3.8130585481596775
Cebpg(+),0.2501945709176816,-4.0981325060981755,0.1580193172025121,-13.270557514059837,8.894696175776435,4.539790653834152,3.2360488238513616,-1.2965344117108126
Chd1(+),-15.919443487744813,-12.992079768086997,9.20014243181562,28.860707886341892,-2.99145403810244,-5.56849952499141,4.245578200727158,1.9256575741603414
Chd2(+),4.8371135771707285,8.072611449414866,-8.85905295220763,-8.491367639523737,1.1142206291870083,-1.1849196028755433,3.6304187903015532,2.9765575351825873
Churc1(+),-0.46851073570158364,-1.8527435944322752,-1.8279506709366131,-9.527405841351397,7.7899904554452934,1.086416972307041,4.382947954262733,1.8934108911711731
Clock(+),-10.60835444498921,-9.70323048846708,14.85907579025916,40.55239801104897,-10.940984984899059,-11.562207450810122,-1.0355543457718595,-0.9047311611071259
Creb1(+),-0.22944402183667625,4.419663884092748,-2.0997607722540677,-1.5267468965435307,0.7613199532038526,-0.9837814833122138,-0.2729959734460796,-1.328750458299151
Crem(+),-1.0737364301484391,-2.6315098909973473,1.4817018020369472,1.082785052075596,2.606851594626127,-1.369011850770591,0.8462783624291539,-1.8437006083445915
Ctnnb1(+),-7.265512543194289,-9.66953080553013,-10.799852981768229,-21.020091725390483,19.143270082877624,21.69906417930078,-1.43464020639198,-1.4845333856250214
Cux1(+),0.3445500781283896,-1.5144075908611472,1.0233752655702062,-2.2161988878138,1.681901021939284,-0.4474810955045984,2.4466508456124063,-0.46983967557040746
Cux2(+),-0.791134731422594,-0.3172763932665563,-3.8959528754142405,-6.8806006691130515,1.2685886961725892,9.523405198270408,-2.206690772399183,-1.3921156232402092
Dbp(+),1.0186447562813878,6.846607254937273,-5.394957165208113,-7.758337482943026,2.217857244871766,0.6521901756040943,1.992482585480596,-0.01789740936402962
Dbx2(+),2.562884995804249,8.013984496406394,-2.44031081463418,-3.662445393508932,-2.8142459788039234,-1.3286020204146294,-0.18772789799490242,1.8066446410882984
Ddit3(+),-0.7961521127111229,-3.49999349652554,-2.5392571952634304,0.5309884399364335,3.5451873684699637,1.8900224666875618,-1.4614132183431696,-0.6582787700982247
Dlx1(+),1.6889982604351157,9.695605517402575,-3.670485691961123,-5.753492092480139,-1.3293313137922285,0.23345624617829644,-0.8329156978693276,-1.0615330615978706
Dlx3(+),-3.1737437961893993,-2.2034265166819105,-5.142085287535443,-8.931161372843885,5.314824804085389,10.951381799576655,-0.8448442231416383,-1.5320570932608326
Dlx4(+),-0.9939735290893383,-1.9108233636083267,-0.4776004589816213,-1.4645889640183358,-0.06686727459210187,5.143698103714674,-1.8512720607158857,-1.0842452274267727
Dlx5(+),-1.484494740201221,-1.2529070158053977,-0.07625674190979669,-2.9745406244926866,3.6780249566545984,2.500763298042898,-2.228268211064512,-0.6300175872985135
Dpf2(+),-1.4482710678821924,-1.3835729857534234,-2.3332588268402104,-4.590078013097943,2.1824655536468587,4.900643537762561,1.2828600244657105,0.24349997455575245
Drap1(+),0.019325710978583707,1.4538804218142263,-3.6547035695373835,-8.447986557663905,4.11272489219995,5.11913598278681,-0.928259452037088,-1.1120969176615467
E2f1(+),1.9159457363711043,-6.919179883419182,-5.259540825876099,-18.656176604848476,12.591727008890267,-5.627720983790497,34.62836495152579,6.663989628609557
E2f2(+),-1.8637740227298072,-4.774332845701066,-5.150258733813703,-11.060188853101273,1.0140053786548213,-4.750251716919563,46.53811583391945,14.620040109019143
E2f3(+),2.483982208879948,-5.432868620623727,-12.859857072844266,-32.979701982011925,17.48862042833036,2.1996795165556837,34.90422413625607,8.657145193067347
E2f6(+),-4.394565003510988,-8.684286834920034,-2.6301918387749046,1.950591297637847,9.01863020418234,4.491015093101592,-4.681379475170114,-2.785693052333677
E2f7(+),0.59896874737253,-3.028236143300832,-6.618617563001477,-12.963979768583178,-4.160018668090328,-8.082116145782129,74.4913577050638,24.60960892818379
E2f8(+),-6.173746608360981,-6.30337413406071,-8.757872535732213,-16.36922234393557,-2.003738906185131,4.24964134491057,57.93816199986108,26.475727340061468
Ebf1(+),5.778816243969016,13.676691426356497,-10.290605641648652,-20.1612378844113,-0.4725485153233577,3.0673332202681296,5.365586506159748,10.121792493137704
Ehf(+),-20.492130449408982,-18.710054292749913,-14.381795049103228,-26.42209587706961,22.11738233124833,51.599762018928224,-0.3028018072306303,-1.5358832945543008
Elf1(+),-20.84471392115475,-22.75564974653404,27.91639917770549,32.22106079897305,-1.4650748419554762,-4.689126925517052,-1.780937663331952,-2.319594782302294
Elf2(+),-15.002705031401021,-17.07013099443829,1.9565345979968136,16.572366609120934,5.633649384528137,3.3073382947493934,2.6371171987798276,-1.5598373053415173
Elf3(+),3.1842480102083197,0.1299409413307486,-1.884809204881874,-6.743224788160072,4.730711560952292,1.3083702244219269,-2.8503396945585115,-0.8072848164742831
Elf4(+),9.393829885098729,6.256706230383034,-8.356339721372182,-18.450633251499767,-2.6883232306682543,-5.447404280801936,29.094795843687724,13.637872757839745
Elf5(+),-14.583749730595672,-14.699999949301757,-16.796871061196224,-31.44696584975343,31.198530510664305,35.46279419759994,-0.8698795929973155,-1.9301223613885694
Elk1(+),-7.333880124160841,-9.92637017556865,-5.029041529790607,-11.896291743318514,16.627965472752468,11.666918367770158,0.3817667864573476,-1.5611410745305179
Elk3(+),8.78081232499984,3.1540119121573227,-2.5648586717328303,-12.789440039306854,2.62749092382705,-0.4700811454345274,0.9873606353262675,1.700701309431748
Elk4(+),4.5035853918421,2.863358985298343,-7.066841959117457,-16.272612521239243,5.4816689052274405,7.155596862016912,0.4717571235380625,-2.020040829270558
Emx2(+),32.21537664055954,21.656431379721074,-12.960095045125827,-20.410347595180774,-8.281694256573546,-5.533460519332224,-2.988450707744398,0.43201906165051773
En1(+),0.16079110485225834,13.71093767714599,-3.096683694919289,-2.059776254456435,-4.300102934408767,-2.213036788903098,-1.5304960974388926,0.17721468851005087
En2(+),-2.6306739942414668,-3.276637231754251,-6.983749446999601,-13.752494103416383,12.667220138053004,3.0749825202892795,9.889918206284156,3.1479702742161875
Eomes(+),3.070151120250562,0.7035395510393907,-2.688950510724066,-4.010207853548187,-1.9081021031338958,2.7313667723253596,2.757792931388161,-0.41482777911035973
Ep300(+),-7.942602580315018,-8.206257440765539,-2.2648111532019977,9.358735899827176,6.607475289504277,1.8968160361075321,-4.085664842055239,-1.0993420232902285
Erf(+),5.87448306338467,0.12424996694605488,-4.016579279738632,-9.932460824866743,3.6938212007790745,2.1390074785560826,1.1998713033218849,-0.5089242472934477
Erg(+),15.368266382354442,9.608735188330002,-4.763027621054544,-11.014958868914452,-3.0412040884175644,-5.323091687552245,2.4560480643680633,-0.6771125656317716
Esr2(+),1.3145740544064244,6.6263143908565505,-3.5212779929455267,-3.58894145299511,-0.0657479780348777,0.35110060862473896,-1.8940030013803937,-1.6062249581147192
Esrrb(+),-1.8419344168765468,-4.057609544723943,3.5943046080377923,2.8083664990903077,0.08389711712026204,-0.0929440803735096,0.6568818261669519,-0.8719361649317318
Ets1(+),12.609666947250805,8.662640975264997,-7.812644244351557,-15.744904232857023,-5.808282537305186,-6.7026373840191225,22.794619992960044,12.994736233818765
Ets2(+),-5.605157865120706,-5.522507107486421,0.047557885568265026,-7.866266535097098,7.864202786173513,9.947214578995645,-2.389216657548475,-2.2770386790178834
Etv1(+),1.9369625163762587,16.612955053796945,-7.930992669847768,-10.628225342730005,-3.2460691559352575,3.5582293301897705,-2.5066144487213626,1.733934123680087
Etv3(+),0.6657536455870424,-1.3965860024766468,0.8441246948812436,-3.919279940994651,2.0596228571104285,-0.3580697017506118,4.505355227455015,-1.2545304247346685
Etv4(+),17.609551902422115,0.4043319588480803,-2.7522218599034427,-10.682833787886063,-1.9614348371260406,-0.06688216743137833,-1.6499629625299057,-1.5777503231714212
Etv5(+),55.26186779815947,7.809103618830071,-7.622825625354557,-13.287659924435374,-8.73698408983866,-14.630781880634043,-2.120621958689928,-1.0420972943393647
Fli1(+),12.098784227597253,9.758341952882164,-8.00371842422669,-16.51137202275243,-6.409855678297195,-5.894036690465052,22.162489769655064,14.311537001770327
Fos(+),3.905461049857666,-1.1740495389000887,-3.2515261256208157,-5.9800700820221175,2.867665421307063,1.1118578769534213,2.0154432055602407,0.2846760834403369
Fosb(+),1.3228975184180582,1.3096090155024522,13.177887149186954,-2.7524971209720825,0.04715051400499674,-5.707124011439047,-2.5827082842119427,-2.2524934486075305
Fosl1(+),19.963194408858126,31.386215985660325,-8.141068967087701,-13.900358553109166,-11.574393033097946,-8.944715659313385,-2.5699390998709384,0.9024480013624954
Fosl2(+),0.6247197108334281,-1.594282181404715,-1.6873397050356513,-2.555396326996661,2.3130966695039126,1.500576201374466,0.3445400969336157,0.3569276705641805
Foxa1(+),-16.746208162499975,-13.490057761146245,28.831806357400197,75.87530852436232,-18.301585429336214,-13.494098604257669,-7.866196781395102,-3.341010887954728
Foxa2(+),0.32271228061762464,-2.228574797232382,-4.506141744303914,-10.844320893727392,6.267066511630398,8.442188118314219,-1.0473630372530254,-1.408059737203148
Foxa3(+),6.918896833026226,2.796358656254723,-4.943025908460006,-9.438026420150289,-1.2522731450197226,0.617460820713526,6.743739376880623,2.9439205976850014
Foxi1(+),-3.0341176741881557,-1.1100544792298999,-5.569490919862139,-11.422187682694103,8.746372613285596,7.284562556674418,1.6850703993026808,0.15314325453245048
Foxj1(+),1.8033450205793329,5.029488399960806,-4.134488150307315,-9.191412390703947,1.8405614310980367,3.48112375746926,-0.13397608070833772,-0.6902402766141656
Foxj2(+),-0.378551163775338,-3.269517063632812,-2.547782277334436,-8.95825918686129,7.074616576089529,4.534246459396598,1.5270461706161473,0.3736583065045082
Foxj3(+),6.134895904185364,2.8971488493068924,-1.8627483033380947,-4.5089193059379875,-0.32753513489017855,-0.715667539123084,-2.0067827066487003,-0.6977289729859129
Foxk1(+),0.2652901004740707,-0.4225183171415325,-0.6299409703017483,-4.438625274962753,2.9019186089509956,1.894353971735993,-0.39178652230171856,-0.5819819921503189
Foxm1(+),-4.324118885082054,-5.033396121312378,-3.8738445170435756,-7.8499649830661555,-4.560179824729638,-7.280118151952419,65.77051381659099,27.057510323492586
Foxo1(+),21.06637555305593,16.948891306431232,-12.800610473471695,-34.414969999449795,-0.5970251966082769,4.246658484073217,0.9559950816701565,3.1804294549435914
Foxo4(+),0.3316049320108486,-2.5426311611491355,-1.5264234863468462,-4.472501657640972,3.958480709657123,2.612218339389671,-0.01962911856359049,0.4856021598918143
Foxo6(+),-2.4650699915144227,-2.95998159224562,2.4187479400867145,4.700932341816263,-0.2956428296176433,-0.18644543646919426,-1.0439155941175935,-0.9863971319473063
Foxp1(+),4.719916353459583,10.720010218463699,1.3846151108390907,7.956827073505707,-10.226640763197544,-10.387275897861807,-0.7677977971801875,2.0132466985069857
Foxp3(+),2.897762464719316,-0.4594432811174058,-2.95312658787521,-6.043804369297087,4.054653773667884,1.0988460241317128,0.12628505786342994,-0.14433581207332555
Gabpa(+),3.1249288844165974,-0.2046331740760861,-2.3991720417980438,-7.738535869531908,5.036164687852474,2.4922056600324196,-2.5030959852768193,-1.4559813472678036
Gabpb1(+),2.1706506029686268,3.2606761833946774,-4.156907056277376,-10.739170846501109,4.484982586838854,2.1562314223638452,1.4208653907976854,0.9633838725769843
Gata1(+),1.244217298266153,0.4891481216559953,-3.8972357436829768,-8.105886543396187,3.130096295278597,5.93758592412358,-1.6147881901362988,-0.7187378888477283
Gata2(+),-7.5018053742950075,-8.030790189014702,-7.721590953717317,-14.109860790416205,6.541692600166087,26.6299217079663,-3.2143062896028844,-1.1690426579785005
Gata3(+),-18.799953272900257,-16.90121303317192,24.188695902239957,86.38753988983409,-13.654994160565808,-13.917342391983485,-7.1122045584897275,-3.7379978707712755
Gata4(+),3.9288345309571397,3.6140662744151686,-2.130605881081089,-2.818437380497481,-1.0387055524486564,-0.5668645594467584,-1.1696667480470662,-0.5701928864995717
Gata6(+),11.331604161386856,8.02185910516035,-8.630509527894233,-14.614730145908647,4.205434108895454,-0.6748848149548639,-1.4613274490986512,-1.689561225682217
Gatad1(+),-8.372583266732649,-15.563860481096517,6.478819579067634,-3.4045659993104924,19.92182446939846,-1.2827146195816759,2.766756726334438,-3.0808296738552796
Gbx1(+),0.2701586495426537,-2.0458324888206,-0.6232400470730218,-3.0752746393659907,5.139283865535322,-0.29624983036479036,0.2700844742870875,-1.4245400387016072
Gcm1(+),0.9237466091200879,-1.538630124187221,-2.3239708484658053,-7.4920708151316875,6.711431881515027,2.7437982006679125,-1.2928785617132696,-0.9250404970586812
Gfi1(+),8.912014190952627,1.3319529116124351,-3.3433816847318325,-8.990551782115805,2.1850169340081993,-1.1013483312868981,1.1696616895106657,0.0697594356550389
Gmeb1(+),-0.6012439631102758,3.7399543914850786,-4.2351923196883305,-7.365055920077434,-2.9124144504953007,1.8800708402145363,11.71520514587088,7.5765130521804025
Gmeb2(+),1.8521853534527613,-0.5105641031470138,-1.3746097931472745,-1.3634677730173044,2.863850507782531,-2.0562706367887285,-0.3706925027180656,1.4374360616031527
Gpbp1l1(+),0.297250254935361,-2.912932143133105,-1.6219901415930615,0.9690790314380219,1.8731672611971408,1.7307510307160314,-2.040793161328344,-1.5223602288555513
Grhl2(+),-2.4946492263259183,-2.5374153637132255,-3.212747470952531,-1.1509074679023885,4.280032016907174,3.5717329714730655,-1.6109099738500525,0.04070831640026034
Gtf2b(+),2.508670277818046,0.052490364658593545,-3.0942765675699677,-6.113369919940345,4.192552546857117,2.228200577586732,-1.3392154029707912,-2.124972650703699
Gtf2f1(+),1.2710702490284291,-0.1761066308733092,-0.7086397418555896,-3.926873898700268,2.313686286744566,-1.7853154575561776,3.7186484711037107,2.8241905810140335
Gtf2ird1(+),3.1875066828378054,3.313841846041845,-1.5965049212602578,-2.9472869448818333,-1.213691021543156,-1.3445918615262353,0.1644420074160392,3.10787410200441
Hdac2(+),-2.2057744378953053,-2.18640680119924,3.4591459402715197,-1.168809635624695,4.089721604725932,-0.8196898922808317,-1.5446474308628324,0.18658924000366575
Hdx(+),29.195306528443588,4.449010024752965,-4.815913653670953,-9.65791205136679,-5.333239003449753,-8.067308954496733,-0.46952081184066696,-1.3539779039657838
Hes1(+),1.4048198004058763,-4.176254569894217,2.232323537431311,-9.108238945159941,6.772601916880718,1.2284105272718573,2.4829780165821633,-1.001123094303849
Hes6(+),-1.0077897079656695,1.142205597507937,4.909275408657728,-1.1830746262173295,0.5414216294314835,-1.6473932605525494,-1.4122177013282227,-0.7644667869598265
Hes7(+),11.267593806875086,15.14353508612627,-4.354946379560112,-7.938775643326804,-7.163585180018978,-3.4421708066649908,-1.929603140155014,0.6587174645046494
Hey2(+),-3.0644982250407113,-2.498605872299601,-5.185836899217016,-8.494948457453834,3.784372676435441,14.237800064104759,-4.7580066608070695,-1.3010741683663445
Hic1(+),-0.6592432171086081,-0.9806564307678138,-0.7671534483138839,-1.0289776062767315,3.2327158558775655,-0.13275133170320505,-0.597536763409558,-0.22140270180346214
Hif1a(+),-2.1667266212155214,-7.086154664398308,7.539784231600223,20.378089102733988,-4.729933778981087,-6.577357070059677,-4.702252013575062,-3.1504743700469224
Hltf(+),26.359744725052355,10.19698363021721,-9.11479328127771,-17.251901420709956,-5.432039516255916,-4.832091713186065,3.8633550580352742,2.220336123117687
Hmbox1(+),-5.494108255725421,-5.551426167036486,6.920983435028064,20.50366978778581,-8.181205204406501,-2.843399361479205,-3.115774519207627,-0.7388542801848486
Hmga1b(+),-0.2670595545424658,-4.950673625847274,0.10400278445700699,-1.7994182721599152,6.163353637688134,-1.0304870969349824,2.2310124807203366,-1.5202749490497156
Hmga2(+),2.6317208229611677,-0.8200240248859435,-2.532588355481089,-7.10192234618985,6.261388937848092,1.624740063005775,-2.2910455297179544,-1.4555093462330213
Hmgxb3(+),-5.686084171058454,-9.644361959831764,26.074804121265526,17.91203004403346,-6.590890211797584,-8.003124409299295,-5.09842442576856,-2.7568487495328893
Hnf1a(+),30.495195676809157,13.527856085418799,-6.114227098445041,-9.447062513194956,-10.30083921813753,-10.443240506634124,-1.8930848474949706,0.8631164260252067
Hnf1b(+),4.418686274249475,2.2780233787254396,-3.26902541744327,-5.025616163481496,-0.1771729067353339,1.814382652041407,-2.0108090594195707,1.2184759980095947
Hnf4a(+),0.21289363352041812,-2.4419058911903173,-0.5116815938069242,-4.301960863167977,3.7400946964435597,3.6933046349784737,-2.0489279608115134,-1.9956541187687578
Hnf4g(+),8.423580973959524,2.269859681535963,-4.935512904394705,-9.830183633512146,2.6813810726784815,1.5834560459290414,-1.4778197767804155,-2.2387990637979125
Hoxa1(+),12.695800535552493,3.9373718738590986,-4.100826071734937,-9.18637738149296,-7.837759052369323,4.971316888411669,-0.5722559798353297,0.5962670368854397
Hoxa10(+),5.124108095334803,14.19575971258413,-4.24849381963536,-5.409168150632143,-5.045117477791153,-2.5844083506627427,-0.8732519959829285,0.25972051737891383
Hoxa2(+),6.530193827635208,8.66223050810587,-3.1233490699733553,-8.749378361183181,-0.3284659887399029,-1.3265887510138432,-2.0894059262951474,0.25566426650855345
Hoxa3(+),-0.27540258960102015,-0.31098510203133545,-0.8069385459903319,-1.97041541148056,-1.033854350061493,2.274900783387044,2.820877855970855,0.25922149478213424
Hoxa4(+),4.481810368357854,-2.060336762937174,-0.7943698233968046,-6.792778856776292,3.7774033519571844,1.6626455302115248,-1.102671069424647,-1.5590022110598065
Hoxa5(+),-1.989439372630929,-0.9927235706450749,1.0254048673336151,1.3276994318536017,0.027910835859211267,-0.06006327886341053,0.9769196987051685,0.7098118694474148
Hoxa6(+),2.7704983695736503,11.185587684391114,-2.91310679212468,-6.407699777924234,-1.5908444045026948,-2.310779783883238,-1.2822240415357133,3.3339670915822244
Hoxa7(+),0.7095112610945404,-0.8477118657276124,-2.824008912232879,-9.906770597568869,4.510357732700742,7.490364632528113,-3.157808770306348,0.3050315094090881
Hoxa9(+),5.004569859423316,0.36413652816708975,-2.6042272878118333,3.6027468340963464,-4.784814093072189,0.8074985865849876,-3.9778026333927388,-0.657455862353379
Hoxb2(+),-1.556544317023772,-1.9402715860019626,20.74923336329472,-3.369442802514288,-1.2866166554764307,-3.3674177428412113,-2.489805541540446,-1.1147249031145179
Hoxb3(+),2.19119449492777,0.581016847616758,-3.2955424493753607,-8.743087454972263,4.928377714890777,3.1167546928052468,-0.7280109151889229,-0.8325059159623739
Hoxb4(+),-1.1526915028297204,-4.397976347447165,-0.8802147731020831,-3.9280986036346954,4.790026977632534,3.461939163742022,-0.48477736053773046,1.9656044673591848
Hoxb5(+),-0.9740176099188326,-0.8022954555766311,-1.3579716419651966,-2.9299406596695667,4.259532958728067,-1.124483905376235,3.6420200571959156,0.14182169752074525
Hoxb6(+),-1.4034701574957549,-1.8980656435064447,-1.7413194502856322,-6.003547906910995,7.820635385220256,-2.0887709988964263,6.042510631691361,2.1639024373025775
Hoxb7(+),-4.2425864926109975,10.945536960395986,-8.174335115456419,-13.238141707213924,10.287880069508828,1.0812212938162828,0.3123951956665715,-0.06289424413434237
Hoxb8(+),1.444850361897554,-0.9135760182621265,-1.4685255543895936,-5.6332639648534,1.7341448110330246,-1.7441634265241392,8.660171729604508,5.072487461495545
Hoxc4(+),5.8060168431433175,1.646739181423052,-5.471613960825062,-15.115691749338446,11.467856852328204,-0.6748579096619906,0.35294216349250807,-1.257048584052515
Hoxc8(+),1.8033639182642855,-0.767962465204641,-1.2522150750516738,-4.344107823184686,3.9003752299719054,0.02746399041097744,-0.6840209245034451,0.8093232372938087
Hoxd10(+),1.2849822238648287,-0.5127515443582861,-0.6950242677172611,-2.9445852560920542,0.7587526833326528,1.8597951956473324,-1.216878977692167,1.3862029795326942
Hoxd3(+),5.205428668713663,2.261177060812926,-5.359365999646684,-10.505149981817311,3.968840278234772,1.8609207736509634,1.9524745022846206,-1.3907439287525087
Hoxd4(+),1.121873777281518,0.49449788049260684,-1.3958384592156017,-3.2779130583476945,0.4637537275091456,0.7716211674464861,2.2075423895448045,0.497764645183176
Hoxd9(+),-0.7456763756838031,0.29742911957270385,-1.1479172972811746,-4.163129081404941,-0.3702633897760073,4.391868046900975,-0.08348115773131728,2.8733594572168624
Hsf1(+),2.8898857904634725,6.492601831386662,-9.675824712148918,-15.150002878629188,-0.9241954761716153,13.06522721786352,-1.2763381488684498,-0.18307150116359902
Hsf2(+),-1.839686290874069,-2.781343629216946,-3.65591380198798,-1.9357252879283409,-1.2436822535540637,10.193799575608594,-2.5721948180190237,-0.08816409087715449
Ikzf1(+),11.399612973292886,6.741598199408899,-7.934180397344682,-16.419752561368377,-4.443942136252141,-5.849641039885388,23.835262056344398,14.931456592853953
Ikzf2(+),8.452438837211826,4.040439268485413,-7.989041264435982,-18.581141187022414,1.9753781734128375,-5.287223770785674,25.11150352691659,10.111230438428525
Ikzf3(+),8.466674284521941,4.726464425749247,-6.011364814274126,-11.804866768631584,-4.282412188971104,-6.387575192674534,20.90524904692896,17.196135719716462
Ikzf5(+),-0.7433809956618906,-2.2771103355582034,1.8514687500922824,-1.8460011194797736,-0.8774413762721193,4.188587099939094,-0.45648955231062677,-0.7288761986234435
Ilf2(+),5.0016582106090555,0.8875236611975437,-2.5128967064612415,-7.007694980261484,1.0929682218033716,1.4188529376663734,0.5973099517982762,0.42193888202566726
Ing4(+),-0.7009429323185601,-0.7469704767297746,-3.6735623701739115,-5.922257162113661,2.9101210135997833,6.114410536555402,-0.4714498969121924,-0.5994818515876786
Irf1(+),5.336824032303521,5.321698879473586,-7.09720847917499,-15.737363314506592,4.145957633146038,2.992160909000834,3.7616167764068744,1.1927051072867403
Irf2(+),14.720996582840424,5.315547650582275,-16.141136678234552,-31.909056609888975,7.54792475840186,0.3306773194682678,18.58465999328637,9.488186627337992
Irf3(+),4.769661313089643,5.305711096924497,0.9978924129466863,-8.482389222647287,-1.3374578672792994,1.9519655920616206,-2.850964832354446,-2.1199917289386363
Irf4(+),3.418647046930951,0.01973067739689391,1.0973035045461867,-8.870640971652813,3.613226311731874,0.9122338126457054,0.3066553514843521,-1.216431811910409
Irf5(+),9.24210898554383,5.958197822775332,-5.8726574151677475,-13.135209800025258,-0.3810746487775894,-1.8648551500638992,7.292136635906118,5.694455740109603
Irf7(+),9.881809966963697,4.570386960645437,-2.541909230956375,-8.0712217192174,1.5696727666349168,-3.566445584303939,-1.5075866817121264,-0.8742533985843415
Irf8(+),7.125720788855709,17.308938328886477,-14.159981672395988,-25.814873656587398,-1.4501661844773635,7.870949480801054,3.3491611565820496,9.245676337777912
Irf9(+),-1.1385982622590545,2.0153778640950106,2.120077787142129,-19.335343853542607,10.334833772383888,4.37843775138239,-0.34924001852735875,0.5464934122968038
Jdp2(+),18.370437101749406,13.26199509889465,-2.8762485163576277,-9.236019743888628,-6.499481301464737,-7.611395001589235,-2.085905889500376,0.08187520630732129
Jun(+),-1.3181047733345137,-2.356569551388247,2.978131327484515,-5.634714505566647,5.439438997213431,1.9162320413521523,-1.1851367638638106,-2.2022470085337615
Junb(+),7.3522452567694,-7.28666938130968,-5.042302581510358,-14.221343680000897,15.792176690969624,-1.5266972049830552,4.802546405706845,-2.8296312490434987
Jund(+),-13.824579928062272,-17.859019936372537,1.3048780302951193,-9.421335093457389,23.23078893835737,12.440307082325917,-0.7939284544928007,-4.500860929447316
Klf10(+),-1.584105166871036,0.00012153320696387524,-6.7229937667010855,-10.025960977828825,6.492773779097299,7.690899934865072,1.5874437308231553,-2.77192172225947
Klf3(+),1.6468866811492657,2.7218234347427517,-3.020276039214954,-10.627088583525303,1.3806114816967439,7.587890438767179,-2.3095551165307033,-0.9487389525632929
Klf4(+),-5.657381131062401,-7.83559844349285,-8.599060829025015,-18.69671508048692,16.197402967781528,17.662583101401403,-0.3589569482338525,-2.187161987518589
Klf9(+),-2.1256982670248177,2.7272486194830434,-5.167101138369127,-9.635674851830425,1.7786896707380462,9.879301153695893,-0.8902657734137484,-0.16386388382543116
Kmt2b(+),-3.145084853688668,-5.710080465787665,0.8169268513140368,2.727344136121425,3.3608370242191374,1.7959829836123817,-1.4314157560999563,-0.8292066950383481
Lbx2(+),0.24866296860290762,-0.7934451743180397,-1.9401027853456403,-5.027880268669314,3.534049174443561,1.0629869063175474,2.609386055198701,0.9136184305329039
Lef1(+),9.995896131888195,5.114478632366213,-5.666769148781265,-12.055989090959905,-5.201895326529744,-5.623662978774594,20.95240497327645,11.328671420371975
Lhx2(+),2.724571498074816,0.19549194765985234,-2.571752556898562,-3.8747576858734143,0.3485477171197687,0.833195410146245,1.737914148062176,2.243502584539955
Lhx4(+),-1.3191373867353975,-0.47816324414745204,-1.2626377627660335,-0.5601125485880363,0.5713251104452498,2.0695973705655932,0.1577104562169958,-0.009028016994436807
Lhx6(+),6.862026073534627,4.228944297995056,-1.8348240546426509,-5.0123009761109065,-1.7460166122857494,-1.9875788456880403,1.172339022425895,-1.0274507413714802
Lhx8(+),0.49230838929258486,19.36608109925897,-3.638341333909502,-5.845111468757272,-5.20331417228227,-2.0620820012344407,-1.3822336858823718,-0.019357197510892283
Lmx1a(+),-0.6599595152448628,0.20612265736316807,2.54251386652485,-4.148005316236928,-0.049819034688175945,1.3028682340190827,2.2911636071320953,0.49416692876055285
Ltf(+),-14.995051369670128,-15.61822931622921,-12.808736588206507,-24.884122153665253,24.491891550335712,36.0941800803739,-2.9061186042789315,-2.1113091174090224
Maf(+),9.560818669205503,7.300792860125994,-8.550297070524252,-20.081461971729077,1.5725046651607317,0.9413326406565504,9.453412058548384,5.9967851406380115
Mafa(+),11.755330262132683,8.83819375309121,-4.364619916727162,-12.142991881450184,-3.81208003182146,1.8772672078395827,-1.9380636768624055,-1.7708919492783721
Mafb(+),7.998441917852708,10.97012248459741,-5.2215149760073185,-11.127793605639745,1.9258339808509346,-2.936360588565371,-2.420070742819591,-0.14879518655829418
Maff(+),-1.4785432446798754,6.147100360838003,-5.788832042258589,-11.473035932126633,5.760002181759714,4.177601595899756,-0.23542823330686433,0.28087535630307614
Mafg(+),-1.9140158202637958,0.4662252051074169,-3.1641846145097876,-5.698173849234676,3.65671147651817,4.92575596860098,-0.5617489797461283,-0.5452374254774871
Mafk(+),15.250027858563092,9.55458605703753,0.13338473763602854,-11.629620121391985,-2.443479982167433,-5.7344016692451225,-2.2123258039561464,-1.5456868694495978
Max(+),0.2004962093204222,-0.09235903940311156,-2.997657949452657,-8.338751699743124,5.074470040496525,3.1250556918104166,1.432183052914028,0.8766066099671016
Mbd1(+),-0.6270849454300448,-0.3659150609195357,7.323260888700646,-5.649152324846586,1.9408374290041055,0.4831401996924,-2.0771498851521644,-0.03754714928354665
Mbd2(+),-0.7195736130217266,-2.201026962743672,1.477015863397154,-2.4261674270998626,0.42575058054702225,-3.2652911192880945,11.502956281686673,3.81484921214306
Mef2c(+),39.46351839848278,52.284181582888344,-11.603628029085074,-19.05555942949676,-17.69184406507516,-18.779637317811627,-4.31407809301136,1.5948961228387852
Meis1(+),-12.207719367637289,-11.019763047104783,22.46156362482836,68.85614373955616,-19.75770710614069,-12.252455420346534,-8.806469486863989,-3.009056442071291
Meis2(+),8.533231091622524,12.873652186401332,-3.9904404933202855,-8.413915522735648,-4.7676365279385555,-1.125360019744931,-3.0613804275796332,0.37348867057761204
Meox1(+),9.606669409570115,13.877410254934269,-5.4253455186143205,-9.066397500845074,-2.2694289545685025,-4.2999391572744,-1.1690752378457312,-1.0099074027992465
Mitf(+),-0.06085139882835111,3.356580356706659,-3.1766475835732453,-4.656252249535071,-0.22049959514784334,1.7995991610870667,1.9737110847912365,3.3280463749551172
Mixl1(+),1.3932399994348075,-0.27490562710078104,0.13389192841805414,-1.6215555528277004,-0.5727765118317394,-1.4187174294416685,5.295705819720727,-0.5122303969856223
Mnt(+),-6.340614577156091,-3.1331540999835905,-2.1072038896761183,-9.213537488157407,3.2356656720449752,15.004218052993846,-1.9718185530432968,0.2668831654117194
Msx2(+),-2.4075067714381544,-0.8728437769202184,-0.9830338574398096,2.2571667899429935,1.1778475221336056,0.24800068351042176,-1.093606563090419,1.4971007049323182
Msx3(+),1.7507876238682274,-1.2880303184636606,-0.4980009638189767,-5.381046628871561,3.7009829558743106,1.6591196127903773,-2.08999459821263,1.3754677171842917
Mterf1a(+),-0.653782516058899,1.7393423825688177,-0.5041833542272938,-1.118433783912748,0.5003993474573305,0.24420327746535184,-0.8183034731939322,0.3830393782138643
Mtf2(+),-9.568024811650428,-9.854540720104872,21.734722279109228,49.40781119923675,-12.904292389170193,-20.0248801621205,0.8352113132209118,-0.7235051173308633
Mxd1(+),1.6657194464672345,-1.5961393413354201,1.9929580192102585,-9.836099516721971,3.050549137586507,3.9046919332125314,1.7167402436412427,-1.738046844760057
Mxd4(+),-0.17788576915435364,-1.0516348542330254,-6.1476378962001705,-10.627457195089411,9.199300883153319,6.466063412790288,-2.130859012582744,-1.7149108103889372
Myb(+),-4.300292746721455,-6.635345303350208,10.793672066455501,7.387220604483294,-0.6162563714307571,-3.0738177697953004,-0.632447785279011,-0.5978313956021933
Myc(+),5.3521035959009104,-1.504586588799925,-5.867552606497392,-15.68394953895906,12.075527901597592,2.623158796826163,0.042556839287843214,-1.8626219388048024
Mypop(+),0.42259413978920807,0.8644536624637025,-1.4069940238893723,-2.4640670095342436,1.5457323063304174,0.3506009328606478,0.693566868213924,-0.8404228703333698
Mzf1(+),-2.41199436635844,-1.4063918832569857,-2.8766579530449428,-5.660467404794016,3.8375887646173212,3.554682657443341,5.268796977931244,-0.2623829998151652
Nanog(+),4.812310754588989,-0.9212826198096664,-1.702651161084945,-2.2223101459284478,-0.8909024290139499,0.6543064585934145,0.3544537219228152,-0.5571251719637144
Ncoa1(+),2.415455167311575,-0.1451253431419858,-1.7518211414210614,-4.23706903727678,0.6818617170603649,-1.1536636510252511,2.668725418840749,8.445641141014107
Neurod2(+),-1.898434779788575,-4.701420698388084,-5.83584463630172,-9.64134089706194,7.73031911533168,10.154382683833722,-1.1639892096998878,0.6450502320331736
Nfatc1(+),14.230434250753996,5.496559245637341,-7.93587723449795,-16.824566311855076,-4.009670904019663,-4.130479114566114,18.61048214127162,11.390661179202452
Nfatc2(+),12.03989375109163,10.792500349136448,-6.92661820735808,-15.186520190710919,-3.4468939646202355,-2.8003880876867804,7.340829672956546,6.8485297492664365
Nfatc3(+),-4.550348659061381,-5.382982999890145,2.2765377808650635,14.962762402250695,-2.142445513472806,-2.1704895361707606,-3.501287966854068,-1.117606950699058
Nfatc4(+),5.34880429375299,11.28436424100081,-5.424912861679435,-10.706602494630793,-1.9948812588465024,2.2735891158728587,-1.132868718254527,-1.5366061491034608
Nfe2(+),2.2953279822016053,-1.5180739132466354,19.74219429106815,-1.9432633521776124,-3.47075010045485,-5.987383360718931,-1.119127226665937,-1.5684122149078412
Nfe2l1(+),-4.239317169937312,-5.665544900807643,0.7427191018208866,-2.2460302611431877,4.88749500052131,5.302193412534712,-0.6282651795359914,-1.2134012110608765
Nfe2l2(+),3.90810413564497,0.09274358258147365,-6.137042495483485,-9.410636031690851,4.1336835124124045,4.039039797282261,1.0205007147253113,0.24332290391629008
Nfe2l3(+),-5.481077032956769,-5.1863089476547914,-7.1351739541253805,-13.554644584997959,14.97059036968405,10.910208352157252,-0.3882861910977695,-1.42251860938382
Nfia(+),-17.123339239009592,-13.442807643673603,11.850655376081603,63.65521236909938,-12.131889316010797,-8.938116218241811,-3.9955535105440165,-1.0317510682028994
Nfib(+),-1.3243132324834128,0.8555627211045895,-23.091152211456112,-44.121534137691086,16.96096646066875,34.597295649978996,-1.243103440985781,-2.0069908047975997
Nfic(+),6.035503040171763,3.3703530186661323,-10.554853493540909,-20.679860777976618,8.172261911779431,9.999007437468464,-2.8191856671326962,-1.7578598558858576
Nfix(+),7.863749355781626,5.898244155003185,-21.035371648658288,-41.156729024945726,14.205984874096359,21.542275839763466,-3.6974481723395645,-3.1551681610380875
Nfkb2(+),9.92263556516201,-1.6491724353311392,-5.196157318788134,-11.993793275789482,2.850860865026495,5.0408760256577665,-1.2999024279568896,-1.4082225127792212
Nfya(+),2.948204593143488,3.5671259479144597,-8.266313866125685,-17.466103972411048,6.080915272258989,6.999597346325574,3.662116995597309,-0.47092513624494364
Nfyb(+),-1.5702022690234572,2.718691863436882,-5.111552606899229,-8.403845742930091,6.087649218880113,3.770168081522027,0.049076931413886644,-0.8098997718538571
Nfyc(+),3.338268734125427,0.5452476076084825,-3.714223483676199,-6.266148954845503,0.20206280283692665,3.3057950111401477,1.323756615377799,1.7150067098026132
Nkx2-2(+),-0.8231780854853081,-0.9007557106485159,-0.7664583121760334,1.1380378517012488,0.274889067748737,1.0729293144529124,-0.717952623511847,-0.6002623200507723
Npas2(+),-1.6041698365264512,-0.20200548984058192,-4.955043240963959,-9.162268800776467,2.898038291558305,10.402980232694274,-2.2175539464500282,1.4609582085815158
Nr1d1(+),0.428062088336437,1.8361908471877628,-1.047847675883519,-2.216540175338141,-0.9473624405459412,1.0360500691606795,0.5513266836353279,1.5628519123488263
Nr1d2(+),6.974183113226099,5.324289164264316,-1.6546733023654985,-6.3381928588551935,-1.063936641236308,0.04557868623969962,-4.370647739279245,-0.8037255792983345
Nr1h4(+),0.988024244868214,13.239717302935205,-5.790023236706888,-10.243842091178585,0.419083602386799,0.15752068134399452,0.92512747106478,1.0082380776872484
Nr1i2(+),4.747072469031741,9.878213966795103,-4.747093731192967,-3.1681454467127406,-5.955799920000841,0.0828583529214511,-1.7287478904765943,2.302103405986068
Nr1i3(+),3.670381139379013,0.0342241376155026,-4.257975117720026,-5.630415732852205,0.9828809542593964,3.516469214900609,-0.30265565147463575,0.6169284335277602
Nr2c1(+),0.17478797841373467,-2.4244062401689344,-0.02146263658430168,-4.77491498504666,2.161341719389897,2.719705998335303,2.0720724083294555,0.5995764183125171
Nr2c2(+),1.3865437467899289,-2.366625911797009,-5.272539952267521,-14.15992090529824,11.013815598213508,1.2499397830531396,6.749626477553524,3.8278465267241923
Nr2e3(+),-3.2105498112119757,-2.6719229613707247,-2.315376155622145,-3.9614724026437464,4.663258443455154,5.385586891398103,-0.03208930594954288,-1.2222696598779121
Nr2f1(+),8.528442682420335,9.647636046048536,-5.023809947015052,-10.928995731853552,-1.8080154572151568,1.163300609981222,-3.133003252471457,0.6283145142658146
Nr2f2(+),6.676347176016114,-0.36142963565166364,-2.642877428286724,-4.512952179875471,0.2772586537752263,1.9254217338086055,-2.981369232630108,-1.2534512249758973
Nr2f6(+),1.4365534346041227,-0.30506615513096086,-0.3672779330406552,-1.2830371691747626,0.8508385828456019,-1.424809142009582,2.207230172735392,-0.17187820744812563
Nr3c1(+),3.5749718291608814,5.970704763462496,-11.90498966219037,-20.294283347923784,4.790102853698258,10.788859871331164,0.45629136782460017,3.494587015477812
Nr4a2(+),2.2103741606117637,1.1851004076473264,-3.4475705442236295,-5.899184881514164,5.367231663236169,0.10386418149630838,-1.1379948591428193,-1.1129285580407677
Nr4a3(+),0.03044231641638,0.6325987110211205,-1.776819978067172,-2.85128889268236,0.448231999337099,-0.19519324016238407,1.9853258844462096,7.309588492909519
Nrf1(+),0.8168104062819497,-2.060798325055131,-9.400366008695256,-8.844808468112333,6.430922655208423,-1.78429090214285,17.563405182929763,6.496722635960119
Otx1(+),-8.391498358443226,-9.672916954898154,-7.1083805090022585,-11.424060370992454,12.492945241768032,18.131027016419072,-1.5361066651944282,-0.8299570810859653
Ovol1(+),10.982733258390688,13.888483459258602,-6.2262538786463875,-12.435284070094735,-2.4145339904924197,-3.0176219893586627,0.538005141877123,0.06917118304761828
Ovol2(+),-3.860582911585942,-9.920740865552256,-8.856973835028604,-20.735171156042277,20.59290638126264,16.26521349251264,-1.3406326322952753,-2.9752794917429064
Patz1(+),-0.03334983162607735,1.5504802314657826,-2.691771742517969,-5.40583200722545,2.4111451992832436,2.8928040798573855,0.9828949038409714,-2.2429950924282034
Pax1(+),4.365588455095414,1.0058371353241093,-2.3577802854328618,-6.383788313846221,3.702060757286923,0.12974212298500357,-1.9150789569557003,-0.6006407550325005
Pax7(+),5.890814470758767,1.3667816789371283,-0.39785467047184425,-0.6825761781607882,-2.562434734966165,-2.9661843088884,0.9868662297272213,-0.05489362464112683
Pbx1(+),8.441311284798292,16.10881646357853,-20.17386643676383,-40.7764927296948,15.069041562643184,9.492043860285364,-1.7285312545286289,-1.3485147103857384
Pbx3(+),-1.6442509804046053,0.24636079514847758,-10.53762047950959,-19.66919186287382,-3.8164556166866372,8.886677395249421,32.894419601730434,19.583000975052126
Pbx4(+),-2.167309240923856,-2.0938098219890806,11.981616509663375,1.807129276534865,-1.3794168124476034,-3.2101796878454563,-1.371001980522443,-0.13737140971952644
Pdcd11(+),3.8949867757237504,0.18453701175843024,-1.308421520843992,-5.7795742354478055,3.549866715384692,0.025420500065835887,-1.584703792560181,-0.7164670788378685
Peg3(+),15.89646943924677,19.64716485697583,-5.102959279369105,-10.006435383459833,-7.5071168887946556,-7.867846636057238,-2.452057327958534,2.414373776338063
Pgr(+),-13.116118370912769,-12.080410141049104,30.95995078208467,71.08172517916591,-17.796879670527034,-18.399368081751163,-6.84778645525077,-3.2760329460094124
Phf20(+),-9.228188641736027,-9.693119782144056,10.990188171070322,26.78729906785229,-4.974170040150641,-8.088229559463933,0.4464099328984941,-2.1085237168343145
Phox2a(+),2.5124481763929736,-0.7311551274104587,-0.33870280067064656,-2.3483002318407022,0.47796643920501425,0.751682365519596,-0.48809330628548664,-0.6867634503738514
Pitx1(+),-2.6643229455484985,21.56944406035122,-5.300262557348338,-4.363918738390413,-7.705579528981374,2.4300621746450117,-3.9377806784688536,-0.41805259246613624
Pitx3(+),3.948424489415816,5.396172907152243,-7.120759529506628,-13.91337232071679,-0.8876806738297459,11.474198729152716,-2.2877108862614395,-2.3202379942534748
Pou1f1(+),-3.3063242764217042,0.25607610786012275,-7.038401612911164,-12.373660059250982,8.049107728320342,11.313134606467742,-2.3206754885155503,-1.851811990562513
Pou2f1(+),3.3867967711837066,0.9346140043508664,-6.546810509713783,-4.538071129961283,3.434071726768068,0.9000355164321099,0.32063231197240183,0.01105370554795652
Pou2f3(+),10.025474403906392,8.386797255454303,-7.669235782815473,-14.79080866331726,-0.171687795955,4.010858960589331,-1.9753606095789542,-1.0983890286510143
Pou5f1(+),4.931521513884076,0.27927078596750576,-3.981846121119133,-9.222069008982979,1.8475062709906829,5.794155977689105,-2.0267572809444885,-1.578367036763845
Pou6f1(+),-1.0940798095788637,-1.1475033144354922,-2.5838558990113607,-5.110255949548897,3.331855088606521,5.4131300125206305,-0.6736908028330499,-1.94660222059684
Ppara(+),-0.745458583728502,-3.508549490475239,0.44105696727528454,-5.924010098986008,5.153078114056943,1.6120009153719546,2.384738038879057,2.0652062715448096
Ppard(+),2.057807334810098,1.9469609972738697,-3.5694414212714163,-5.310123404453594,2.6243086746183253,1.18049096382662,-0.42211553412573083,0.16052521791080096
Pparg(+),7.423761022461795,7.810172235475641,-2.9020327520099136,-8.702700046141429,-2.143633407050439,-0.3577158417820758,-1.9151611198604388,2.2035296180625483
Prdm10(+),2.0868533063209656,1.742377913406561,2.0658329530629835,-1.2654222130654589,-3.203496050830732,-0.4553058589319147,0.9492449585294273,-0.3101885671689868
Prdm6(+),10.43178886289855,11.415135736235287,-2.313251104737309,-6.384249057673332,-4.111252909576571,-4.838095339489322,-2.3817843499442324,-1.2377357998016616
Prrx2(+),1.1329900424198622,2.3869577349194047,-10.94976046066244,-21.976539697678067,13.000243334912428,9.228377964979918,1.3763677685629903,-1.2322557124431408
Pura(+),-11.52524547251295,-13.050277341211038,4.212494033577384,6.78506449152046,5.24780042920279,8.393431904785993,-3.962319657432689,-2.524925155339167
Rara(+),2.890389998512885,-0.023393952588249296,1.988721984529392,-2.7214588962892536,-0.7222816546199573,0.4053266584176934,-2.07160903816866,0.658275156033678
Rarb(+),5.473420765736061,8.865036279500472,-5.75705861912121,-10.083026119787402,-0.22941645910142625,1.713305921948291,-0.7089037033067733,-1.3355123087566576
Rarg(+),3.406425124305572,1.5405382884009227,-5.697409880663538,-11.136967551071587,5.639709824801102,3.1519644758775454,1.5190050833590305,-1.1744820053482454
Rel(+),6.523587229196182,-0.28671981095260907,-4.73807432981179,-3.3321815042381586,0.4652497729617899,-0.3561107376931683,0.5234096614828974,1.4835916100244724
Rela(+),-4.038056670720742,-6.3257524859076,1.3334940733459264,-0.7285558376562465,6.185190209240239,0.6324833341679555,2.239957081029704,1.4825139127746174
Relb(+),22.660663307216332,4.984155248343487,-14.272549391694096,-27.93138063941559,11.47264526553984,-1.4632907593051228,1.0586157099922564,-1.9462085763819659
Rest(+),-9.079732164784321,-6.004931794818698,9.02470358800023,27.637998627329722,-11.859830636099037,-0.6277490353382289,-6.526842633828936,-1.8231645818988584
Rfx1(+),2.952927602429394,4.385421237640258,-4.116033919389901,-6.0356271411499645,-0.8700067958380407,1.2742177630575193,1.5464536505872217,2.8230754299439527
Rfx2(+),1.6670199266176753,0.9035086344144624,-4.946407735012128,-11.761325220277886,18.785749812666232,-6.959071640904125,2.231624089009563,-2.755476795327967
Rfx3(+),-2.321635252378995,-3.4457694700805037,1.5728585811525675,8.629763189968221,-2.665557725249936,-1.8248277314234171,0.8528613061720157,0.6620939042161802
Rfx4(+),7.2204665886215365,10.818394765749678,-6.05405230927943,-10.347380264972806,-0.5736500449778197,-0.18888887058281775,-1.6315519217505272,-0.5881479987498508
Rfx5(+),6.028169613974765,7.368640052903821,-5.4872138177676,-9.078477422943157,-0.6681475039834033,1.7995284937611666,-1.3673920146931222,0.07948014520462138
Rfxank(+),10.105850848334555,10.453468560594754,-4.042429985099236,-5.046266712277689,-4.010053250809382,-3.671914006442004,-3.5919625624735882,-0.5190766618085086
Rfxap(+),-3.0055562427714873,-4.30245372096347,-1.0789087444509078,-3.333321478314882,6.453568546773401,1.7592883619131892,1.6696268092342206,2.279605994684004
Rorc(+),-9.837091520236653,-12.912544598044784,-13.860735063225667,-24.725432168292695,13.191436283988844,42.64527559154235,-3.5910724944749473,0.034589909471606256
Rsl1(+),-0.7836864677197414,-1.6901676483584784,-2.431143284394493,-2.606514585826791,2.018552168071515,4.28826344802284,-0.09350840204912769,-1.8878428792143462
Runx2(+),-4.908698004043134,-3.0186641384949056,-5.0719499200631075,-8.04035204090686,-0.2875287544741908,19.291634167249626,-3.4346417113847623,-0.4598288470504612
Runx3(+),9.999858371182803,3.1450937430906176,-4.4395318001953425,-9.817554774636642,-4.952904600899682,-6.13256085078134,20.15364593847106,9.400305929972353
Rxra(+),-0.6310721323655135,-1.6668412784644202,-7.324403862500492,-14.469923758747763,8.330378040593509,12.863191879402791,-3.2998342706754116,-1.9126321233517563
Rxrb(+),-2.923827586134293,-4.573447250801326,0.6037883076100258,5.1983060831974335,1.8318805103303524,0.13464738785569083,-1.0361417136370543,-1.3856899118318164
Rxrg(+),3.5600866775261655,5.672768190342634,-5.615899742242828,-11.191961754251986,-1.1997910490595878,3.4952564604736067,5.760725296203281,2.372230289992026
Satb2(+),-2.84750900608137,-1.0154839056137028,-9.409996371271014,-16.10989312685322,18.12825319055619,5.744102015043427,0.25673284700714905,-1.7572832693354814
Shox2(+),9.440565418244537,12.878938937348748,-4.531521499762929,-6.52069079534261,-4.298755085901542,-4.256581736149469,-2.096485589425404,1.0777915558275282
Sirt6(+),-5.2130705630113265,-8.676812667442805,10.831115928871178,9.940538888758551,0.8256284893705095,-6.544893244672595,2.902256417613136,1.160456814744536
Ski(+),15.470279020752326,18.17288152722027,-14.287069695788386,-11.804167550940738,-7.116695265337581,1.1247385627390745,-5.113501959616404,2.9969854312705277
Smad1(+),13.312529157817417,7.653633192855357,-7.325838985481483,-18.6944348813712,2.2689855731720443,-1.937119131120524,6.500337418449896,0.5649383260710888
Smad2(+),1.5122209864479048,0.3154753411642231,-0.748797842234483,-3.1492437132745006,1.3594560402138436,2.521988348647913,-3.0067985774861925,-2.617965020760066
Smad3(+),3.222319673910253,10.913294833993824,-4.1523115864579045,-0.8696330229432035,-2.829209170064137,-3.4060161795194643,-3.085109380436158,-0.9556284176215706
Smad4(+),-2.7162698786008086,-0.6661138090473401,15.373562433279567,20.880282494121644,-9.505233500553452,-12.108343926222288,-4.241796043779562,-2.2326067554032103
Smarcc2(+),3.379015693059645,1.076988791597556,-3.372678997176177,-11.331078732385214,4.133261412058135,2.2973750256568017,3.681890928078387,0.5506688549659734
Snai1(+),5.107941274011938,2.304554989506046,-1.7011657493146262,-4.069158900807702,-1.5328924933591923,1.4702277043014509,-2.18731868668052,-1.129957865479721
Sox10(+),-7.533525701451473,-10.114740923660907,-19.646143542508906,-38.865068987497544,28.411076258882872,34.4578880075835,-1.4771212597174124,-2.011826121698498
Sox11(+),1.121044059113586,5.562931018355948,-3.8792609657020125,-7.688409104829152,2.9339872427158813,1.734580158178885,-1.522122519108796,-0.5362957100510718
Sox13(+),-0.7881666368670726,-1.959542883057073,-2.2070116868334706,-2.391940623243376,4.194314093429021,2.3969124462587423,-1.3144262529257245,-0.9141537735379731
Sox14(+),-5.381860685070541,-4.225051974585798,-4.2130330972732715,-6.77786200088525,-0.5792994245310522,18.202558841030022,-1.361751662727322,-0.5239750942497988
Sox15(+),-1.9371684198355152,-2.88292903602743,-2.5061337601346394,-4.8718069997180935,4.6023741461476755,5.18829239369945,0.30432508828165317,-0.6815813143955322
Sox4(+),-0.7243531842065799,-1.8736194431175561,12.496049385277846,-1.070866200328872,-3.1384908872470794,0.19636707684612387,-2.800487452708909,-0.5657813982834747
Sox6(+),-8.913237547603773,-8.00082571582953,-3.320567880858694,-8.752193686708944,4.625160133117585,21.31470982134409,-2.7379046605010866,-1.2915041062142507
Sox7(+),1.13173699390505,0.7612950267734552,-0.7636369088213627,-2.516573629236703,-1.0563048154971106,-1.0082318432028872,6.349350045736339,0.5731948246103805
Sox8(+),4.0429273698696235,-0.05317023500502804,-3.5330336402169706,-5.860510846581138,4.125448892326034,-1.103786410778632,2.3365978147332225,-0.09886131817687792
Sox9(+),5.319859282369276,-5.641054087743276,0.8471317797634415,8.123001902782287,-2.1555138304649266,-2.5284481320348196,-4.469245811021618,-2.5776727224246043
Sp2(+),-1.4783800815899024,-3.5322244798372897,-2.0960718252376886,-8.509829270014968,7.415912879737402,5.395695065965571,-0.6180481265657222,1.5419327173040946
Sp3(+),-0.955102003668843,0.6741168005052991,-4.429008915854235,-3.5137229227825677,-1.7709592436018455,4.24469073911782,5.163730206425866,3.9251395843748234
Sp4(+),2.037766760102601,-2.051231254416078,-0.3157351972774024,-4.9322914323425735,4.208902770808626,0.3691812336649914,-0.2766180019572362,0.5727431211583565
Sp6(+),-0.43536781452819284,-0.8643011692254191,7.8380308998450055,-7.319085583312713,4.916051391328707,-1.3451680010187483,-0.6120153949432978,-1.5674285035447697
Spdef(+),-2.0918433122717337,-0.4762615647935238,-2.280253405701744,0.300608042185553,1.087482579311162,2.9262108353384204,-1.3725743560485368,-0.5714198555074002
Spi1(+),10.064898263252795,16.33718122662586,-7.585335340106373,-21.39610832328404,-2.8499142288480113,-4.760535604294813,13.624641130208042,11.36819263937039
Spib(+),7.486111603037484,3.186917430821975,-5.846766996040046,-16.308232108181997,11.31879834095399,-2.1846190540810384,0.9150497131583678,-1.2632632365517953
Srebf1(+),-5.219184516154083,-6.795332999786129,-7.204882937221183,-13.336336076157602,4.137314614628103,23.28295691808386,-1.6877369302880445,1.0593049954499953
Srebf2(+),9.611645592653465,-1.9779391731782445,1.179274753420925,-9.667053159832529,8.939923394695011,-7.3527594956591225,1.8098844572093031,-2.6329642268214952
Srf(+),5.541255362240614,4.22519669130159,-5.577984304312082,-7.1925246678037835,3.6112247062821132,-0.4648171870379886,-2.2646261605989024,-0.6729563546047153
Stat1(+),11.763322854823183,0.4145432528244431,-9.298216012465177,-23.211194766557856,7.247326647489456,-3.8490147659854346,21.392382867393724,8.024043583578017
Stat2(+),-0.15206902844706507,-4.659365670232363,-1.5046530202302295,-12.730165713696195,15.130668243141406,1.2054762106991481,0.8940487868115959,-1.317916651471642
Stat3(+),-3.910863324260781,-3.372279237028479,-5.565939104468578,-5.717357836706046,2.0062384754140243,13.338607208258418,-1.2697398959305382,-0.8931084274908185
Stat4(+),4.31583881222106,2.2331810491449793,-1.2634986826448158,-7.357918981188376,-2.2278025998564925,-4.495074024659502,15.315980076114563,5.568933054227118
Stat5a(+),-7.784313499688891,-10.763852489741808,72.97532384976503,18.504097257649246,-10.819466769658275,-16.34667617780741,-5.149886489538349,-3.9888024677144114
Stat5b(+),-12.106525017732537,-13.314637308880133,18.63849578066055,-3.8810342163115243,6.238074734320196,8.179870403896647,-1.957075765442856,-2.3575554436346646
Stat6(+),0.6078119723214868,-4.672250268849421,-1.4524624163251791,1.569911708984047,2.8593020355107313,-2.0586339299839476,4.469317245142167,-0.7148377690471954
Taf1(+),7.487825585609647,1.8134708257902117,-1.8292075330093942,-5.322369583128898,-0.4312615280734863,-0.06067996721234405,-2.3160400210109997,-0.45238938731352213
Taf6(+),1.7183081776577458,-0.7305029893601088,0.6678151870744349,-1.7711410441756499,0.5384260744806875,0.06884839854530833,-0.11897948784792031,-0.7762088278311073
Tal1(+),20.29069831654167,8.808454289688607,-5.215986747188479,-13.305526268962163,-6.664209338230627,-2.978400471671623,2.645325473804764,0.5694573412569726
Tal2(+),-0.609331939712092,-0.9285372318395817,-0.003908404468240544,-2.6273264046917513,2.5303622732637328,0.6308583649689012,0.8626240999278164,0.09232779935355395
Tbl1xr1(+),-3.636281197193672,-0.5981847772707027,-0.06218407709901407,15.782513737924246,-5.28388978202652,-3.5606571398594187,-1.9940942184738146,-1.3487447778804447
Tbp(+),7.3664979897762635,4.786067492563032,-9.384371835176202,-16.026172803833774,5.36747047727199,1.8217565197578593,4.216675398254872,1.7363790522893514
Tbr1(+),-1.705690209699913,-1.282564202477628,-1.1956808269661006,-1.9642171281999348,0.57261533165351,3.7702895404259698,0.9801836603157366,0.19469373964594747
Tbx1(+),-1.424999330919559,2.8301509434062044,-4.327530876175118,-6.601026503529545,1.5848419113883372,7.424217670269436,-2.819091165410919,-1.1367113193739393
Tbx15(+),11.350513523247024,13.563961886733935,-12.257132209197485,-24.5066159263632,6.0858101078848295,0.5764116760991966,2.2551358532590373,0.6227664985260623
Tbx18(+),6.373403642446485,3.703479019805287,-1.8450359701024022,-5.344827317800773,-5.435192927241283,0.525051954146168,0.23579860600192282,9.398424310311013
Tbx20(+),1.8303669687853834,1.3451104027404952,0.505002021132233,-3.506478546790167,-1.0652093042263167,1.3615562631658804,0.4697045070272254,-1.2783762600153057
Tbx21(+),3.6671639446485678,2.2339904449285366,-5.005188690372361,-8.534666673696778,-0.059722481136709735,1.7186660016878246,4.703956587351873,7.017904837663297
Tbx5(+),13.788183678960463,14.529737579787287,-7.043034908170643,-10.65622201819821,-5.421179783887599,-2.875382771056305,-0.7513618471873565,-0.8402655818747962
Tbx6(+),-1.871527447115119,-1.3280358855821062,0.33888269778684443,-1.7448939261067797,0.5267975545396496,3.7389263938089132,-0.17329065838053923,-1.0379112245052904
Tcf12(+),-12.512008892336011,-7.762122644130176,11.26201505137056,50.01259262295704,-12.957613550511393,-11.73357526529915,-1.8571782130540364,-1.1503740250792442
Tcf3(+),-6.102921305993286,-4.787951261650359,-1.1029412433618127,2.0413194423464294,1.986488407925944,5.649349621867916,0.6933752953321044,-1.2377871606784607
Tcf7l1(+),31.54120256310582,30.230160062037598,-17.184880015721507,-39.0477768704326,0.7083739094078902,-5.328872801066037,-1.243552034065607,-0.6061416084519489
Tcf7l2(+),-18.187178671640854,-17.698324273925472,-14.983700271510118,-29.172818602868087,26.867288904860015,44.400200680434615,-0.9405212207241146,-1.3716343506603004
Tead1(+),41.06868793534877,53.093252133820705,-12.369356149809459,-21.80696656534615,-15.983756293679043,-17.633635876294022,-5.364197091084674,-0.6851288955245538
Tead2(+),-1.774132812882547,-0.6776728839306942,-2.6950864795400267,-4.210446498862849,5.856456809201168,3.128669497009611,-2.2299402197081992,-1.8241034249522858
Tead3(+),-0.07258343092493029,0.6735310631701191,-1.8557919925897515,-4.23216174486192,1.319311034792295,3.151428836915667,-0.174356548085922,-0.008205513649423095
Tead4(+),-4.74336976608273,-4.249499576536707,-0.7999745071449372,-4.87387488399355,5.896419940505783,5.783810852814872,0.6742589790899323,0.5155094863607317
Tfap2a(+),-5.457295702631963,-6.741600670794054,1.9657794353376994,0.1080493214983442,6.888629578689898,1.89839057716835,0.3125582631303163,-1.1255227568963773
Tfap2b(+),-12.116225954047579,-7.570576492027443,7.51441259691881,44.574006455267,-11.2613074918528,-5.585251501559237,-8.01010533381243,-2.7950295794941433
Tfap4(+),-5.146988852956236,-5.64634409188086,-6.770261008764511,-14.576276014327961,15.46546157847751,11.532297587151653,-1.402565201890861,-0.7845722519066547
Tfdp1(+),13.78110839205225,-1.8061726106646636,-6.443829381056297,-15.77603838602442,4.702032439035185,-11.505822336713555,27.340901138046657,9.813265630172786
Tfe3(+),-1.0715348078501241,-1.6814509939577098,-1.5566366750782559,-6.891172614207135,4.198413031710744,2.7233542523415206,3.3006963022537525,2.98260391763564
Tfeb(+),0.3181841899301531,-1.4493410633952577,-4.392010259752637,-9.808951503337736,1.322882126158523,0.8876753609502417,13.090749799758468,14.917912892902498
Thap1(+),1.2153986671088337,0.4389056176869063,-0.7947990521405078,-3.1301804788570413,-0.019984210221870597,0.9507678692862743,1.987475357842503,0.014269248911664147
Thra(+),-0.47646087720665214,3.3555495108598423,-6.532223738437876,-10.602069930512553,2.6953025876724332,8.964699573896079,-1.11223588813824,-0.5864523714772596
Thrb(+),-1.1637496192559182,0.45916337467911145,-7.094140373568925,-18.0059705216193,8.47651388802619,12.855863636015393,-1.7076508456077146,0.20604836050536926
Trp53(+),1.4091811777834633,5.505381797634051,6.318492251380254,-8.476759716585086,-2.537639849526392,3.09651936894053,-3.833327554284024,-2.616418098383967
Trp73(+),5.920825483016901,1.0691469342169573,-2.5837540189442447,-6.123424574024182,-0.5481284387736424,-2.8209057732476657,8.36930932890777,2.507270611098452
Usf1(+),-0.8958739758441802,1.2423445845022612,-0.8823609698698996,-5.230837541325274,1.3902210869679568,4.446192606626996,-1.920597392083962,-0.06612767088831396
Usf2(+),-2.5663570160043485,-4.362742825753558,-0.39920983686042644,5.16591810828334,1.3012201855562149,1.0115166550609702,-2.558804531996378,0.7752373635704428
Vax2(+),2.5302310072355394,-1.6689339578700508,-1.0775664671572007,-4.8527798460721705,2.7431478096284283,0.6153273968286498,1.7299802982329926,0.1833709528104784
Vdr(+),2.08073406179606,-0.2103214831435378,-9.850344506231968,-16.479920097742387,12.762488821243355,5.575655502433291,1.3490296905177994,-0.3160130963615135
Vezf1(+),15.085409878752442,11.834986974645178,-8.157778587792968,-17.157127947217933,-3.2407827292131546,3.573875799830502,-3.253398574895735,-2.2050132686036865
Vps4b(+),-1.440691050593507,1.1726020796150718,-1.5555252400382165,0.33369688256816166,1.4469631069670543,0.26014857193839586,-1.2984029137241802,-0.6638957984770044
Vsx1(+),1.761128865069753,1.9164474943901397,-1.894992220557557,-2.280085203355087,0.3431982051086355,0.4557015059037297,-0.6927669826011402,-1.040543993703704
Yy1(+),-1.2853153383463196,-2.851003766993063,-5.769177659463597,-0.05478525207524764,5.239220467921749,2.8704263160689343,-1.1054023381233835,-2.4917314693662576
Zbtb10(+),1.5083222340755136,-0.37975611254880737,-1.208465002559698,-3.6109467921155787,1.4127088440392157,1.305944465755345,0.0952100110694152,0.9470110214033474
Zbtb11(+),5.348988145400192,0.062336168550935316,-3.5611624275866856,-5.8207275770326445,3.454126249301741,-0.9062007286574358,0.9445068155202155,-0.23998992975785668
Zbtb14(+),6.45063993908577,0.6596647071329469,-5.680560015938417,-9.445783914350649,5.416596158057568,1.2789345418151021,-1.1326731419031204,-0.4922385149340278
Zbtb18(+),0.3036336655750042,-2.5897355440730108,-0.8831228870352779,-3.5786450747559377,3.1184865168127684,1.8642312715736742,1.588980464811312,-0.7645145831283685
Zbtb20(+),18.361932293318606,26.534565948274217,-17.065643676958622,-19.335424073749326,-6.08484750086892,-3.6075875699162627,2.306813352714577,3.295098898504365
Zbtb24(+),-1.4753005244430222,-1.1864620101048944,-2.7486030241142547,-3.1352018851482275,0.350428865303957,6.048859086548028,0.8242113299378201,-0.8680401269617265
Zbtb38(+),2.9247618722764392,0.33946463237592517,-1.3422005871063425,-4.626697325099759,0.5173645577517854,2.066934205196071,-0.8720325069442079,0.27683954903173696
Zbtb41(+),0.2435188749520642,-0.8774499948846625,-0.37403261108998104,-2.196175474418794,-0.7072383044317372,-0.19656569267355586,7.299134413581625,0.19321642171522782
Zbtb42(+),-5.198414160020275,-0.9455187822897034,4.009085154493998,-2.5966740316535972,2.546029873297535,4.479338383225919,-3.217538533765826,-2.2812262695885144
Zbtb43(+),-0.588996193762003,-2.026524489582431,-1.4308914192121889,-3.0741794092246084,3.7224166966433607,1.8388272222026434,0.0996713826722456,0.49547740059323475
Zbtb48(+),3.9803863026115507,-0.7408801252709462,-2.4018715296417223,-4.088176224643614,2.1543622364015267,0.5145422527199173,-0.3491738751523206,-0.22578707573025386
Zbtb7a(+),0.6958389347675015,7.44839105051261,-2.7799047677434063,-8.393474346825018,0.1620568915227711,1.7164819507647509,0.7829116115735542,1.1681373969646365
Zeb1(+),12.15132905033158,25.458316240928667,-7.611399941247298,-16.30179753450175,-9.899604270977777,-6.915884684046391,9.807619350270194,6.941094135500855
Zfp101(+),0.8365078494647884,1.2695459568938772,-11.35796620321691,-21.53323873382853,8.783540360226134,8.63327498409419,10.978602887977651,2.7293234913071323
Zfp105(+),8.49659531432961,2.3345350481601237,-3.383783603602591,-5.6100164059027895,-1.1444769153353962,-1.187875845980406,0.8499883580037717,0.6121099064328686
Zfp11(+),1.9213255921982015,-0.22767071774651318,-2.6954941847204026,3.0322732491673015,-1.210790183072845,-0.33660032078617946,-0.9789786808929096,-1.6885361553072242
Zfp110(+),0.9444170665020956,0.9476909741124167,-0.29454748048774027,-3.174798264744272,2.5389534646472813,-0.7513690678226397,0.11113834387578923,-1.3199226180039085
Zfp12(+),3.3041733819632126,2.5883321435068387,-1.5974485693987848,-4.596443603860415,-1.0801470566403337,-0.5557759517200509,3.6081003405502057,0.538319828098414
Zfp148(+),0.23130699900326154,-3.788677247655286,2.9913242941479257,9.781422673687919,-1.151877805877672,-8.08665787069802,3.4047017600020957,0.1271253464947208
Zfp174(+),2.3335314722212903,2.0076686801366135,-1.2741690564504748,-5.096977115568711,3.620442843315625,-1.2286188467633437,-0.8752845358233424,-0.5334805849548729
Zfp189(+),-0.2681432200399752,2.063426767282157,-0.6300058552225124,1.6210591029924095,-0.9610768731825439,-1.2694694260312018,-0.39875715957222685,-0.250945161429476
Zfp202(+),-1.4867399394736245,1.1258991484016605,-2.423064877884641,-3.344423550035459,3.1223535873584662,1.1663260441897907,1.4826433057487323,-0.8800314862603507
Zfp213(+),-4.982293518451481,-4.118696830986445,-9.50591010377214,-16.461796072875742,5.893220160854869,21.26202212823255,1.518331493878635,1.2484282515727505
Zfp239(+),8.55608156638791,1.6676397923465018,-8.494986884988506,-17.76978788640489,4.800537890639478,9.888632941354462,-3.706760262881186,-3.028026843741707
Zfp280d(+),-14.436046689921282,-14.47731805946791,18.02567474440145,57.82492368609283,-10.662250692306515,-14.549721299868462,-1.039735423599803,-1.6977442655332924
Zfp286(+),6.108043769536701,11.714533068241748,-3.0013569996798934,-4.81260148548784,-3.7613488886371127,-3.0976685024492125,-2.264627852149242,-0.7907107408560294
Zfp287(+),-2.1077257994810075,-2.1820824054906094,-10.227878675723122,2.15956255205361,3.8806790652342396,4.022692105093191,-0.6167568335030679,0.4356368442547349
Zfp3(+),-1.4293782188762136,-2.1770916209820497,22.610982019064085,-1.3320251880737266,-4.598812079943578,-5.1942411317427615,1.0894079127945708,1.5076222491408278
Zfp317(+),-3.5711752699571804,-0.7433313287977945,-2.4573027333288238,-6.7867188739582485,5.334690126821563,7.295494561051785,-2.616939150830134,-1.16170359276963
Zfp319(+),6.300772686189756,22.638925101992704,-3.1281903333907217,-7.442406267409654,-7.78917020637475,-7.144404404172606,2.2704841947366505,-0.2779392445552375
Zfp329(+),-1.044419718043551,-1.595408380989318,-0.8682444549573225,-3.559862697579938,5.402113285262188,-0.6377004450827647,2.252973314291789,0.2050452007650629
Zfp341(+),-1.272028480605031,-1.6361449568394242,-2.3059523836737816,-3.51961128717769,5.678795200879495,1.2755417597538425,-0.2207132337939565,0.4208502461844347
Zfp354c(+),4.528116407613101,-0.35224969685870705,-2.1077895321243467,-8.063477121319545,2.5172055620338463,3.596725250209365,-2.073859127233593,-0.5505733864043785
Zfp358(+),0.004621148366439578,0.6357862319688911,-0.8887805360020318,-1.5195065010960853,0.9847469511991297,0.843225773505356,-0.7267346822734407,-0.3716312959380862
Zfp384(+),0.7605527913393282,0.7800023631272134,-3.468020424995574,-5.62120454625156,0.4533743145284305,4.545583460742756,1.1326900310993688,0.9604396049694208
Zfp398(+),-4.270383712950156,-5.31612691191733,9.061959808095802,-12.61704116313273,3.5671614039103567,9.030093754834471,2.4633259832041565,-1.8277860591386303
Zfp426(+),4.4870686551943315,-1.5122840214203834,-3.664946383409227,-7.107565138514941,3.455231286302101,2.099403692304557,1.530572965170913,-0.9088730519768977
Zfp534(+),-0.49830559761357746,2.226582847096417,-0.7120910531299044,-0.8737317719638815,0.08814730457647671,0.3979477143901937,-1.0625171455563918,-0.5433109906398959
Zfp558(+),-1.3285178457205837,-1.682144716393999,0.21902227930025428,-1.694537605778815,1.4107318673771692,2.425367700440597,-0.10362410422358667,0.06529721094019164
Zfp580(+),-1.079850664890772,1.3459435824962926,-1.5365211579291487,-6.085061062695968,1.767504834182397,2.855641561344046,1.9201696940524304,2.1702942309946858
Zfp592(+),-0.5180046572979667,0.9759385297054652,-0.736579244624433,-1.2763568026938497,0.6235469108611561,0.9742257156323507,-0.6104830294316119,-0.3121879674134972
Zfp595(+),0.031589732934646286,0.5949160885130955,1.2603442421481592,-0.8987781769723955,-0.9942255681778986,0.9193164302926705,-0.5108254172802872,-0.6587624051197488
Zfp61(+),0.13160276937834625,-1.0216195010255784,-3.729630805856537,-6.101680402767275,1.6942860829231063,5.464895247055489,1.5417586152771707,1.7212056895136458
Zfp617(+),-0.6329435659250443,-0.045258547626493076,-0.11419432718636241,-1.206714690954345,2.3820004431271635,0.130770861052093,-0.9822105009896818,-1.2025164421015706
Zfp629(+),-2.4536626493045475,-3.233468874317447,-2.7234578836492433,-3.154695298415869,9.288582326283608,-0.25059184808463264,-0.860558493161974,2.518872070578189
Zfp639(+),-0.25303641419553374,0.6600716013286451,-2.7063519455797542,-4.001399768515048,2.1475043678566528,2.450476118131779,1.1272061395880093,-1.069940693020999
Zfp641(+),-1.327521850768695,0.3352818736763845,0.4697672233235537,-1.2082861707449388,-1.0395620950893598,3.182554908165206,-0.8787860736130982,-0.5907084871487841
Zfp644(+),0.3786330649619628,5.9988862790179285,-2.693258001315164,-3.577811050189613,-0.8639684391068818,-1.5758719805415826,4.907519260512033,-0.8832868337616862
Zfp687(+),-3.197824203329129,10.676944762319497,-4.610886255610889,-10.248909576663621,4.509466423751942,-0.27318495353361777,3.7606742488783036,-0.14164461576103476
Zfp697(+),0.3063776357501133,21.194771251076055,-3.553947640016484,-4.731048120315597,-5.381039487614183,-3.778180700001193,-2.946427825140254,1.9919306488959743
Zfp708(+),-0.16262466292023106,-2.5686637527624154,0.09496365446833376,-3.988947509149871,1.6137965226930955,4.749740064513778,-0.7409435383115168,-1.3649007484786166
Zfp738(+),3.241276321108703,-3.5075253558933683,-2.8487576635913783,-8.544963686635713,2.0167710564013897,1.5620694533043344,7.484557952823683,8.717683416094944
Zfp740(+),-1.9764121742040133,2.6471050434976395,-1.664097636159591,5.872869148060788,-2.5618655373413786,-0.8177760645127972,-1.8411415048418316,-1.6902714459408998
Zfp748(+),-1.3646827800898065,-1.5502253820407625,-0.8890287490854583,-2.0022294251524535,-0.6194097721600058,4.68311841759017,1.214931487308075,-0.08140437895559298
Zfp768(+),-0.3564129430173002,-1.97937140396761,0.26936445308803414,-1.643368886193088,1.7923957542822098,1.5758069481340644,-0.050272739734659386,-0.6348728489268651
Zfp78(+),4.290255359513098,-0.028703385588697776,-1.871577341791607,-6.412889843508836,4.008195556355851,0.349004915507197,-1.4740656622759996,-1.0493440632335458
Zfp786(+),2.237996350182806,-0.6873965261121834,-1.0186607884019399,9.579172768872452,-4.009044369924586,-3.5560955143091886,-2.6257739776332145,-1.0120042738687236
Zfp81(+),1.6898261963754315,-0.14828226488063084,-0.1502200184841967,-1.2545522304315064,-0.2699500919254561,1.4584527923488575,-2.0253888942173726,-1.1020503926080834
Zfp811(+),2.838385312056397,10.158747143693322,-4.082741306013461,-4.959450209425523,-5.105565360229993,-0.8979916879214197,2.6467163852400746,4.46668999511681
Zfp821(+),-0.018521179193188443,0.9686196544248531,-3.149083222280325,-3.0483195755911443,0.6311205942156628,3.6086673493389734,-0.7109582701761572,-0.2529320180397408
Zfp85(+),1.385654133941944,1.1738455844589633,-0.7277991704210247,-1.1851802029011167,0.12403253272729556,-0.35084020403364863,-0.5668852916353514,-0.28989437679691277
Zfp87(+),1.150038240986315,-0.3045717910414829,-1.5563032593026958,-2.081993536597716,-0.26439015860330756,0.1621003928389972,4.101715869431684,0.7813656832818496
Zfp874b(+),-4.843187557098978,-2.8212721581783367,-4.00113164824909,-8.851088155671876,3.6558757798296884,15.364700651531717,-3.729756346288166,-1.7743467381420268
Zfp93(+),0.657616014293256,-1.1598006303131607,-1.1420715785425433,-1.144409624836056,2.2721794976675773,-0.3502802479934608,0.6766316106270156,-0.4548691961638209
Zfp943(+),0.6952664256442425,0.6745574263211014,-1.2840671649976274,-4.29226910844737,1.169492308723268,2.6040941682405494,-0.8236486503986298,0.3451332399655692
Zfp953(+),-0.42903606414862366,9.347051621934854,1.6268292307157868,-0.38749793088907847,-4.373598350336382,-3.5663888643516213,0.38051066115865134,0.05933273811577259
Zfp978(+),-3.3485587684037568,-3.5532693816772283,7.145595814080559,8.638250379863466,-2.812143214719134,-2.063352498544274,-2.4514348007622,-1.0875802232388363
Zfp979(+),0.8217558187399883,-0.0024635522593434264,0.7561296854461144,-3.236937216040022,1.5315074920644378,1.6121512877171602,-1.947356789303257,-1.7676703580051165
Zfp981(+),-0.665467214822473,-1.7876234502064157,-0.29278534597275624,-3.075543191788647,-0.838407564952387,6.21450177770932,-0.6984963899100455,-0.7742602647552727
Zfp985(+),0.7871972381359151,-0.5630029088710657,0.3903847366826744,-2.353474837706838,0.47362903788590327,1.4360152713961294,-0.029286566375128883,-0.9610729055904232
Zfp994(+),-1.0636949566825258,-2.882812397569347,0.1401873579125801,-3.831134711446,5.576631164516319,1.2018672833712931,-0.005682094467073794,-0.799652015026981
Zfx(+),-5.854526600091061,-5.856107272923392,8.407196799875216,36.20669149333898,-9.792905490223712,-12.119098513196287,-2.5661658738577744,-2.7666411079666786
Zfy1(+),1.8846129621241947,-2.286241925289317,-0.6774050692967268,-6.651316546223376,3.0312281757833652,4.25740966751695,-1.208680874844496,-0.4725709620855448
Zkscan6(+),-3.6383984749477087,-3.9957554173029153,-4.291992494837714,-5.739226224161928,4.507061709324372,9.160178830223343,0.8008400214271745,-0.5389500956709753
Zscan2(+),-0.3105765320132283,-1.696618931101522,2.4366204868290824,3.6465913800205336,-1.14365173863308,-0.1999640477718515,-2.8496016573904477,-1.4863870561912347
