,BasalEpi_Acta2+Trp63,Epi_Ctr9+,Epi_Kit+Elf5+,Epi_proliferating
Aebp2(+),-1.885509535123181,-7.867037944338182,8.39256177669625,-0.27400772002697243
Ahr(+),-2.917597205792231,-17.207722461274034,18.307027677509197,-2.488218955530343
Alx4(+),29.30724878027908,-15.044386042669638,-10.589391733742971,-1.9283126619515791
Ar(+),-1.2099426208635904,-0.6535484952047445,2.534107525105771,-2.025428689567915
Arid3a(+),14.12026796740984,-2.1946019338505804,-8.769184694589397,-3.7251965090109636
Arnt(+),6.110257636358784,1.4719586842980112,-10.609022844168784,8.596889774686895
Arntl(+),-3.618400248048438,-0.20193747589741418,4.218116556222778,-1.8645961104405449
Ascl1(+),12.45773596796115,-9.934820048439231,-1.532773513228925,-2.3952455599067455
Ascl2(+),15.810515008576989,-1.6208070386447855,-13.36159353721183,1.8804452859535254
Atf1(+),2.3361511415987866,-14.564036598331699,8.028806879082925,4.075589672531857
Atf2(+),-7.102731747588025,23.496939336921805,-10.813948273695843,-3.36526930527124
Atf3(+),-2.5061571999080834,-3.107908301654609,3.3827024056004444,3.1779382887108607
Atf4(+),-5.9864420939739835,-0.9849154658074584,6.521977890850549,-0.8603282223469652
Atf5(+),-3.248795898716341,1.525849474759008,1.5819711364544597,0.033308156009702036
Bach1(+),-0.01311893783829561,-17.092906600276606,15.240035999443354,-2.228560835718492
Bach2(+),15.945753425615669,-42.11766612481798,12.973810451525747,6.568306264860458
Barx2(+),-32.57387881876505,-38.41294502249198,101.0736072414378,-1.4397129278613088
Batf(+),-4.064451433242278,-2.5551693933349107,1.3171963388482975,9.871924482967732
Batf3(+),3.8784143838628267,-6.276795265958539,-2.1397156373261783,8.789902290648563
Bcl11a(+),1.5881692548922635,-37.23536628437383,21.622521452612368,11.206132483972528
Bcl11b(+),6.468624400854599,-8.007924363251039,-10.259021620745202,26.56154682609512
Bcl6(+),-12.534907761844352,31.153534625262417,-10.86203392420121,-3.984063433904573
Bcl6b(+),35.15018609510201,-20.39332542081477,-10.90214519304072,-0.5420127652900485
Bclaf1(+),-15.901163831014777,13.591855700622073,3.149714537705175,-1.3390787541960563
Bhlhe40(+),-0.1828578541665602,-1.3634893513688635,-1.2164208061234407,5.593243877912584
Bhlhe41(+),-6.745800220517952,2.18165166792441,5.5106323842192335,-3.0467953474945184
Bptf(+),0.16349238481822112,-15.620761976561857,11.967554603783435,1.722720483602279
Brca1(+),-7.512613556887526,-9.361306861919198,-8.324727453126238,81.08118847727808
Cdc5l(+),-0.29260670065620986,-3.8141136692693927,2.597961156812367,1.8743638334561126
Cebpa(+),3.842500418609231,-7.349625805799726,3.302864764919839,-1.3031777251455288
Cebpb(+),-19.54094484653292,7.879159981497218,10.872876660743307,-1.5984182371080375
Cebpd(+),-22.638023998441106,-8.649389743214249,31.062864261896383,-4.134183091998778
Cebpg(+),-3.4741435163539998,-10.027975241442729,11.105105248491768,0.9156816688402483
Chd1(+),-22.74159724802234,31.00829792159904,-7.02899510862484,5.862501344182336
Chd2(+),9.886142119230874,-12.879737026705104,-0.12541697955258435,4.510619342854338
Churc1(+),-2.1934847605069865,-8.323447707154907,7.175541314789357,3.792864015344559
Clock(+),-15.48947240565234,47.346551311104314,-19.291735671830804,0.07692640833435621
Creb1(+),3.2201293513809044,-2.777724969133112,-0.17863593706217487,-0.7694873558815568
Crem(+),-2.987432437273603,2.3486701627192397,0.9103323626224148,-0.5117538051736332
Ctnnb1(+),-13.44875606220282,-25.348158307659407,37.88489209200924,-2.6746159098948366
Cux1(+),-1.0694150648916856,-0.7561772092781843,0.904777916082062,1.4919550464652802
Cux2(+),-0.7176492854101314,-9.015852547577824,9.227549618395809,-2.2866567435385767
Dbp(+),5.9588391187812215,-10.158023463911265,2.3710970063110377,1.6959563062753387
Dbx2(+),8.219357370702808,-5.123120418537675,-3.3977081374415774,0.989797641135184
Ddit3(+),-3.3100409514149383,-0.9808085859480906,4.531364845561417,-1.7130888810945968
Dlx1(+),8.81565674458384,-7.812933752160957,-0.8288369407553222,-0.9220672435615184
Dlx3(+),-4.104051091414177,-11.330396332557653,13.89492779446412,-1.376940728075024
Dlx4(+),-2.125253034750232,-1.9269119110734207,4.36724686244934,-1.9179594675201483
Dlx5(+),-2.1709983457127886,-2.495035733588246,5.143773073585676,-2.4842301763939703
Dpf2(+),-2.18751363510214,-5.497045204128336,5.9747627076797265,1.2525705321661353
Drap1(+),1.0517537832643367,-9.578715357200904,7.748423658272466,-1.5550298413399144
E2f1(+),-5.311931933222894,-16.59384224823083,5.040331284703447,32.531213859010066
E2f2(+),-5.923705785240693,-10.884527290547734,-3.6840209620031423,50.5130392695799
E2f3(+),-3.687507360146835,-36.380526971044645,16.57939399437818,34.220340503894704
E2f6(+),-10.146905396368714,0.35027150249080913,11.341147183305068,-5.750612353914721
E2f7(+),-2.678680758063423,-13.39624453047493,-11.121610345926815,100.68692488152377
E2f8(+),-10.158766568554075,-18.980199014528502,1.697029006409967,79.12291631113852
Ebf1(+),15.011279405124453,-24.949548692713503,2.1889723985595038,9.621790313935682
Ehf(+),-32.10469802774962,-35.50142572000254,87.88277902992377,-0.47497471572675404
Elf1(+),-36.37373387855952,53.145681906613724,-5.113260941282175,-2.3197967769263523
Elf2(+),-25.576715759627792,15.308592572660245,7.63559657612558,2.1635452785269393
Elf3(+),2.344858348656338,-6.4216789560307035,4.905229854605941,-3.5962918459590516
Elf4(+),11.68818201597269,-20.019934782992742,-7.361898052373348,32.58692569344202
Elf5(+),-23.798642666989423,-40.62283486688739,78.78538748131658,-2.4695178164053706
Elk1(+),-13.845199495489268,-12.663126341165015,24.626642483720282,-1.3366211217292585
Elk3(+),8.875929500577039,-11.635387967932688,1.5332184290996012,0.5662017663410389
Elk4(+),5.4522918246899525,-18.293031928984036,10.578391241332232,-1.2051853010854392
Emx2(+),46.92965595207014,-26.120186444879856,-11.913895193046875,-3.3364083448184036
En1(+),10.84400492110926,-4.8221376471763175,-5.273578306873614,-0.411784489441692
En2(+),-5.122698720960274,-15.082552555152008,12.978583321806875,9.107711921840037
Eomes(+),2.9057638074824266,-5.1705116446985775,0.724219575501386,2.2485455963663816
Ep300(+),-12.394030133653507,6.38436732018085,7.2075430094449375,-3.7799848016121746
Erf(+),4.345387483813051,-10.322171467002072,4.707282714006591,-0.027980492662869616
Erg(+),19.40602373981146,-11.621920982611671,-7.325441813332115,0.9021358054301201
Esr2(+),6.165101340390079,-5.688457279314416,0.3036950741985348,-2.209581575264447
Esrrb(+),-4.575850575952437,4.875495918736391,-0.04091586913165499,0.03580303325793645
Ets1(+),16.29725039465123,-17.52828528164863,-11.008218663184177,26.35589455426834
Ets2(+),-8.706851185381185,-6.653161636687684,15.168602654511998,-3.5138319877133557
Etv1(+),14.539576198077462,-15.908547688722713,0.5537704980406354,-0.43347108050212774
Etv3(+),-0.8056580585003866,-2.1422389760758054,1.2505368352872812,2.7753935304492976
Etv4(+),13.428608035511312,-9.751383833818156,-1.9783510720262347,-3.5308496148712116
Etv5(+),48.79648523718212,-13.833239107207852,-21.76268916529843,-5.256804277608316
Fli1(+),16.811670426388122,-18.560845153584484,-10.747126158807063,26.65395529811218
Fos(+),1.8959095071996317,-6.539757956020612,3.180759665862672,1.2953546419597117
Fosb(+),1.6537134651743914,6.714683150994638,-5.052697135757548,-4.458662747210569
Fosl1(+),44.237190346939265,-18.002636877652403,-17.53866194305369,-1.6552651910705178
Fosl2(+),-0.8218324577906986,-3.0024611199142894,3.136770217326847,0.22608954275662632
Foxa1(+),-23.924122303850265,146.15352977629982,-28.515402882647987,-6.432537421406715
Foxa2(+),-1.6011265424153973,-11.986048867535144,12.417805311814112,-2.041183633526708
Foxa3(+),7.304335319471626,-10.760016804362149,-0.6528910867839617,6.900772090999333
Foxi1(+),-3.3819820550746216,-13.135240600112592,13.530199305462654,1.132203592281805
Foxj1(+),5.19618825389827,-10.660084198236863,4.4640626592272445,-0.5459478331928679
Foxj2(+),-3.076555419696187,-8.641432246016604,9.631047234839421,0.791096259378481
Foxj3(+),6.865839347480109,-4.753217472493688,-0.9551841654086638,-2.4889250120698256
Foxk1(+),-0.2384202107742186,-3.9442057849577634,3.945515066173369,-0.9632853844300704
Foxm1(+),-7.909754606635825,-7.569860576225874,-10.524862416002332,91.85972264136949
Foxo1(+),30.855541859848483,-39.39567031601941,2.8669430830916447,1.247367275626462
Foxo4(+),-1.8356766040957182,-4.409908842854589,5.4187098255410255,-0.2132812331627174
Foxo6(+),-4.106426915957964,5.460956221725011,-0.36354742079192465,-1.2361900438372235
Foxp1(+),12.229112216687708,7.050974187654498,-17.58493961374157,1.0144170315972552
Foxp3(+),1.6770705898352194,-6.473582799296483,4.166630182375425,-0.56796345371084
Gabpa(+),2.038266015040213,-7.612772315776018,6.173429392618908,-3.607328510509251
Gabpb1(+),3.9624713777887823,-11.480351790759311,5.437201275070757,1.1692681323122163
Gata1(+),1.2924410335187815,-9.494935522785475,7.634234381685438,-1.9293535091151315
Gata2(+),-11.794267403493272,-18.70889907267217,29.137877790427694,-2.6906861709800474
Gata3(+),-28.877135095649596,145.40436045899972,-24.30833155996683,-6.028516392430193
Gata4(+),5.800812103821101,-3.764170822042022,-1.351807728121139,-1.372439317766666
Gata6(+),14.81845660934,-17.446936246741178,2.7038524291906927,-3.1192818663830884
Gatad1(+),-20.256629760729414,3.736485565466789,14.938628554097626,-1.2778982479318495
Gbx1(+),-1.5963275406681048,-2.3273069028033553,3.862522686398997,-1.1024735894963757
Gcm1(+),-0.7143124056698203,-7.273563541573925,7.778767107205833,-2.317333944440655
Gfi1(+),7.579397311121587,-8.847835146977898,0.645949094418865,0.043486730480788105
Gmeb1(+),2.389413080583123,-9.249413273548248,-0.8077950575692533,14.402198611150082
Gmeb2(+),0.8886146658986538,-1.527803849740358,0.5305220827765421,-0.08829163482664147
Gpbp1l1(+),-1.9882342036671041,-0.10689563945473562,3.0200108130449,-2.587076255321077
Grhl2(+),-3.84578059883493,-3.0757028006055016,6.6178389154255495,-1.3623423601035503
Gtf2b(+),1.8119977955009718,-6.776854559349087,5.273739160948207,-2.711931261249486
Gtf2f1(+),0.6242735649935924,-3.1913541135843637,0.264708537352628,4.097465245506105
Gtf2ird1(+),4.981494805313062,-3.5211933135684466,-2.1631377569672643,1.561889546842948
Hdac2(+),-3.560748838588727,1.6336347628726693,2.5877642648545045,-1.780232989791518
Hdx(+),25.562817744612303,-9.578598684746947,-11.979786230238968,-2.880950672882479
Hes1(+),-2.6131210580501634,-5.097880075986911,6.411564578305222,0.40032019709126143
Hes6(+),-0.013238942414775806,2.249811072820352,-1.0076417516220053,-1.905623398701838
Hes7(+),20.96173492256572,-10.038509220533237,-8.859297759270204,-1.2295755121127883
Hey2(+),-4.085376232252744,-11.533697949090037,15.50915667383502,-4.367746726844644
Hic1(+),-1.3519026693367067,-1.0858217525494402,2.510806653298653,-0.8955540155795849
Hif1a(+),-6.884507740878033,22.536023112399974,-9.455262120416593,-5.215301774529015
Hltf(+),28.923359231012533,-19.681293638778506,-9.085289755108494,3.127496177502156
Hmbox1(+),-8.110820389638416,21.31123719286134,-9.011252507529713,-1.8838274100434405
Hmga1b(+),-4.332808413666594,-0.43398773219794173,4.030633303203057,0.368980212295334
Hmga2(+),1.146167005306115,-7.00059328100208,6.427320009697918,-3.525448840649273
Hmgxb3(+),-11.911934785192258,34.41066402752342,-12.43547462499979,-6.076359128523021
Hnf1a(+),35.84457926336004,-11.014159684613496,-18.20250067987849,-2.3525820537552384
Hnf1b(+),5.152064636009725,-6.415121387430508,1.3781368948253556,-1.2980896290386907
Hnf4a(+),-1.8173508385323796,-3.7424117210634957,6.180569795935823,-3.145444171140947
Hnf4g(+),8.019701912324654,-10.935573975989431,3.4082967811878206,-3.179516435899801
Hoxa1(+),12.940752870844689,-10.792927058446084,-2.2379159068927126,-0.2009848549267725
Hoxa10(+),15.121264733561308,-8.064691731145459,-6.287019948716392,-0.16657475920019144
Hoxa2(+),11.671076031612126,-9.404267511348595,-1.4600389985472462,-2.042796475153788
Hoxa3(+),-0.43263347409084674,-2.3077403957362903,1.0828494112347349,2.721222556929326
Hoxa4(+),1.6031964541081614,-5.536630836889592,4.374104765632875,-2.5921704623225734
Hoxa5(+),-2.2776186766084305,1.7295697930345915,-0.012961165160818064,1.2883971975311947
Hoxa6(+),10.766269748308487,-7.787627243458957,-3.232696714321027,0.6542936414449885
Hoxa7(+),-0.18030176411826443,-10.302242832824334,10.11714840812944,-2.942892262186969
Hoxa9(+),4.376267584602811,0.9657581241177755,-3.1571006149937535,-3.365670480042201
Hoxb2(+),-3.1112983519234203,10.540277030489149,-4.195387203400891,-3.8963074961391557
Hoxb3(+),1.9373822934058407,-9.157225652420042,6.63438577322519,-1.6249729659810022
Hoxb4(+),-4.393927368776458,-3.564841922946675,6.848783348896287,0.10370653575465179
Hoxb5(+),-1.5839143389030093,-2.7561018948682583,2.447201566418969,2.7877290221877735
Hoxb6(+),-2.967289430430318,-5.108716248361329,4.454565007793134,5.414457939580331
Hoxb7(+),4.83847623999192,-16.77809272448883,9.386810721973905,0.016864414575873326
Hoxb8(+),0.1250995337635267,-4.9499026498513325,-0.22488819108723088,9.487677631137736
Hoxc4(+),5.211869378700845,-15.025895777718876,8.606421280155361,-1.9920278460056897
Hoxc8(+),0.6107208425857253,-3.971023268730531,3.1346757453527436,-0.7912027302110495
Hoxd10(+),0.5703238234199235,-2.9247076399898964,2.1843420706599903,-0.5420644354710397
Hoxd3(+),5.5005378183985965,-11.800665737715363,4.715980222807374,0.32627009652087485
Hoxd4(+),1.1698182261801024,-3.521884880278779,0.9921759342151837,2.021236916274767
Hoxd9(+),-0.2693292473824937,-4.689903031638311,3.4668739160966306,1.5218079961247688
Hsf1(+),7.468043755663891,-20.845100163052116,10.396744611892746,-0.5848575641918297
Hsf2(+),-3.25283942923556,-4.967050295175423,7.774677956158549,-1.5516142705172522
Ikzf1(+),13.73542489888441,-18.124160872719262,-9.123850336960668,28.410606741773034
Ikzf2(+),9.103760791962022,-19.550129691001644,-3.360095272623305,26.35859683116213
Ikzf3(+),9.86327967895875,-12.966264474195267,-9.350238055389841,27.04623932589335
Ikzf5(+),-2.281752378488802,-0.6072705406093153,2.838467293225292,-0.6847787963480438
Ilf2(+),4.37467783479739,-7.1732097294856,1.9972547574544934,0.22252007351413353
Ing4(+),-1.1051791155904431,-7.573471596292039,7.632882424103375,-0.6908842042556456
Irf1(+),7.959554849952346,-17.67209150020401,5.831568869145659,3.186403036924142
Irf2(+),15.12332917770404,-38.67513120751842,6.164240306497504,19.604641779478364
Irf3(+),7.688101531841117,-6.640081632723601,0.4939760960967732,-3.830680282063619
Irf4(+),2.328362293805507,-6.080255811198158,3.5745833298097,-1.256398792046359
Irf5(+),11.507123720000756,-14.322490471936302,-2.1167092484578243,8.427609460805762
Irf7(+),10.907552768373476,-7.622866143642429,-1.9444691042347553,-2.7551034454437557
Irf8(+),19.146585038383957,-34.251053629578934,5.519391326696152,7.767010556787713
Irf9(+),0.143460129407829,-14.028815087103233,12.187967496155055,-1.4217958713965246
Jdp2(+),25.15596175788164,-9.173891395695417,-12.175522592363034,-2.555906658740845
Jun(+),-3.097816633005014,-2.3245279025695136,5.9979591800084195,-2.8578892096774764
Junb(+),-0.860801747653116,-12.929598093683135,11.400734470060312,0.2973615721515237
Jund(+),-26.37945672453908,-5.873469988607138,31.771992895012865,-4.350697718543478
Klf10(+),-1.3199194223602075,-12.884748605563557,11.99082981991834,-0.12397500063010573
Klf3(+),3.364603818131097,-11.403482072362369,7.597449569402402,-2.508436842341033
Klf4(+),-10.745424328889664,-21.50203053042442,30.312524600884757,-2.1038775301579657
Klf9(+),0.5951963077003488,-12.443638105246459,9.992803687119405,-0.4148574923928199
Kmt2b(+),-6.832926349000638,3.0166697511514498,4.299350546139725,-1.7608205355487436
Lbx2(+),-0.5965348704480428,-5.074868515578741,3.726583131573974,2.297829997147054
Lef1(+),11.360907570380293,-12.891246087494975,-9.496090235545532,23.757275525215896
Lhx2(+),2.1756661443245284,-4.735328112030454,0.941387089967279,2.397127111015483
Lhx4(+),-1.330148037404387,-1.4615048434545717,2.2658329758954716,0.29759582575148974
Lhx6(+),8.43110033631615,-5.06726122701593,-3.2375739704660265,0.13010152483484178
Lhx8(+),15.34684761159603,-8.734957781254495,-5.878250481570055,-0.25680477220969505
Lmx1a(+),-0.45822562929962024,-1.8143431184700232,1.0034668909722577,2.0340089217267012
Ltf(+),-24.626728006022105,-31.297793190327777,65.28777562812122,-3.8445078960902195
Maf(+),12.771483665898549,-22.249446415195703,1.8584335834005137,10.353049104580844
Mafa(+),16.033031897081383,-13.23551859667008,-1.6263873888077163,-2.880927068349868
Mafb(+),14.580397919591208,-12.5578066004286,-1.0142818144949037,-2.800139418890247
Maff(+),3.4675808138677473,-13.76338251936679,8.338917394184051,-0.1889733204417426
Mafg(+),-1.1255140843576157,-7.055927517072438,7.244185174822955,-0.7472107241894667
Mafk(+),19.231798044107542,-8.87382329902869,-7.221301545978771,-3.924202233792097
Max(+),-0.11301274571927321,-8.649023366557948,6.770162752659798,1.181447098684915
Mbd1(+),-1.0045896317619611,0.18440316446099037,1.880947186816555,-2.5361395848995367
Mbd2(+),-2.549382096415418,-0.27302260670677614,-2.6083271895761535,11.442918883929012
Mef2c(+),125.62770954589132,-24.653503479181506,-33.253928798680946,-3.3487312318108695
Meis1(+),-17.866321914119517,97.6376243378804,-28.720555993702714,-6.982459094067391
Meis2(+),16.816013650068626,-10.264656613586665,-4.862026118805685,-2.3671223144309437
Meox1(+),18.335129565684586,-11.204067071965728,-5.59277694901781,-1.7631164793201768
Mitf(+),2.564722162761799,-6.303314446852267,1.3803089869021585,3.5381253015774723
Mixl1(+),0.7161015873792898,-0.8529581051899882,-1.7754339009506455,4.111303702281832
Mnt(+),-7.1333378178975355,-10.229393068314211,15.67177087235134,-1.0985885870153493
Msx2(+),-2.4415331421601403,1.104675755701547,1.2443831933334535,-0.017895124661327224
Msx3(+),0.19667519127204286,-4.504075717577304,4.374817041971966,-1.7308838564087208
Mterf1a(+),0.8506237188043351,-1.4233594503804738,0.6440318768269103,-0.45815257020082084
Mtf2(+),-14.858672451361617,67.83461396421762,-29.28414326841396,1.3853630107447974
Mxd1(+),-0.2351414051952058,-6.4900761291938185,5.686353888228034,-0.12606478061292611
Mxd4(+),-1.1409026385262786,-12.693394294747565,13.177893948613454,-3.2918515459549873
Myb(+),-8.533264364389298,13.666013282075046,-3.1806192858801756,-1.1255418806490305
Myc(+),2.4205102201789606,-15.829431598847597,12.062939646477892,-2.5445604178089605
Mypop(+),0.9194648236385531,-2.841711226679413,1.539237863103871,0.04678520966856531
Mzf1(+),-3.077298124709994,-6.401175831938377,6.14174365252375,4.286991421034744
Nanog(+),2.9271247335203157,-2.6741099110071307,-0.24805221650541118,-0.2350984113965257
Ncoa1(+),1.6262355533523025,-4.393574010354896,-0.4987603852031258,6.056594662415264
Neurod2(+),-5.153948108251276,-11.948099697713548,15.236673453565611,-0.9983004823113137
Nfatc1(+),14.965806965417366,-18.434826173295157,-7.276432228511704,21.33121434536135
Nfatc2(+),17.707861902896223,-17.105450750973226,-5.42834634548505,9.213390873735674
Nfatc3(+),-7.378488855738675,13.75278603516923,-3.450611209156257,-2.8929949177826546
Nfatc4(+),12.925117671868616,-13.217232674835596,0.31712155471972897,-1.5683185624916527
Nfe2(+),0.17007503595428783,11.526482558599554,-8.340283359317773,-3.022499219542169
Nfe2l1(+),-7.71101705030351,-1.3125223320000954,8.556895867335097,-1.343961298478086
Nfe2l2(+),2.911257474708906,-11.587087913829867,6.767600565519624,0.5036514319819066
Nfe2l3(+),-8.540698794888607,-15.790867285997521,22.365381855602102,-1.7494700875432176
Nfia(+),-24.278352056974366,65.60910779531824,-18.1138384080448,-1.4860469625884392
Nfib(+),-0.44326812137348687,-64.7489456249154,50.07873825155063,-2.254746966923786
Nfic(+),7.0330664232212365,-24.808073554709726,15.415535918928828,-4.092787907982148
Nfix(+),10.40160124665029,-56.30981173792936,32.189578563418465,-5.694187416503546
Nfkb2(+),6.075438594485892,-12.855632759322756,6.47743330496362,-2.7945130770376583
Nfya(+),4.767383371323676,-20.185291259916983,10.952435713341279,2.4015268918300516
Nfyb(+),0.765212777352594,-10.417985751136579,8.238989040313875,-0.5568388396762605
Nfyc(+),2.9452052925192866,-7.668154106893078,2.9329968064826284,1.8406701933897358
Nkx2-2(+),-1.2653897276547799,0.3538239684236908,1.1742668752963303,-0.7746457495784198
Npas2(+),-1.2768065870547787,-11.700889757449886,11.368667155849367,-0.9716279413983931
Nr1d1(+),1.776211062222442,-2.7681170219064875,0.12170261446448594,1.3701323171647908
Nr1d2(+),9.455658550479518,-6.427042307046151,-0.8878323337853633,-4.535290908119971
Nr1h4(+),10.873087861721707,-13.097888153113711,0.5351009455309389,1.5595030245689891
Nr1i2(+),11.604009454637877,-6.6665757783419135,-4.703798759624237,0.28834847982294814
Nr1i3(+),2.8170388155041204,-7.445948457994003,3.7639599510661874,-0.14352645607801837
Nr2c1(+),-1.8697060495262763,-3.7496311094469137,4.01136501224425,1.7282802187204094
Nr2c2(+),-1.32368998944859,-14.145767921634114,9.946707762907888,6.427369084861521
Nr2e3(+),-4.561654065463759,-4.864946716589498,8.466693676525765,-0.6839158876338032
Nr2f1(+),14.134568365093385,-12.819760460861271,-0.5285206084803686,-2.606778919200015
Nr2f2(+),4.773256857414851,-5.222527647943872,1.7859894800019651,-3.649319405765895
Nr2f6(+),0.7442927541337779,-0.9136853052962651,-0.5881601713251914,1.5345092175697228
Nr3c1(+),7.306679553071207,-26.243116441921195,13.24080307240467,1.9791949488574776
Nr4a2(+),2.405788545284215,-6.679725234530474,4.408797090489243,-2.1511962538666607
Nr4a3(+),0.4873076542691411,-3.572637286247943,0.19554512310919123,5.230392238095013
Nrf1(+),-1.4135902724606382,-12.284317153939206,3.542545564850263,17.93146238591956
Otx1(+),-14.086328923420313,-14.671476977525657,27.125076854899397,-1.8169559856702786
Ovol1(+),19.451852872412164,-14.566252827622561,-4.66153177795202,0.12507139823184868
Ovol2(+),-11.222920840665982,-22.851206163938272,33.41631329400889,-4.020840741577765
Patz1(+),1.0942096063689666,-6.2845675909135705,4.4251323952650345,-0.3397201927432718
Pax1(+),3.927861876337225,-6.374883771896645,3.040442287147977,-2.6653825586089632
Pax7(+),5.499546279622839,-0.4519494974722678,-4.726098271173132,0.5333747984974921
Pbx1(+),18.84683858398894,-54.13519128277616,21.06530069313793,-3.3962447728479046
Pbx3(+),-1.2287675994817469,-24.264027208743077,4.239123687547449,41.914095274326435
Pbx4(+),-3.4486430604170653,9.43543752697117,-3.973578803482743,-1.7486007969029904
Pdcd11(+),2.9210354102156235,-5.145921285551651,2.818082197741589,-2.4569576922342056
Peg3(+),28.78135917786029,-11.965101089253636,-13.105579580394808,-1.1948160556865008
Pgr(+),-19.502180146094158,141.89572221566897,-32.997471900541534,-6.012869089458253
Phf20(+),-14.515513311998276,30.920121792574317,-10.941536154549867,0.13526430546688303
Phox2a(+),1.2942041817706966,-1.9695816798910764,0.9729280060730292,-1.044818597218217
Pitx1(+),14.862566683922237,-9.759595868354038,-3.9267432381789544,-1.8265261705753597
Pitx3(+),7.357922186141327,-17.56859890364133,9.031373079324048,-2.774216391014956
Pou1f1(+),-2.3644301791197364,-15.575928669199303,16.61577713332819,-2.956065206892515
Pou2f1(+),3.230041040168094,-7.693811938999948,3.5439067316810497,-0.016193072812875717
Pou2f3(+),14.25924088458833,-17.77974990476934,3.1897667861028665,-2.623808500037501
Pou5f1(+),3.9241609261842947,-10.310366238039423,6.389546098748812,-2.9122978152819323
Pou6f1(+),-1.747929930851875,-6.065935167108465,7.368977262870613,-1.603019484091199
Ppara(+),-3.5492440011214246,-4.076703034925049,5.488432179703404,2.3705084499957114
Ppard(+),2.989581596443398,-6.627672113050367,3.1236674282335173,-0.556412715454621
Pparg(+),11.765308946771226,-9.360873338569007,-2.117390660308539,-0.8422255293706402
Prdm10(+),2.9362180833545044,0.17379875936990768,-3.0499211599242666,0.6744912017554162
Prdm6(+),17.044541976614536,-6.8251686002590874,-7.603727085126339,-2.986701956865679
Prrx2(+),2.3332616937534865,-25.93649480658764,18.966018148047503,-0.3518203852929343
Pura(+),-19.20726595061897,8.097224833718514,11.704425331049944,-4.33032058583881
Rara(+),2.1379536471481697,-0.9179106593725582,-0.30954892811992996,-1.8029139138603143
Rarb(+),11.060164325378462,-12.548333143748751,1.2509033810036296,-1.3331210552434043
Rarg(+),3.554546306815736,-12.625760351050708,7.228122175571927,0.06938539805415254
Rel(+),4.689060513450205,-5.371032369858208,-0.009635119659413187,0.7641267507760791
Rela(+),-8.23361893623285,0.9068591642783698,5.533512610422893,2.1187563368047733
Relb(+),21.20934853926212,-32.75115654626745,7.863423193364695,-2.8132808633859767
Rest(+),-11.151793541299332,28.55172733754912,-10.073100812148605,-4.670279817569236
Rfx1(+),5.65170396805083,-7.953559072682769,0.3651342392154009,2.770212933035876
Rfx2(+),1.165276688674013,-11.030660183607736,8.871875220175808,-1.6170846165935624
Rfx3(+),-4.278230000620992,8.155290935911022,-3.67149909461129,1.5056628887276982
Rfx4(+),13.972795796730644,-12.904570628130417,-0.661195774701619,-1.8691233137695218
Rfx5(+),10.353554766553895,-11.487629811903716,0.9643440262688247,-1.2338577565790263
Rfxank(+),16.094856407129377,-6.9822368211486685,-6.461960985040109,-3.4984975589352953
Rfxap(+),-5.829569526456675,-2.9934481897344467,6.742803114397296,2.0671712304437295
Rorc(+),-17.604647742092688,-33.5923330382938,53.66378029712634,-2.5468466277355084
Rsl1(+),-1.8864774962989903,-3.838139036543424,5.32615776255683,-0.9626606152737789
Runx2(+),-5.717314994890374,-11.916760544601596,16.314160988779616,-2.1426385378607895
Runx3(+),9.779666771191678,-9.990602848893838,-9.758195391492087,21.86016212023133
Rxra(+),-1.8383300681443855,-17.38137643013193,18.203905005996624,-4.113173697404648
Rxrb(+),-5.727574583419335,4.887496569130216,1.6541372284456983,-1.5024785303822257
Rxrg(+),7.0489668977761015,-13.348472247788349,1.9346140929090458,6.1980597690723975
Satb2(+),-3.475440585225825,-19.06059726759075,20.113188682992053,-1.8555100665304258
Shox2(+),17.5048412767433,-8.675181855259382,-7.194321071730802,-1.3339595767305268
Sirt6(+),-10.974906656384354,16.536324775949826,-4.994282629624256,2.592750192729183
Ski(+),27.60487012376329,-20.830453295487217,-4.770022047610178,-2.4454590141563157
Smad1(+),16.004961771205878,-19.68676947615015,-0.10721801007499697,4.643610408932107
Smad2(+),1.383031177508863,-3.1595897509182156,3.249481018993808,-4.058965041361726
Smad3(+),11.066806682545948,-3.977797770831908,-5.130183224477115,-2.697074783287297
Smad4(+),-2.401796556486577,28.6727899873371,-18.523391556229665,-4.3148911667001775
Smarcc2(+),3.134417731585469,-11.166367061068728,5.210157683284085,2.728778296387782
Snai1(+),5.705440001955451,-4.580411843180455,-0.03995323188674296,-2.5914642803142898
Sox10(+),-14.180015112609869,-51.549294012653476,70.51929163577293,-3.2849492470233925
Sox11(+),5.066393656735462,-9.146740397357833,3.886933980732052,-1.726878603832419
Sox13(+),-2.1779844154029044,-3.2423842647829533,5.478515894736615,-1.8238976851811415
Sox14(+),-7.056891493865947,-10.052864807741837,15.10206823647424,-0.40255985138973777
Sox15(+),-3.780306967430986,-5.632396034674829,8.215814332369279,-0.25781137073770866
Sox4(+),-2.107504037187913,6.949932044106357,-2.5058251590740217,-3.1203161255752803
Sox6(+),-12.901021695087563,-10.899933507000528,22.50468847752916,-2.301608456162788
Sox7(+),1.337054062744048,-2.3149607178672795,-1.8059840710701223,5.679408178199229
Sox8(+),2.796274333038616,-6.399895622576097,2.298499884296688,1.2273747066218148
Sox9(+),-0.17850156529608943,7.849720109120314,-3.953707685108525,-5.351794104120743
Sp2(+),-4.067160999406332,-8.166982829658247,10.702484506196766,-0.4158036032260102
Sp3(+),-0.09667439421423918,-6.287851653829351,2.2083537003749942,6.924056214569005
Sp4(+),-0.2459894624110524,-3.7222631012711735,3.648504608496494,-0.7030822954591577
Sp6(+),-1.4442932058867202,-0.32635476356831083,2.6805767193923686,-2.49623004706058
Spdef(+),-1.8573268305979584,-1.5505231067457994,3.4680110487165154,-1.1584155116483656
Spi1(+),20.481719873365414,-22.996054902599717,-6.6677222764616255,17.0856016534221
Spib(+),7.699341862192732,-16.183493578209372,7.1390815362467395,-1.6534666907300082
Srebf1(+),-9.031175195838113,-17.526990135119735,23.67308017624096,-0.3127467043593893
Srebf2(+),5.160151776066761,-5.0891575401854245,0.626060864580276,-2.0744600870068997
Srf(+),7.378172493336011,-9.297574409570897,2.4928932630862275,-2.8487891258074
Stat1(+),8.694518780067835,-24.195164123596925,2.1801752475036813,21.23815893953244
Stat2(+),-4.422440642313742,-10.133243390315544,13.31858035455234,-1.6888275139916926
Stat3(+),-5.371510467580427,-9.408484773399145,13.197149602273079,-0.8885281450718987
Stat4(+),4.6988228929438325,-6.109254162476203,-5.9368406919229635,15.603683014082199
Stat5a(+),-15.087198898268037,69.87363823914554,-24.363924159130388,-7.953096860799204
Stat5b(+),-20.527346408595385,8.560353643331219,12.098659849424438,-3.742376281548102
Stat6(+),-3.3077527464068823,1.246525479469785,0.48751431476644147,3.089252985296229
Taf1(+),7.041708027716798,-5.323519553821328,-0.5106525341752115,-2.766167408655526
Taf6(+),0.667962922965581,-0.8087563316636688,0.4375737721018912,-0.780326158316857
Tal1(+),22.729382899141346,-13.99727791218069,-8.34813191769708,1.6884265627576902
Tal2(+),-1.2994272495239796,-1.9618829717304653,2.563431910291934,0.505182704145335
Tbl1xr1(+),-2.849735980742232,12.486453943153773,-7.209411423328622,-1.2421689547564823
Tbp(+),9.078204509093744,-19.21597312999125,5.806091634796136,3.640842259356134
Tbr1(+),-2.2492872041901584,-2.653890961608178,3.7063647882469692,1.1216965049356775
Tbx1(+),1.220711058167168,-9.162054569818823,7.74103643540662,-2.6180412743715755
Tbx15(+),19.296697728654973,-29.151013568439165,5.30313710075605,1.164027406258888
Tbx18(+),7.859417942470413,-6.085118255753694,-4.018296571743082,4.817527953187677
Tbx20(+),2.3987626654806085,-2.6601092913416062,0.2430494646740378,-0.31545598840756295
Tbx21(+),4.449249053580089,-10.377611934727762,1.3443833520047554,7.330763439133434
Tbx5(+),22.484080060245947,-13.78114326091719,-6.989676394598594,-1.2248414422523415
Tbx6(+),-2.4222752575191238,-1.4904201603853553,3.6358409772978364,-0.5342909975356092
Tcf12(+),-15.380177061854802,51.771329768997546,-21.448512755621312,-0.01405731178349401
Tcf3(+),-8.266319279142023,0.6152566021403519,6.559909363387827,0.47879680868386487
Tcf7l1(+),57.72312517281684,-47.94411005475448,-4.382946312088867,-3.2047741540058117
Tcf7l2(+),-29.29013520374206,-37.68310301542021,87.29168560566005,-1.6083323030138612
Tead1(+),137.74973943979367,-27.633773893895526,-30.334911919335752,-5.578457427059524
Tead2(+),-1.973533884631225,-5.154987963601214,7.4920832637485475,-3.0977202245178597
Tead3(+),0.4541788969450199,-4.906202436827653,3.7695901202247124,-0.16558860779985132
Tead4(+),-7.033366304483587,-4.554225890077885,9.81991653633894,0.6230666632309448
Tfap2a(+),-9.624654552677137,1.8769058266710366,7.2343988512321635,-0.7373930674085931
Tfap2b(+),-14.891651879524327,42.20341768795072,-14.150088735185504,-6.113680521393548
Tfap4(+),-8.658761725425283,-16.413278548539395,23.422261241570943,-2.4240006442722235
Tfdp1(+),8.419549515612854,-14.891660629229662,-6.810545339800515,27.79157420945989
Tfe3(+),-2.308404575994234,-6.478391690477406,5.696200140561679,3.89648674186646
Tfeb(+),-1.1100065113679234,-10.67198658261387,1.702533197764024,18.634264535447155
Thap1(+),1.207241489088089,-3.0447378115030586,0.7471841013345992,1.6101168015040401
Thra(+),2.289265162974062,-13.971614012511543,9.953075611136954,-0.9923794922721144
Thrb(+),-0.6655129404026973,-20.374473019963474,18.313975814072784,-1.739826248107826
Trp53(+),5.254246786274517,-3.565093998878626,0.504131281400619,-4.799932363111505
Trp73(+),5.100849892662435,-5.987081722081286,-3.0600755026004482,7.893474192471742
Usf1(+),0.28893144183302333,-5.33724033596401,4.955008628141685,-1.6572698794387202
Usf2(+),-5.210064816149259,3.9915018870667796,2.00630972719962,-1.6377106005487259
Vax2(+),0.4539511849318231,-4.201896285894085,2.6556748416766234,0.997226609392317
Vdr(+),1.0312473639130937,-19.786547698473775,15.3560991521326,-0.09438031531891067
Vezf1(+),21.25165380860932,-20.30564577850528,0.27550578591139285,-4.308915864701557
Vps4b(+),-0.1630889925852188,-0.8620203542189127,1.4596390900871306,-1.3151083083463888
Vsx1(+),2.8137736147184254,-3.144203989463797,0.6624855343404524,-1.161668234401933
Yy1(+),-3.1725542756437584,-3.5474017500333854,6.797738301730903,-2.1983103345924215
Zbtb10(+),0.7884549181203832,-3.6503457157977115,2.2234287527514165,0.28166892145435146
Zbtb11(+),3.9130043062861612,-6.426562226184828,1.9185231139080015,-0.06303406504542221
Zbtb14(+),5.203942886168687,-10.933593403146723,5.404243724957943,-2.1390103993991154
Zbtb18(+),-1.9096372530975387,-3.166924646925994,4.07094261372824,0.6013512139904345
Zbtb20(+),37.59531671879259,-29.306154218733287,-8.130827309042571,3.7145890808384587
Zbtb24(+),-1.9457515856318346,-4.82065956275622,5.484580799431092,0.611932476938245
Zbtb38(+),2.45031498673526,-4.68222881578214,2.1341976998602368,-0.8760904840562258
Zbtb41(+),-0.6160455485102444,-1.742565905083406,-0.8361651513585372,6.310703278239215
Zbtb42(+),-4.718056674133013,-0.01022072906384261,5.951738026109876,-3.8850522251766377
Zbtb43(+),-2.1167290517525923,-3.240858841454021,4.584385602279003,0.01433188098643387
Zbtb48(+),2.3453524190293376,-4.522925161128359,2.114593842810144,-0.9200893784853424
Zbtb7a(+),6.224552592954722,-9.303023297062026,1.6076302137872065,1.3412950106148516
Zeb1(+),30.149002698219082,-19.5083712006963,-14.298061295890413,12.240963376023213
Zfp101(+),1.241274621472242,-25.793519608331728,14.695118024684875,10.238646014460645
Zfp105(+),8.198378451759588,-6.429961022666027,-2.082211739025499,0.5152729419464298
Zfp11(+),1.4060734232659295,0.7830592826084279,-1.2386209416511391,-1.4622895675557355
Zfp110(+),1.301072606693506,-2.510577018362563,1.374233972611654,-0.9466773047055025
Zfp12(+),4.4261563178553125,-4.692757513836412,-1.4391969283340582,3.19845565457535
Zfp148(+),-2.8243705297519464,11.009816643541573,-7.899643669664285,2.8045341225045894
Zfp174(+),3.1373616798429653,-4.647656547476271,1.8318017920056595,-1.6136548750599917
Zfp189(+),1.4463424111149268,0.7839898296281242,-1.8232726428049542,-0.24983512457119458
Zfp202(+),-0.35435497506884056,-4.288742486658165,3.5477870084238026,0.7730003208485303
Zfp213(+),-6.873732698091088,-21.631556996070923,23.55637308443915,2.400484952682467
Zfp239(+),7.697623282365347,-20.694992423362965,12.369703405851427,-5.446937686697897
Zfp280d(+),-22.677599070344527,71.20387442315612,-21.840279708545374,-0.18204070112654816
Zfp286(+),13.892537518872954,-6.40214236754956,-5.713460197801617,-2.20730633018549
Zfp287(+),-3.091659788230431,-4.9463050027952375,6.794388254188781,0.22338599092051395
Zfp3(+),-3.168412941442298,13.397033893634239,-8.544138131140475,0.6816889240645374
Zfp317(+),-3.3206510270761487,-7.638772405972781,10.718446445464128,-2.862483758796565
Zfp319(+),22.57652152296527,-9.118954548104876,-12.587225052636414,2.3556339526808965
Zfp329(+),-2.2784451007290523,-2.9106771551161357,3.7880879379287835,1.4727833680316398
Zfp341(+),-2.385459823988868,-4.069115046958739,5.708938520479363,-0.3994730923056822
Zfp354c(+),3.0599269786210836,-7.8688159499283925,5.039304835076977,-2.656222482361653
Zfp358(+),0.4829818504595033,-1.8842213045626106,1.5295899849427765,-0.8450613062218726
Zfp384(+),1.2083461644114468,-7.227558308573635,4.246280442756039,1.545894447887957
Zfp398(+),-7.756377679816732,-4.532269525479399,10.522568763396663,0.473684599671554
Zfp426(+),2.062008773244528,-7.719004023413464,4.4988647713382175,0.21078845170874963
Zfp534(+),1.3676564084430534,-1.415413242065717,0.4481931856567913,-1.0519383438137382
Zfp558(+),-2.332048696315326,-1.3157114365364209,3.2181864986230533,-0.11347337497380527
Zfp580(+),0.14145357809712297,-6.231471821334708,3.867055749825674,2.6587741963826215
Zfp592(+),0.3665040170674439,-1.675450416753642,1.3599806670438659,-0.6276811273940461
Zfp595(+),0.498522278081052,-0.10218131640056655,-0.03128856193953732,-0.7182035664399387
Zfp61(+),-0.6876540059714454,-7.699936698349969,6.042777495176922,2.180043687332618
Zfp617(+),-0.5898149506142524,-0.9418741945065512,2.0477134440205678,-1.631671621673844
Zfp629(+),-4.629854647485182,-3.6911515862853737,7.32329435074404,-0.23580266938003622
Zfp639(+),0.26497536272256134,-5.096920561628265,3.8398425829029215,0.4000093828716128
Zfp641(+),-0.666393459273994,-1.149165455536116,1.9032497279161387,-0.7786098213702672
Zfp644(+),4.839892482886716,-4.807893966387102,-2.0597896169135232,3.9811783968068934
Zfp687(+),5.502181547029245,-11.89469964691726,3.47731683912398,3.216343536761922
Zfp697(+),16.59415025797212,-7.849709336440883,-7.490173792456956,-0.5741346072308144
Zfp708(+),-2.1364644104018646,-3.312975260753137,5.3412403781457085,-1.4741397306299946
Zfp738(+),-0.4690968731487091,-8.352681473068918,2.816743559040892,10.141668899954805
Zfp740(+),0.7753594904482548,3.253742014865808,-2.648206991692868,-1.6766775209103841
Zfp748(+),-2.1585117404185774,-2.595708271498236,3.5046792520247063,1.2810681626491498
Zfp768(+),-1.8622468697071406,-1.044448097509305,2.7774766273772724,-0.5618996161878683
Zfp78(+),3.0425576139042123,-5.983404202533896,3.46166592708358,-2.581544771568358
Zfp786(+),1.4160484306169046,7.244322096389848,-6.249686642950659,-2.3291376638205863
Zfp81(+),1.1988359912788153,-1.2034698112985431,1.0121539215260196,-2.362555765762214
Zfp811(+),10.164898083715451,-7.573792601393199,-4.886829747593067,5.052353146999961
Zfp821(+),0.8034063227631001,-4.910588042777139,3.635239292455081,-0.545726738936999
Zfp85(+),1.9440039627036723,-1.4151287681104048,-0.21075405628578125,-0.7220110578367017
Zfp87(+),0.5776820532530085,-2.533020232501061,-0.1325530675439905,3.8519656792770527
Zfp874b(+),-5.705563970503377,-11.169186223747996,16.37894967446884,-3.6177032766237516
Zfp93(+),-0.48959876047524997,-1.3343852648157053,1.5152264065066612,0.0754083322687797
Zfp943(+),1.0268953863230816,-4.526660181775599,3.164805107476682,-0.651363840742771
Zfp953(+),6.91779391550483,0.09356117936832037,-6.577246955913079,0.8333358753967597
Zfp978(+),-5.200023376372388,11.787030766432721,-4.018109929350057,-2.419856832193234
Zfp979(+),0.5536806627095026,-2.1535412673584746,2.58934093032615,-2.829995583728051
Zfp981(+),-1.7844633452686167,-3.222597695340037,4.621805157695703,-0.7514447523599389
Zfp985(+),0.11825587235757294,-1.6476917776224138,1.5720275802953365,-0.6615999316804153
Zfp994(+),-3.2582970490659457,-2.586352766145665,5.517605780860965,-1.0086095572248397
Zfx(+),-8.61010369306997,36.68503684566743,-18.753992487664963,-2.271349542701873
Zfy1(+),-0.44697190604924847,-5.780603012384087,6.043516710557067,-1.7867786707651059
Zkscan6(+),-5.84478774388817,-7.888042537587444,11.631842371919873,0.5655542288573308
Zscan2(+),-1.4683626531255367,4.538885684004874,-1.079902764349132,-3.1158889615395906
