,Epi_Ctr9+,Epi_Kit+Elf5+,Epi_proliferating,BasalEpi_Acta2+Trp63
Aebp2(+),-7.867037944338182,8.39256177669625,-0.2740077200269724,-1.885509535123181
Ahr(+),-17.207722461274034,18.307027677509197,-2.488218955530343,-2.917597205792231
Alx4(+),-15.044386042669638,-10.589391733742971,-1.9283126619515791,29.30724878027908
Ar(+),-0.6535484952047445,2.534107525105771,-2.025428689567915,-1.2099426208635904
Arid3a(+),-2.1946019338505804,-8.769184694589397,-3.725196509010963,14.12026796740984
Arnt(+),1.4719586842980112,-10.609022844168784,8.596889774686895,6.110257636358784
Arntl(+),-0.2019374758974141,4.218116556222778,-1.8645961104405449,-3.618400248048438
Ascl1(+),-9.934820048439231,-1.532773513228925,-2.3952455599067455,12.45773596796115
Ascl2(+),-1.6208070386447857,-13.36159353721183,1.8804452859535257,15.810515008576989
Atf1(+),-14.5640365983317,8.028806879082925,4.075589672531857,2.3361511415987866
Atf2(+),23.496939336921805,-10.813948273695845,-3.36526930527124,-7.102731747588025
Atf3(+),-3.107908301654609,3.3827024056004444,3.1779382887108607,-2.5061571999080834
Atf4(+),-0.9849154658074584,6.521977890850549,-0.8603282223469652,-5.9864420939739835
Atf5(+),1.525849474759008,1.5819711364544595,0.033308156009702,-3.248795898716341
Bach1(+),-17.092906600276606,15.240035999443354,-2.228560835718492,-0.0131189378382956
Bach2(+),-42.11766612481798,12.973810451525749,6.568306264860458,15.945753425615669
Barx2(+),-38.41294502249198,101.0736072414378,-1.4397129278613088,-32.57387881876505
Batf(+),-2.5551693933349107,1.3171963388482977,9.871924482967732,-4.064451433242278
Batf3(+),-6.276795265958539,-2.1397156373261783,8.789902290648563,3.878414383862826
Bcl11a(+),-37.23536628437383,21.622521452612368,11.206132483972528,1.5881692548922637
Bcl11b(+),-8.007924363251039,-10.259021620745202,26.56154682609512,6.468624400854599
Bcl6(+),31.153534625262417,-10.86203392420121,-3.984063433904573,-12.534907761844352
Bcl6b(+),-20.39332542081477,-10.90214519304072,-0.5420127652900485,35.15018609510201
Bclaf1(+),13.591855700622071,3.149714537705175,-1.3390787541960565,-15.901163831014776
Bhlhe40(+),-1.3634893513688635,-1.2164208061234407,5.593243877912584,-0.1828578541665602
Bhlhe41(+),2.18165166792441,5.5106323842192335,-3.0467953474945184,-6.745800220517952
Bptf(+),-15.620761976561855,11.967554603783435,1.722720483602279,0.1634923848182211
Brca1(+),-9.361306861919198,-8.324727453126238,81.08118847727808,-7.512613556887526
Cdc5l(+),-3.8141136692693927,2.597961156812367,1.8743638334561128,-0.2926067006562098
Cebpa(+),-7.349625805799726,3.302864764919839,-1.3031777251455288,3.842500418609231
Cebpb(+),7.879159981497218,10.872876660743309,-1.5984182371080375,-19.54094484653292
Cebpd(+),-8.649389743214249,31.062864261896383,-4.134183091998778,-22.638023998441103
Cebpg(+),-10.027975241442729,11.105105248491768,0.9156816688402484,-3.474143516354
Chd1(+),31.00829792159904,-7.02899510862484,5.862501344182336,-22.74159724802234
Chd2(+),-12.879737026705104,-0.1254169795525843,4.510619342854338,9.886142119230874
Churc1(+),-8.323447707154907,7.175541314789357,3.792864015344559,-2.1934847605069865
Clock(+),47.346551311104314,-19.291735671830804,0.0769264083343562,-15.48947240565234
Creb1(+),-2.777724969133112,-0.1786359370621748,-0.7694873558815568,3.2201293513809044
Crem(+),2.3486701627192397,0.9103323626224148,-0.5117538051736332,-2.987432437273603
Ctnnb1(+),-25.348158307659407,37.88489209200924,-2.674615909894837,-13.44875606220282
Cux1(+),-0.7561772092781843,0.904777916082062,1.4919550464652802,-1.0694150648916856
Cux2(+),-9.015852547577824,9.227549618395807,-2.2866567435385767,-0.7176492854101314
Dbp(+),-10.158023463911263,2.3710970063110377,1.6959563062753389,5.9588391187812215
Dbx2(+),-5.123120418537675,-3.3977081374415774,0.989797641135184,8.219357370702808
Ddit3(+),-0.9808085859480906,4.531364845561417,-1.7130888810945968,-3.3100409514149383
Dlx1(+),-7.812933752160957,-0.8288369407553222,-0.9220672435615184,8.81565674458384
Dlx3(+),-11.330396332557653,13.89492779446412,-1.376940728075024,-4.104051091414177
Dlx4(+),-1.9269119110734207,4.36724686244934,-1.9179594675201483,-2.125253034750232
Dlx5(+),-2.495035733588246,5.143773073585676,-2.4842301763939703,-2.1709983457127886
Dpf2(+),-5.497045204128336,5.9747627076797265,1.2525705321661351,-2.18751363510214
Drap1(+),-9.578715357200904,7.748423658272466,-1.5550298413399144,1.0517537832643369
E2f1(+),-16.59384224823083,5.040331284703447,32.531213859010066,-5.311931933222894
E2f2(+),-10.884527290547734,-3.6840209620031423,50.5130392695799,-5.923705785240693
E2f3(+),-36.380526971044645,16.57939399437818,34.220340503894704,-3.687507360146835
E2f6(+),0.3502715024908091,11.341147183305068,-5.750612353914721,-10.146905396368714
E2f7(+),-13.39624453047493,-11.121610345926817,100.68692488152377,-2.678680758063423
E2f8(+),-18.980199014528505,1.697029006409967,79.12291631113852,-10.158766568554077
Ebf1(+),-24.949548692713503,2.188972398559504,9.621790313935682,15.011279405124451
Ehf(+),-35.50142572000254,87.88277902992377,-0.474974715726754,-32.10469802774962
Elf1(+),53.14568190661373,-5.113260941282175,-2.3197967769263523,-36.37373387855952
Elf2(+),15.308592572660244,7.63559657612558,2.1635452785269393,-25.576715759627792
Elf3(+),-6.4216789560307035,4.905229854605941,-3.5962918459590516,2.344858348656338
Elf4(+),-20.019934782992745,-7.361898052373348,32.58692569344202,11.68818201597269
Elf5(+),-40.62283486688739,78.78538748131658,-2.4695178164053706,-23.798642666989423
Elk1(+),-12.663126341165016,24.62664248372028,-1.3366211217292585,-13.845199495489268
Elk3(+),-11.635387967932688,1.5332184290996012,0.5662017663410389,8.875929500577039
Elk4(+),-18.293031928984036,10.578391241332232,-1.2051853010854392,5.4522918246899525
Emx2(+),-26.120186444879856,-11.913895193046876,-3.3364083448184036,46.92965595207014
En1(+),-4.8221376471763175,-5.273578306873614,-0.411784489441692,10.84400492110926
En2(+),-15.082552555152008,12.978583321806877,9.107711921840036,-5.122698720960274
Eomes(+),-5.1705116446985775,0.724219575501386,2.2485455963663816,2.9057638074824266
Ep300(+),6.38436732018085,7.2075430094449375,-3.779984801612174,-12.394030133653509
Erf(+),-10.322171467002072,4.707282714006591,-0.0279804926628696,4.345387483813051
Erg(+),-11.621920982611671,-7.325441813332115,0.90213580543012,19.40602373981146
Esr2(+),-5.688457279314416,0.3036950741985348,-2.209581575264447,6.165101340390079
Esrrb(+),4.875495918736391,-0.0409158691316549,0.0358030332579364,-4.575850575952437
Ets1(+),-17.52828528164863,-11.008218663184175,26.35589455426834,16.29725039465123
Ets2(+),-6.653161636687684,15.168602654511998,-3.5138319877133557,-8.706851185381185
Etv1(+),-15.908547688722711,0.5537704980406354,-0.4334710805021277,14.539576198077462
Etv3(+),-2.1422389760758054,1.2505368352872812,2.7753935304492976,-0.8056580585003866
Etv4(+),-9.751383833818156,-1.9783510720262347,-3.5308496148712116,13.428608035511312
Etv5(+),-13.833239107207852,-21.76268916529843,-5.256804277608316,48.79648523718212
Fli1(+),-18.560845153584484,-10.747126158807063,26.65395529811218,16.811670426388122
Fos(+),-6.539757956020612,3.180759665862672,1.2953546419597115,1.8959095071996317
Fosb(+),6.714683150994638,-5.052697135757548,-4.458662747210569,1.6537134651743914
Fosl1(+),-18.002636877652403,-17.53866194305369,-1.6552651910705178,44.237190346939265
Fosl2(+),-3.0024611199142894,3.136770217326847,0.2260895427566263,-0.8218324577906986
Foxa1(+),146.15352977629982,-28.515402882647987,-6.432537421406715,-23.924122303850265
Foxa2(+),-11.986048867535144,12.417805311814112,-2.041183633526708,-1.601126542415397
Foxa3(+),-10.760016804362149,-0.6528910867839617,6.900772090999333,7.304335319471626
Foxi1(+),-13.135240600112592,13.530199305462654,1.132203592281805,-3.3819820550746216
Foxj1(+),-10.660084198236865,4.4640626592272445,-0.5459478331928679,5.19618825389827
Foxj2(+),-8.641432246016604,9.63104723483942,0.791096259378481,-3.076555419696187
Foxj3(+),-4.753217472493688,-0.9551841654086638,-2.4889250120698256,6.865839347480109
Foxk1(+),-3.9442057849577634,3.945515066173369,-0.9632853844300704,-0.2384202107742186
Foxm1(+),-7.569860576225874,-10.524862416002332,91.85972264136949,-7.909754606635825
Foxo1(+),-39.39567031601941,2.8669430830916447,1.247367275626462,30.855541859848483
Foxo4(+),-4.409908842854589,5.4187098255410255,-0.2132812331627174,-1.8356766040957184
Foxo6(+),5.460956221725011,-0.3635474207919246,-1.2361900438372235,-4.106426915957964
Foxp1(+),7.050974187654498,-17.58493961374157,1.0144170315972552,12.229112216687708
Foxp3(+),-6.473582799296483,4.166630182375425,-0.56796345371084,1.6770705898352194
Gabpa(+),-7.612772315776018,6.173429392618908,-3.607328510509251,2.038266015040213
Gabpb1(+),-11.480351790759311,5.437201275070757,1.1692681323122165,3.9624713777887823
Gata1(+),-9.494935522785475,7.634234381685438,-1.9293535091151317,1.2924410335187817
Gata2(+),-18.70889907267217,29.137877790427694,-2.6906861709800474,-11.794267403493272
Gata3(+),145.40436045899972,-24.30833155996683,-6.028516392430193,-28.877135095649596
Gata4(+),-3.764170822042022,-1.351807728121139,-1.372439317766666,5.800812103821101
Gata6(+),-17.446936246741178,2.7038524291906927,-3.1192818663830884,14.81845660934
Gatad1(+),3.736485565466789,14.938628554097626,-1.2778982479318497,-20.256629760729417
Gbx1(+),-2.3273069028033553,3.862522686398997,-1.1024735894963755,-1.5963275406681048
Gcm1(+),-7.273563541573925,7.778767107205833,-2.317333944440655,-0.7143124056698203
Gfi1(+),-8.847835146977898,0.645949094418865,0.0434867304807881,7.579397311121587
Gmeb1(+),-9.249413273548248,-0.8077950575692533,14.402198611150082,2.389413080583123
Gmeb2(+),-1.527803849740358,0.5305220827765421,-0.0882916348266414,0.8886146658986538
Gpbp1l1(+),-0.1068956394547356,3.0200108130449,-2.587076255321077,-1.988234203667104
Grhl2(+),-3.0757028006055016,6.6178389154255495,-1.3623423601035505,-3.84578059883493
Gtf2b(+),-6.776854559349087,5.273739160948207,-2.711931261249486,1.811997795500972
Gtf2f1(+),-3.1913541135843637,0.264708537352628,4.097465245506105,0.6242735649935924
Gtf2ird1(+),-3.5211933135684466,-2.1631377569672643,1.561889546842948,4.981494805313062
Hdac2(+),1.6336347628726693,2.5877642648545045,-1.780232989791518,-3.560748838588727
Hdx(+),-9.578598684746948,-11.979786230238968,-2.880950672882479,25.562817744612303
Hes1(+),-5.097880075986911,6.411564578305222,0.4003201970912614,-2.6131210580501634
Hes6(+),2.249811072820352,-1.0076417516220053,-1.905623398701838,-0.0132389424147758
Hes7(+),-10.038509220533236,-8.859297759270204,-1.2295755121127885,20.96173492256572
Hey2(+),-11.533697949090037,15.50915667383502,-4.367746726844644,-4.085376232252744
Hic1(+),-1.0858217525494402,2.510806653298653,-0.8955540155795849,-1.3519026693367069
Hif1a(+),22.536023112399977,-9.455262120416592,-5.215301774529015,-6.884507740878033
Hltf(+),-19.681293638778502,-9.085289755108494,3.127496177502156,28.923359231012533
Hmbox1(+),21.31123719286134,-9.011252507529711,-1.8838274100434405,-8.110820389638416
Hmga1b(+),-0.4339877321979417,4.030633303203057,0.368980212295334,-4.332808413666594
Hmga2(+),-7.00059328100208,6.427320009697918,-3.525448840649273,1.146167005306115
Hmgxb3(+),34.41066402752342,-12.43547462499979,-6.076359128523021,-11.911934785192258
Hnf1a(+),-11.014159684613496,-18.20250067987849,-2.3525820537552384,35.84457926336004
Hnf1b(+),-6.415121387430508,1.3781368948253556,-1.2980896290386907,5.152064636009725
Hnf4a(+),-3.742411721063496,6.180569795935823,-3.145444171140947,-1.8173508385323796
Hnf4g(+),-10.935573975989431,3.4082967811878206,-3.179516435899801,8.019701912324654
Hoxa1(+),-10.792927058446084,-2.2379159068927126,-0.2009848549267725,12.940752870844689
Hoxa10(+),-8.064691731145459,-6.287019948716392,-0.1665747592001914,15.121264733561308
Hoxa2(+),-9.404267511348596,-1.4600389985472462,-2.042796475153788,11.671076031612126
Hoxa3(+),-2.3077403957362903,1.0828494112347349,2.721222556929326,-0.4326334740908467
Hoxa4(+),-5.536630836889592,4.374104765632875,-2.5921704623225734,1.6031964541081614
Hoxa5(+),1.7295697930345917,-0.012961165160818,1.2883971975311947,-2.2776186766084305
Hoxa6(+),-7.787627243458957,-3.232696714321027,0.6542936414449885,10.766269748308488
Hoxa7(+),-10.302242832824334,10.11714840812944,-2.942892262186969,-0.1803017641182644
Hoxa9(+),0.9657581241177756,-3.1571006149937535,-3.365670480042201,4.376267584602811
Hoxb2(+),10.540277030489149,-4.195387203400891,-3.896307496139156,-3.1112983519234203
Hoxb3(+),-9.157225652420042,6.63438577322519,-1.6249729659810022,1.937382293405841
Hoxb4(+),-3.564841922946675,6.848783348896287,0.1037065357546517,-4.393927368776458
Hoxb5(+),-2.7561018948682583,2.447201566418969,2.7877290221877735,-1.5839143389030093
Hoxb6(+),-5.108716248361329,4.454565007793134,5.414457939580331,-2.967289430430318
Hoxb7(+),-16.77809272448883,9.386810721973903,0.0168644145758733,4.83847623999192
Hoxb8(+),-4.9499026498513325,-0.2248881910872308,9.487677631137736,0.1250995337635267
Hoxc4(+),-15.025895777718876,8.606421280155361,-1.9920278460056895,5.211869378700845
Hoxc8(+),-3.971023268730531,3.1346757453527436,-0.7912027302110495,0.6107208425857253
Hoxd10(+),-2.9247076399898964,2.1843420706599903,-0.5420644354710397,0.5703238234199235
Hoxd3(+),-11.800665737715365,4.715980222807374,0.3262700965208748,5.5005378183985965
Hoxd4(+),-3.521884880278779,0.9921759342151836,2.021236916274767,1.1698182261801024
Hoxd9(+),-4.689903031638311,3.46687391609663,1.5218079961247688,-0.2693292473824937
Hsf1(+),-20.845100163052116,10.396744611892746,-0.5848575641918297,7.468043755663891
Hsf2(+),-4.967050295175423,7.774677956158549,-1.5516142705172522,-3.25283942923556
Ikzf1(+),-18.124160872719266,-9.123850336960668,28.410606741773034,13.73542489888441
Ikzf2(+),-19.550129691001644,-3.360095272623305,26.35859683116213,9.103760791962022
Ikzf3(+),-12.966264474195269,-9.35023805538984,27.04623932589335,9.86327967895875
Ikzf5(+),-0.6072705406093153,2.838467293225292,-0.6847787963480438,-2.281752378488802
Ilf2(+),-7.1732097294856,1.9972547574544937,0.2225200735141335,4.37467783479739
Ing4(+),-7.573471596292039,7.632882424103375,-0.6908842042556456,-1.1051791155904431
Irf1(+),-17.67209150020401,5.831568869145659,3.186403036924142,7.959554849952346
Irf2(+),-38.67513120751842,6.164240306497504,19.604641779478364,15.12332917770404
Irf3(+),-6.640081632723601,0.4939760960967732,-3.830680282063619,7.688101531841117
Irf4(+),-6.080255811198158,3.5745833298097,-1.256398792046359,2.328362293805507
Irf5(+),-14.322490471936302,-2.1167092484578243,8.427609460805762,11.507123720000756
Irf7(+),-7.622866143642429,-1.9444691042347553,-2.7551034454437557,10.907552768373476
Irf8(+),-34.251053629578934,5.519391326696152,7.767010556787713,19.146585038383957
Irf9(+),-14.028815087103233,12.187967496155055,-1.4217958713965246,0.143460129407829
Jdp2(+),-9.173891395695415,-12.175522592363034,-2.555906658740845,25.15596175788164
Jun(+),-2.3245279025695136,5.9979591800084195,-2.8578892096774764,-3.097816633005014
Junb(+),-12.929598093683136,11.400734470060312,0.2973615721515237,-0.860801747653116
Jund(+),-5.873469988607138,31.771992895012865,-4.350697718543478,-26.37945672453908
Klf10(+),-12.884748605563557,11.99082981991834,-0.1239750006301057,-1.3199194223602075
Klf3(+),-11.403482072362369,7.597449569402402,-2.508436842341033,3.364603818131097
Klf4(+),-21.50203053042442,30.312524600884757,-2.1038775301579657,-10.745424328889664
Klf9(+),-12.44363810524646,9.992803687119403,-0.4148574923928199,0.5951963077003488
Kmt2b(+),3.0166697511514498,4.299350546139725,-1.7608205355487436,-6.832926349000638
Lbx2(+),-5.074868515578741,3.726583131573974,2.297829997147054,-0.5965348704480428
Lef1(+),-12.891246087494975,-9.496090235545532,23.757275525215896,11.360907570380292
Lhx2(+),-4.735328112030454,0.941387089967279,2.397127111015483,2.1756661443245284
Lhx4(+),-1.4615048434545717,2.2658329758954716,0.2975958257514897,-1.330148037404387
Lhx6(+),-5.06726122701593,-3.2375739704660265,0.1301015248348417,8.43110033631615
Lhx8(+),-8.734957781254495,-5.878250481570055,-0.256804772209695,15.34684761159603
Lmx1a(+),-1.8143431184700232,1.0034668909722575,2.0340089217267012,-0.4582256292996202
Ltf(+),-31.297793190327777,65.28777562812122,-3.844507896090219,-24.626728006022105
Maf(+),-22.249446415195703,1.8584335834005137,10.353049104580844,12.771483665898549
Mafa(+),-13.23551859667008,-1.6263873888077165,-2.880927068349868,16.033031897081383
Mafb(+),-12.5578066004286,-1.0142818144949035,-2.800139418890247,14.580397919591208
Maff(+),-13.76338251936679,8.338917394184051,-0.1889733204417426,3.4675808138677473
Mafg(+),-7.055927517072438,7.244185174822955,-0.7472107241894667,-1.1255140843576157
Mafk(+),-8.87382329902869,-7.221301545978771,-3.924202233792097,19.231798044107546
Max(+),-8.649023366557948,6.770162752659798,1.181447098684915,-0.1130127457192732
Mbd1(+),0.1844031644609903,1.880947186816555,-2.5361395848995367,-1.0045896317619611
Mbd2(+),-0.2730226067067761,-2.6083271895761535,11.442918883929012,-2.549382096415418
Mef2c(+),-24.653503479181506,-33.253928798680946,-3.3487312318108695,125.62770954589132
Meis1(+),97.6376243378804,-28.72055599370271,-6.982459094067391,-17.866321914119517
Meis2(+),-10.264656613586665,-4.862026118805685,-2.3671223144309437,16.816013650068626
Meox1(+),-11.204067071965728,-5.59277694901781,-1.7631164793201768,18.335129565684586
Mitf(+),-6.303314446852267,1.3803089869021583,3.5381253015774723,2.564722162761799
Mixl1(+),-0.8529581051899882,-1.7754339009506457,4.111303702281832,0.7161015873792898
Mnt(+),-10.229393068314211,15.67177087235134,-1.0985885870153491,-7.1333378178975355
Msx2(+),1.104675755701547,1.2443831933334537,-0.0178951246613272,-2.4415331421601403
Msx3(+),-4.504075717577304,4.374817041971966,-1.7308838564087208,0.1966751912720428
Mterf1a(+),-1.4233594503804738,0.6440318768269103,-0.4581525702008208,0.8506237188043351
Mtf2(+),67.83461396421762,-29.28414326841396,1.3853630107447974,-14.858672451361617
Mxd1(+),-6.4900761291938185,5.686353888228034,-0.1260647806129261,-0.2351414051952058
Mxd4(+),-12.693394294747565,13.177893948613454,-3.2918515459549873,-1.1409026385262786
Myb(+),13.666013282075046,-3.1806192858801756,-1.1255418806490305,-8.533264364389298
Myc(+),-15.829431598847597,12.062939646477892,-2.5445604178089605,2.420510220178961
Mypop(+),-2.841711226679413,1.539237863103871,0.0467852096685653,0.9194648236385532
Mzf1(+),-6.401175831938377,6.14174365252375,4.286991421034744,-3.077298124709994
Nanog(+),-2.6741099110071307,-0.2480522165054111,-0.2350984113965257,2.9271247335203157
Ncoa1(+),-4.393574010354896,-0.4987603852031258,6.056594662415264,1.6262355533523023
Neurod2(+),-11.948099697713548,15.236673453565611,-0.9983004823113136,-5.153948108251276
Nfatc1(+),-18.434826173295157,-7.276432228511704,21.33121434536135,14.965806965417366
Nfatc2(+),-17.105450750973226,-5.42834634548505,9.213390873735674,17.707861902896223
Nfatc3(+),13.75278603516923,-3.450611209156257,-2.8929949177826546,-7.378488855738675
Nfatc4(+),-13.217232674835596,0.3171215547197289,-1.5683185624916527,12.925117671868616
Nfe2(+),11.526482558599554,-8.340283359317773,-3.022499219542169,0.1700750359542878
Nfe2l1(+),-1.3125223320000954,8.556895867335097,-1.343961298478086,-7.71101705030351
Nfe2l2(+),-11.587087913829867,6.767600565519624,0.5036514319819066,2.911257474708906
Nfe2l3(+),-15.79086728599752,22.365381855602102,-1.7494700875432176,-8.540698794888607
Nfia(+),65.60910779531824,-18.1138384080448,-1.4860469625884392,-24.278352056974366
Nfib(+),-64.7489456249154,50.07873825155063,-2.254746966923786,-0.4432681213734868
Nfic(+),-24.80807355470973,15.415535918928828,-4.092787907982148,7.0330664232212365
Nfix(+),-56.30981173792936,32.189578563418465,-5.694187416503546,10.40160124665029
Nfkb2(+),-12.855632759322756,6.47743330496362,-2.7945130770376583,6.075438594485892
Nfya(+),-20.185291259916983,10.95243571334128,2.4015268918300516,4.767383371323676
Nfyb(+),-10.41798575113658,8.238989040313875,-0.5568388396762605,0.765212777352594
Nfyc(+),-7.668154106893078,2.9329968064826284,1.840670193389736,2.945205292519286
Nkx2-2(+),0.3538239684236908,1.1742668752963303,-0.7746457495784198,-1.26538972765478
Npas2(+),-11.700889757449886,11.368667155849367,-0.9716279413983931,-1.276806587054779
Nr1d1(+),-2.7681170219064875,0.1217026144644859,1.3701323171647908,1.776211062222442
Nr1d2(+),-6.427042307046151,-0.8878323337853633,-4.535290908119971,9.455658550479518
Nr1h4(+),-13.097888153113711,0.5351009455309389,1.5595030245689891,10.873087861721707
Nr1i2(+),-6.6665757783419135,-4.703798759624237,0.2883484798229481,11.604009454637875
Nr1i3(+),-7.445948457994003,3.7639599510661874,-0.1435264560780183,2.8170388155041204
Nr2c1(+),-3.7496311094469137,4.01136501224425,1.7282802187204094,-1.8697060495262765
Nr2c2(+),-14.145767921634114,9.946707762907888,6.427369084861521,-1.32368998944859
Nr2e3(+),-4.864946716589498,8.466693676525765,-0.6839158876338032,-4.561654065463759
Nr2f1(+),-12.819760460861271,-0.5285206084803686,-2.606778919200015,14.134568365093385
Nr2f2(+),-5.222527647943872,1.7859894800019651,-3.649319405765895,4.773256857414851
Nr2f6(+),-0.9136853052962652,-0.5881601713251914,1.5345092175697228,0.7442927541337779
Nr3c1(+),-26.243116441921195,13.24080307240467,1.9791949488574776,7.306679553071207
Nr4a2(+),-6.679725234530474,4.408797090489243,-2.1511962538666607,2.405788545284215
Nr4a3(+),-3.572637286247943,0.1955451231091912,5.230392238095013,0.4873076542691411
Nrf1(+),-12.284317153939206,3.542545564850263,17.93146238591956,-1.4135902724606382
Otx1(+),-14.671476977525655,27.125076854899397,-1.8169559856702784,-14.086328923420313
Ovol1(+),-14.56625282762256,-4.66153177795202,0.1250713982318486,19.451852872412164
Ovol2(+),-22.851206163938272,33.41631329400889,-4.020840741577765,-11.222920840665982
Patz1(+),-6.2845675909135705,4.4251323952650345,-0.3397201927432718,1.0942096063689666
Pax1(+),-6.374883771896645,3.040442287147977,-2.6653825586089632,3.927861876337225
Pax7(+),-0.4519494974722678,-4.726098271173132,0.5333747984974921,5.499546279622839
Pbx1(+),-54.13519128277616,21.06530069313793,-3.3962447728479046,18.84683858398894
Pbx3(+),-24.264027208743077,4.239123687547449,41.914095274326435,-1.2287675994817469
Pbx4(+),9.43543752697117,-3.973578803482743,-1.7486007969029904,-3.4486430604170653
Pdcd11(+),-5.145921285551651,2.818082197741589,-2.4569576922342056,2.9210354102156235
Peg3(+),-11.965101089253636,-13.105579580394808,-1.1948160556865008,28.78135917786029
Pgr(+),141.89572221566897,-32.997471900541534,-6.012869089458253,-19.50218014609416
Phf20(+),30.920121792574317,-10.941536154549867,0.135264305466883,-14.515513311998276
Phox2a(+),-1.9695816798910764,0.9729280060730292,-1.044818597218217,1.2942041817706966
Pitx1(+),-9.759595868354038,-3.9267432381789544,-1.8265261705753597,14.862566683922235
Pitx3(+),-17.56859890364133,9.031373079324048,-2.774216391014956,7.357922186141327
Pou1f1(+),-15.575928669199303,16.61577713332819,-2.956065206892515,-2.3644301791197364
Pou2f1(+),-7.693811938999948,3.5439067316810497,-0.0161930728128757,3.230041040168094
Pou2f3(+),-17.77974990476934,3.1897667861028665,-2.623808500037501,14.25924088458833
Pou5f1(+),-10.310366238039425,6.389546098748812,-2.9122978152819323,3.9241609261842942
Pou6f1(+),-6.065935167108465,7.368977262870613,-1.603019484091199,-1.747929930851875
Ppara(+),-4.076703034925049,5.488432179703404,2.3705084499957114,-3.549244001121425
Ppard(+),-6.627672113050367,3.1236674282335173,-0.556412715454621,2.989581596443398
Pparg(+),-9.360873338569007,-2.117390660308539,-0.8422255293706402,11.765308946771226
Prdm10(+),0.1737987593699076,-3.0499211599242666,0.6744912017554162,2.9362180833545044
Prdm6(+),-6.8251686002590874,-7.603727085126339,-2.986701956865679,17.044541976614536
Prrx2(+),-25.93649480658764,18.966018148047503,-0.3518203852929343,2.3332616937534865
Pura(+),8.097224833718514,11.704425331049944,-4.33032058583881,-19.20726595061897
Rara(+),-0.9179106593725582,-0.3095489281199299,-1.8029139138603143,2.1379536471481697
Rarb(+),-12.548333143748753,1.2509033810036296,-1.3331210552434043,11.060164325378462
Rarg(+),-12.625760351050708,7.228122175571927,0.0693853980541525,3.554546306815736
Rel(+),-5.371032369858208,-0.0096351196594131,0.7641267507760791,4.689060513450205
Rela(+),0.9068591642783698,5.533512610422893,2.1187563368047733,-8.23361893623285
Relb(+),-32.75115654626745,7.863423193364695,-2.8132808633859767,21.20934853926212
Rest(+),28.55172733754912,-10.073100812148605,-4.670279817569236,-11.151793541299332
Rfx1(+),-7.953559072682769,0.3651342392154009,2.770212933035876,5.65170396805083
Rfx2(+),-11.030660183607736,8.871875220175808,-1.6170846165935624,1.165276688674013
Rfx3(+),8.155290935911022,-3.67149909461129,1.5056628887276982,-4.278230000620992
Rfx4(+),-12.904570628130417,-0.661195774701619,-1.8691233137695216,13.972795796730644
Rfx5(+),-11.487629811903716,0.9643440262688248,-1.2338577565790263,10.353554766553897
Rfxank(+),-6.9822368211486685,-6.461960985040109,-3.4984975589352953,16.094856407129377
Rfxap(+),-2.9934481897344467,6.742803114397296,2.0671712304437295,-5.829569526456675
Rorc(+),-33.5923330382938,53.66378029712634,-2.5468466277355084,-17.604647742092688
Rsl1(+),-3.838139036543424,5.32615776255683,-0.9626606152737788,-1.8864774962989903
Runx2(+),-11.916760544601596,16.314160988779616,-2.1426385378607895,-5.717314994890374
Runx3(+),-9.990602848893838,-9.758195391492087,21.86016212023133,9.779666771191678
Rxra(+),-17.38137643013193,18.203905005996624,-4.113173697404648,-1.8383300681443857
Rxrb(+),4.887496569130216,1.6541372284456983,-1.5024785303822257,-5.727574583419335
Rxrg(+),-13.348472247788347,1.9346140929090456,6.1980597690723975,7.0489668977761015
Satb2(+),-19.06059726759075,20.113188682992053,-1.8555100665304256,-3.475440585225825
Shox2(+),-8.675181855259382,-7.194321071730802,-1.3339595767305268,17.5048412767433
Sirt6(+),16.536324775949826,-4.994282629624256,2.592750192729183,-10.974906656384354
Ski(+),-20.830453295487217,-4.770022047610178,-2.4454590141563157,27.60487012376329
Smad1(+),-19.68676947615015,-0.1072180100749969,4.643610408932107,16.004961771205878
Smad2(+),-3.1595897509182156,3.249481018993808,-4.058965041361726,1.383031177508863
Smad3(+),-3.977797770831908,-5.130183224477115,-2.697074783287297,11.066806682545948
Smad4(+),28.6727899873371,-18.523391556229665,-4.3148911667001775,-2.401796556486577
Smarcc2(+),-11.166367061068728,5.210157683284085,2.728778296387782,3.134417731585469
Snai1(+),-4.580411843180455,-0.0399532318867429,-2.5914642803142898,5.705440001955451
Sox10(+),-51.54929401265347,70.51929163577293,-3.2849492470233925,-14.180015112609867
Sox11(+),-9.146740397357831,3.886933980732052,-1.726878603832419,5.066393656735462
Sox13(+),-3.2423842647829533,5.478515894736615,-1.8238976851811417,-2.1779844154029044
Sox14(+),-10.052864807741836,15.10206823647424,-0.4025598513897377,-7.056891493865947
Sox15(+),-5.632396034674829,8.215814332369279,-0.2578113707377086,-3.780306967430986
Sox4(+),6.949932044106357,-2.5058251590740217,-3.1203161255752803,-2.107504037187913
Sox6(+),-10.899933507000528,22.50468847752916,-2.301608456162788,-12.901021695087564
Sox7(+),-2.3149607178672795,-1.8059840710701225,5.679408178199229,1.337054062744048
Sox8(+),-6.399895622576097,2.298499884296688,1.2273747066218148,2.796274333038616
Sox9(+),7.849720109120314,-3.953707685108525,-5.351794104120743,-0.1785015652960894
Sp2(+),-8.166982829658247,10.702484506196766,-0.4158036032260102,-4.067160999406332
Sp3(+),-6.287851653829351,2.2083537003749942,6.924056214569005,-0.0966743942142391
Sp4(+),-3.7222631012711735,3.648504608496494,-0.7030822954591577,-0.2459894624110524
Sp6(+),-0.3263547635683108,2.6805767193923686,-2.49623004706058,-1.4442932058867202
Spdef(+),-1.5505231067457994,3.468011048716515,-1.1584155116483656,-1.8573268305979584
Spi1(+),-22.996054902599717,-6.6677222764616255,17.0856016534221,20.481719873365417
Spib(+),-16.183493578209372,7.1390815362467395,-1.6534666907300082,7.699341862192732
Srebf1(+),-17.526990135119735,23.67308017624096,-0.3127467043593893,-9.031175195838111
Srebf2(+),-5.0891575401854245,0.626060864580276,-2.0744600870068997,5.160151776066761
Srf(+),-9.297574409570895,2.4928932630862275,-2.8487891258074,7.378172493336011
Stat1(+),-24.195164123596925,2.1801752475036813,21.23815893953244,8.694518780067835
Stat2(+),-10.133243390315544,13.31858035455234,-1.6888275139916926,-4.422440642313742
Stat3(+),-9.408484773399143,13.19714960227308,-0.8885281450718987,-5.371510467580427
Stat4(+),-6.109254162476203,-5.9368406919229635,15.6036830140822,4.6988228929438325
Stat5a(+),69.87363823914554,-24.363924159130388,-7.953096860799204,-15.087198898268037
Stat5b(+),8.560353643331219,12.098659849424438,-3.742376281548102,-20.527346408595385
Stat6(+),1.246525479469785,0.4875143147664414,3.089252985296229,-3.3077527464068823
Taf1(+),-5.323519553821328,-0.5106525341752115,-2.766167408655526,7.041708027716798
Taf6(+),-0.8087563316636688,0.4375737721018912,-0.780326158316857,0.667962922965581
Tal1(+),-13.99727791218069,-8.34813191769708,1.6884265627576902,22.729382899141346
Tal2(+),-1.961882971730465,2.563431910291934,0.505182704145335,-1.2994272495239796
Tbl1xr1(+),12.486453943153773,-7.209411423328622,-1.2421689547564825,-2.849735980742232
Tbp(+),-19.21597312999125,5.806091634796136,3.640842259356134,9.078204509093744
Tbr1(+),-2.653890961608178,3.7063647882469697,1.1216965049356775,-2.2492872041901584
Tbx1(+),-9.162054569818824,7.74103643540662,-2.6180412743715755,1.220711058167168
Tbx15(+),-29.151013568439165,5.30313710075605,1.164027406258888,19.296697728654973
Tbx18(+),-6.085118255753694,-4.018296571743082,4.817527953187677,7.859417942470413
Tbx20(+),-2.6601092913416062,0.2430494646740378,-0.3154559884075629,2.3987626654806085
Tbx21(+),-10.377611934727762,1.3443833520047554,7.330763439133434,4.449249053580089
Tbx5(+),-13.78114326091719,-6.989676394598594,-1.2248414422523417,22.484080060245947
Tbx6(+),-1.4904201603853553,3.635840977297837,-0.5342909975356092,-2.422275257519124
Tcf12(+),51.771329768997546,-21.448512755621312,-0.014057311783494,-15.380177061854802
Tcf3(+),0.6152566021403519,6.559909363387827,0.4787968086838648,-8.266319279142023
Tcf7l1(+),-47.94411005475448,-4.382946312088867,-3.2047741540058117,57.72312517281684
Tcf7l2(+),-37.68310301542021,87.29168560566005,-1.6083323030138612,-29.29013520374206
Tead1(+),-27.63377389389553,-30.334911919335752,-5.578457427059524,137.74973943979367
Tead2(+),-5.154987963601214,7.4920832637485475,-3.0977202245178597,-1.973533884631225
Tead3(+),-4.906202436827653,3.769590120224712,-0.1655886077998513,0.4541788969450199
Tead4(+),-4.554225890077885,9.81991653633894,0.6230666632309448,-7.033366304483587
Tfap2a(+),1.8769058266710368,7.2343988512321635,-0.7373930674085931,-9.624654552677136
Tfap2b(+),42.20341768795072,-14.150088735185504,-6.113680521393548,-14.891651879524328
Tfap4(+),-16.413278548539395,23.422261241570943,-2.4240006442722235,-8.658761725425283
Tfdp1(+),-14.891660629229662,-6.810545339800515,27.79157420945989,8.419549515612854
Tfe3(+),-6.478391690477406,5.696200140561679,3.89648674186646,-2.308404575994234
Tfeb(+),-10.67198658261387,1.702533197764024,18.634264535447155,-1.1100065113679234
Thap1(+),-3.0447378115030586,0.7471841013345992,1.61011680150404,1.207241489088089
Thra(+),-13.971614012511544,9.953075611136954,-0.9923794922721144,2.289265162974062
Thrb(+),-20.37447301996347,18.313975814072784,-1.739826248107826,-0.6655129404026973
Trp53(+),-3.565093998878626,0.504131281400619,-4.799932363111505,5.254246786274517
Trp73(+),-5.987081722081286,-3.060075502600448,7.893474192471742,5.100849892662435
Usf1(+),-5.33724033596401,4.955008628141685,-1.6572698794387202,0.2889314418330233
Usf2(+),3.991501887066779,2.00630972719962,-1.637710600548726,-5.210064816149259
Vax2(+),-4.201896285894085,2.6556748416766234,0.997226609392317,0.4539511849318231
Vdr(+),-19.786547698473775,15.3560991521326,-0.0943803153189106,1.0312473639130937
Vezf1(+),-20.30564577850528,0.2755057859113928,-4.308915864701557,21.25165380860932
Vps4b(+),-0.8620203542189127,1.4596390900871306,-1.3151083083463888,-0.1630889925852188
Vsx1(+),-3.144203989463797,0.6624855343404524,-1.161668234401933,2.813773614718426
Yy1(+),-3.5474017500333854,6.797738301730903,-2.1983103345924215,-3.1725542756437584
Zbtb10(+),-3.650345715797711,2.2234287527514165,0.2816689214543514,0.7884549181203832
Zbtb11(+),-6.426562226184828,1.9185231139080017,-0.0630340650454222,3.9130043062861617
Zbtb14(+),-10.933593403146723,5.404243724957943,-2.1390103993991154,5.203942886168687
Zbtb18(+),-3.166924646925994,4.07094261372824,0.6013512139904345,-1.9096372530975387
Zbtb20(+),-29.306154218733287,-8.130827309042571,3.7145890808384583,37.59531671879259
Zbtb24(+),-4.82065956275622,5.484580799431092,0.611932476938245,-1.9457515856318344
Zbtb38(+),-4.68222881578214,2.1341976998602368,-0.8760904840562258,2.45031498673526
Zbtb41(+),-1.742565905083406,-0.8361651513585372,6.310703278239215,-0.6160455485102444
Zbtb42(+),-0.0102207290638426,5.951738026109876,-3.8850522251766377,-4.718056674133013
Zbtb43(+),-3.240858841454021,4.584385602279003,0.0143318809864338,-2.1167290517525923
Zbtb48(+),-4.522925161128359,2.114593842810144,-0.9200893784853424,2.3453524190293376
Zbtb7a(+),-9.303023297062026,1.6076302137872065,1.3412950106148516,6.224552592954722
Zeb1(+),-19.5083712006963,-14.298061295890411,12.240963376023211,30.14900269821908
Zfp101(+),-25.793519608331728,14.695118024684875,10.238646014460643,1.241274621472242
Zfp105(+),-6.429961022666027,-2.082211739025499,0.5152729419464298,8.198378451759588
Zfp11(+),0.7830592826084279,-1.2386209416511391,-1.4622895675557357,1.4060734232659295
Zfp110(+),-2.510577018362563,1.374233972611654,-0.9466773047055024,1.301072606693506
Zfp12(+),-4.692757513836412,-1.4391969283340582,3.19845565457535,4.4261563178553125
Zfp148(+),11.009816643541573,-7.899643669664285,2.8045341225045894,-2.8243705297519464
Zfp174(+),-4.647656547476271,1.8318017920056595,-1.6136548750599915,3.1373616798429653
Zfp189(+),0.7839898296281242,-1.8232726428049544,-0.2498351245711945,1.4463424111149268
Zfp202(+),-4.288742486658165,3.5477870084238026,0.7730003208485303,-0.3543549750688405
Zfp213(+),-21.631556996070923,23.55637308443915,2.400484952682467,-6.873732698091088
Zfp239(+),-20.694992423362965,12.369703405851428,-5.446937686697897,7.697623282365347
Zfp280d(+),71.20387442315612,-21.840279708545378,-0.1820407011265481,-22.677599070344527
Zfp286(+),-6.40214236754956,-5.713460197801617,-2.20730633018549,13.892537518872954
Zfp287(+),-4.9463050027952375,6.794388254188781,0.2233859909205139,-3.091659788230431
Zfp3(+),13.39703389363424,-8.544138131140475,0.6816889240645374,-3.168412941442298
Zfp317(+),-7.638772405972781,10.718446445464128,-2.862483758796565,-3.3206510270761487
Zfp319(+),-9.118954548104876,-12.587225052636414,2.3556339526808965,22.57652152296527
Zfp329(+),-2.9106771551161357,3.788087937928783,1.4727833680316398,-2.2784451007290523
Zfp341(+),-4.069115046958739,5.708938520479363,-0.3994730923056822,-2.385459823988868
Zfp354c(+),-7.868815949928392,5.039304835076977,-2.656222482361653,3.0599269786210836
Zfp358(+),-1.8842213045626104,1.5295899849427763,-0.8450613062218726,0.4829818504595033
Zfp384(+),-7.227558308573635,4.246280442756039,1.545894447887957,1.2083461644114468
Zfp398(+),-4.532269525479399,10.522568763396665,0.473684599671554,-7.756377679816732
Zfp426(+),-7.719004023413464,4.4988647713382175,0.2107884517087496,2.062008773244528
Zfp534(+),-1.415413242065717,0.4481931856567913,-1.0519383438137382,1.3676564084430534
Zfp558(+),-1.3157114365364209,3.2181864986230533,-0.1134733749738052,-2.332048696315326
Zfp580(+),-6.231471821334708,3.867055749825674,2.6587741963826215,0.1414535780971229
Zfp592(+),-1.675450416753642,1.359980667043866,-0.6276811273940461,0.3665040170674439
Zfp595(+),-0.1021813164005665,-0.0312885619395373,-0.7182035664399387,0.498522278081052
Zfp61(+),-7.699936698349969,6.042777495176922,2.180043687332618,-0.6876540059714454
Zfp617(+),-0.9418741945065512,2.047713444020568,-1.631671621673844,-0.5898149506142524
Zfp629(+),-3.6911515862853737,7.32329435074404,-0.2358026693800362,-4.629854647485182
Zfp639(+),-5.096920561628265,3.8398425829029215,0.4000093828716128,0.2649753627225613
Zfp641(+),-1.149165455536116,1.903249727916139,-0.7786098213702672,-0.666393459273994
Zfp644(+),-4.807893966387102,-2.0597896169135232,3.9811783968068934,4.839892482886716
Zfp687(+),-11.89469964691726,3.47731683912398,3.216343536761922,5.502181547029245
Zfp697(+),-7.849709336440883,-7.490173792456956,-0.5741346072308144,16.59415025797212
Zfp708(+),-3.312975260753137,5.3412403781457085,-1.4741397306299946,-2.1364644104018646
Zfp738(+),-8.352681473068918,2.816743559040892,10.141668899954803,-0.4690968731487091
Zfp740(+),3.253742014865808,-2.648206991692868,-1.676677520910384,0.7753594904482548
Zfp748(+),-2.595708271498236,3.5046792520247063,1.2810681626491498,-2.1585117404185774
Zfp768(+),-1.044448097509305,2.7774766273772724,-0.5618996161878683,-1.8622468697071408
Zfp78(+),-5.983404202533896,3.46166592708358,-2.581544771568358,3.0425576139042123
Zfp786(+),7.244322096389848,-6.249686642950659,-2.3291376638205863,1.4160484306169046
Zfp81(+),-1.2034698112985431,1.0121539215260196,-2.362555765762214,1.1988359912788151
Zfp811(+),-7.573792601393199,-4.886829747593067,5.052353146999961,10.164898083715451
Zfp821(+),-4.910588042777139,3.635239292455081,-0.545726738936999,0.8034063227631001
Zfp85(+),-1.4151287681104048,-0.2107540562857812,-0.7220110578367017,1.9440039627036725
Zfp87(+),-2.533020232501061,-0.1325530675439905,3.8519656792770527,0.5776820532530085
Zfp874b(+),-11.169186223747996,16.37894967446884,-3.617703276623752,-5.705563970503377
Zfp93(+),-1.3343852648157053,1.5152264065066612,0.0754083322687797,-0.4895987604752499
Zfp943(+),-4.526660181775599,3.164805107476682,-0.651363840742771,1.0268953863230816
Zfp953(+),0.0935611793683203,-6.577246955913079,0.8333358753967597,6.91779391550483
Zfp978(+),11.78703076643272,-4.018109929350057,-2.419856832193234,-5.200023376372388
Zfp979(+),-2.1535412673584746,2.58934093032615,-2.829995583728051,0.5536806627095026
Zfp981(+),-3.222597695340037,4.621805157695703,-0.7514447523599389,-1.7844633452686167
Zfp985(+),-1.6476917776224138,1.5720275802953363,-0.6615999316804153,0.1182558723575729
Zfp994(+),-2.586352766145665,5.517605780860965,-1.0086095572248397,-3.2582970490659457
Zfx(+),36.68503684566743,-18.753992487664963,-2.271349542701873,-8.61010369306997
Zfy1(+),-5.780603012384087,6.043516710557067,-1.786778670765106,-0.4469719060492484
Zkscan6(+),-7.888042537587444,11.631842371919872,0.5655542288573308,-5.84478774388817
Zscan2(+),4.538885684004874,-1.079902764349132,-3.1158889615395906,-1.4683626531255367
