,degree_all,degree_centrality_all,degree_in,degree_centrality_in,degree_out,degree_centrality_out,betweenness_centrality,eigenvector_centrality,cluster
Ebf1,111,0.19439579684763572,7,0.012259194395796848,104,0.18213660245183888,3051.0,0.760529855254705,WT_DM
Prdm16,84,0.14711033274956217,5,0.008756567425569177,79,0.138353765323993,3272.0,1.0,WT_DM
Hey2,83,0.14535901926444833,1,0.0017513134851138354,82,0.1436077057793345,1969.0,0.7540161877395469,WT_DM
Mef2c,76,0.1330998248686515,7,0.012259194395796848,69,0.12084063047285463,4895.0,0.47240706994688975,WT_DM
Klf3,74,0.1295971978984238,1,0.0017513134851138354,73,0.12784588441331,274.0,0.21950090063599761,WT_DM
E2f4,73,0.12784588441331,1,0.0017513134851138354,72,0.12609457092819615,128.0,0.24117849928844862,WT_DM
Fli1,72,0.12609457092819615,3,0.005253940455341506,69,0.12084063047285463,513.0,0.4629238222664392,WT_DM
Zbtb7a,70,0.12259194395796848,0,0.0,70,0.12259194395796848,0.0,0.24513832827587057,WT_DM
Prdm1,68,0.1190893169877408,0,0.0,68,0.1190893169877408,0.0,0.3377754023830167,WT_DM
Npas3,60,0.10507880910683012,0,0.0,60,0.10507880910683012,0.0,0.15863357837973102,WT_DM
Rad21,59,0.10332749562171628,0,0.0,59,0.10332749562171628,0.0,0.23634276654730885,WT_DM
Erf,59,0.10332749562171628,0,0.0,59,0.10332749562171628,0.0,0.25771968535027323,WT_DM
Xbp1,55,0.09632224168126094,1,0.0017513134851138354,54,0.09457092819614711,2694.0,0.2613944502309177,WT_DM
Creb5,54,0.09457092819614711,8,0.014010507880910683,46,0.08056042031523643,2999.0,0.30508529845022553,WT_DM
Klf13,51,0.0893169877408056,1,0.0017513134851138354,50,0.08756567425569177,98.0,0.18435835240099432,WT_DM
Rora,48,0.0840630472854641,16,0.028021015761821366,32,0.05604203152364273,961.0,0.3876979958177798,WT_DM
Smad1,48,0.0840630472854641,0,0.0,48,0.0840630472854641,0.0,0.26228174394527326,WT_DM
Klf8,44,0.07705779334500876,0,0.0,44,0.07705779334500876,0.0,0.1628584166822996,WT_DM
Tcf4,41,0.07180385288966724,9,0.01576182136602452,32,0.05604203152364273,2198.0,0.42176524876453325,WT_DM
Prdm11,39,0.06830122591943957,0,0.0,39,0.06830122591943957,0.0,0.15750719612480701,WT_DM
Pparg,38,0.06654991243432574,9,0.01576182136602452,29,0.050788091068301226,3162.0,0.18466982700156911,WT_DM
Zfp3,35,0.06129597197898424,0,0.0,35,0.06129597197898424,0.0,0.17009196900068496,WT_DM
Nfatc1,34,0.0595446584938704,1,0.0017513134851138354,33,0.05779334500875657,284.0,0.11518067787587226,WT_DM
Rfx2,32,0.05604203152364273,0,0.0,32,0.05604203152364273,0.0,0.119263094825863,WT_DM
Srf,31,0.0542907180385289,0,0.0,31,0.0542907180385289,0.0,0.10915936204344526,WT_DM
Atf1,30,0.05253940455341506,0,0.0,30,0.05253940455341506,0.0,0.21493391382230248,WT_DM
Esr1,29,0.050788091068301226,0,0.0,29,0.050788091068301226,0.0,0.10234275147738632,WT_DM
Cebpb,28,0.04903677758318739,0,0.0,28,0.04903677758318739,0.0,0.10941057781162393,WT_DM
Vdr,27,0.047285464098073555,1,0.0017513134851138354,26,0.04553415061295972,196.0,0.1201401592774326,WT_DM
Zbtb17,26,0.04553415061295972,0,0.0,26,0.04553415061295972,0.0,0.1411000148022733,WT_DM
Zbtb16,25,0.043782837127845885,13,0.02276707530647986,12,0.021015761821366025,5077.0,0.33376336471302637,WT_DM
Nfatc3,25,0.043782837127845885,0,0.0,25,0.043782837127845885,0.0,0.13720782381036978,WT_DM
Gata3,23,0.040280210157618214,0,0.0,23,0.040280210157618214,0.0,0.10717732588254837,WT_DM
Pknox1,22,0.03852889667250438,0,0.0,22,0.03852889667250438,0.0,0.07617192921438029,WT_DM
Ctnna3,21,0.03677758318739054,21,0.03677758318739054,0,0.0,0.0,0.4032433411853839,WT_DM
Zfp740,21,0.03677758318739054,0,0.0,21,0.03677758318739054,0.0,0.10105590318447057,WT_DM
Tcf7l1,21,0.03677758318739054,9,0.01576182136602452,12,0.021015761821366025,1507.0,0.19673098467191807,WT_DM
Meis1,20,0.03502626970227671,2,0.0035026269702276708,18,0.03152364273204904,56.0,0.09161037984369914,WT_DM
Bach2,20,0.03502626970227671,1,0.0017513134851138354,19,0.03327495621716287,133.0,0.06456954653331054,WT_DM
Nfe2l2,19,0.03327495621716287,3,0.005253940455341506,16,0.028021015761821366,2872.0,0.04181592397167562,WT_DM
Nfix,19,0.03327495621716287,1,0.0017513134851138354,18,0.03152364273204904,21.0,0.03514247835716194,WT_DM
Pura,18,0.03152364273204904,0,0.0,18,0.03152364273204904,0.0,0.042853181816886854,WT_DM
Prrx1,18,0.03152364273204904,6,0.010507880910683012,12,0.021015761821366025,266.0,0.1549566151920206,WT_DM
Nfat5,18,0.03152364273204904,4,0.0070052539404553416,14,0.024518388791593695,690.0,0.12059828464840876,WT_DM
Plcl1,17,0.0297723292469352,17,0.0297723292469352,0,0.0,0.0,0.2062451142341555,WT_DM
Pax5,17,0.0297723292469352,0,0.0,17,0.0297723292469352,0.0,0.04475937674974871,WT_DM
Foxp1,15,0.02626970227670753,7,0.012259194395796848,8,0.014010507880910683,61.0,0.0619202387008054,WT_DM
Tfe3,15,0.02626970227670753,0,0.0,15,0.02626970227670753,0.0,0.04371493926326829,WT_DM
Dmd,15,0.02626970227670753,15,0.02626970227670753,0,0.0,0.0,0.33002534917480497,WT_DM
Cacnb2,15,0.02626970227670753,15,0.02626970227670753,0,0.0,0.0,0.19610261616479926,WT_DM
Hlf,15,0.02626970227670753,0,0.0,15,0.02626970227670753,0.0,0.05701665337568096,WT_DM
Kcnab1,15,0.02626970227670753,15,0.02626970227670753,0,0.0,0.0,0.2983611648665614,WT_DM
Sox6,15,0.02626970227670753,10,0.017513134851138354,5,0.008756567425569177,46.0,0.3067562311035403,WT_DM
Timp3,15,0.02626970227670753,15,0.02626970227670753,0,0.0,0.0,0.15667739851609724,WT_DM
Eps8,14,0.024518388791593695,14,0.024518388791593695,0,0.0,0.0,0.20353024594510874,WT_DM
Tpm1,14,0.024518388791593695,14,0.024518388791593695,0,0.0,0.0,0.22715837311539783,WT_DM
Sorbs2,14,0.024518388791593695,14,0.024518388791593695,0,0.0,0.0,0.26114021900750506,WT_DM
Ralgapa2,14,0.024518388791593695,14,0.024518388791593695,0,0.0,0.0,0.16084703257869662,WT_DM
Myo1b,14,0.024518388791593695,14,0.024518388791593695,0,0.0,0.0,0.1997667446427297,WT_DM
Psd3,14,0.024518388791593695,14,0.024518388791593695,0,0.0,0.0,0.25128864652033683,WT_DM
Cebpz,14,0.024518388791593695,0,0.0,14,0.024518388791593695,0.0,0.10665359014226614,WT_DM
Lin7a,14,0.024518388791593695,14,0.024518388791593695,0,0.0,0.0,0.2495414864462379,WT_DM
Zfp784,13,0.02276707530647986,0,0.0,13,0.02276707530647986,0.0,0.05072371869148605,WT_DM
Myo1e,13,0.02276707530647986,13,0.02276707530647986,0,0.0,0.0,0.19723886420788994,WT_DM
Zscan22,13,0.02276707530647986,0,0.0,13,0.02276707530647986,0.0,0.034929658989630824,WT_DM
Pdlim5,13,0.02276707530647986,13,0.02276707530647986,0,0.0,0.0,0.17733280868774534,WT_DM
Wrnip1,12,0.021015761821366025,0,0.0,12,0.021015761821366025,0.0,0.08316860560335591,WT_DM
Tead4,12,0.021015761821366025,0,0.0,12,0.021015761821366025,0.0,0.04533006930448533,WT_DM
Acta2,12,0.021015761821366025,12,0.021015761821366025,0,0.0,0.0,0.27368020332687526,WT_DM
Tshz2,12,0.021015761821366025,12,0.021015761821366025,0,0.0,0.0,0.18741474155177407,WT_DM
Zeb2,12,0.021015761821366025,12,0.021015761821366025,0,0.0,0.0,0.09978536254594479,WT_DM
Crim1,12,0.021015761821366025,12,0.021015761821366025,0,0.0,0.0,0.12651035309585806,WT_DM
Myh11,12,0.021015761821366025,12,0.021015761821366025,0,0.0,0.0,0.18831969501430473,WT_DM
Filip1,12,0.021015761821366025,12,0.021015761821366025,0,0.0,0.0,0.20706037504590324,WT_DM
Flna,11,0.01926444833625219,11,0.01926444833625219,0,0.0,0.0,0.18905057246166238,WT_DM
Nckap5,11,0.01926444833625219,11,0.01926444833625219,0,0.0,0.0,0.147250220847558,WT_DM
Plxdc2,11,0.01926444833625219,11,0.01926444833625219,0,0.0,0.0,0.19704937081199192,WT_DM
Zbtb33,11,0.01926444833625219,0,0.0,11,0.01926444833625219,0.0,0.06480926726692199,WT_DM
Lrrc4c,11,0.01926444833625219,11,0.01926444833625219,0,0.0,0.0,0.09536516628829682,WT_DM
Rapgef2,11,0.01926444833625219,11,0.01926444833625219,0,0.0,0.0,0.1175510509856964,WT_DM
Smarca5,11,0.01926444833625219,1,0.0017513134851138354,10,0.017513134851138354,5.0,0.07731946262241306,WT_DM
Dlc1,10,0.017513134851138354,10,0.017513134851138354,0,0.0,0.0,0.15400084144579135,WT_DM
Agmo,10,0.017513134851138354,10,0.017513134851138354,0,0.0,0.0,0.09671171947037863,WT_DM
Ghr,10,0.017513134851138354,10,0.017513134851138354,0,0.0,0.0,0.08904724481342835,WT_DM
Prune2,10,0.017513134851138354,10,0.017513134851138354,0,0.0,0.0,0.09658241583770011,WT_DM
Ntrk3,10,0.017513134851138354,10,0.017513134851138354,0,0.0,0.0,0.3157795233620628,WT_DM
Kcnq5,10,0.017513134851138354,10,0.017513134851138354,0,0.0,0.0,0.3052620900449969,WT_DM
Akap6,10,0.017513134851138354,10,0.017513134851138354,0,0.0,0.0,0.20545020932639557,WT_DM
Ptprk,10,0.017513134851138354,10,0.017513134851138354,0,0.0,0.0,0.16533331085155742,WT_DM
Bcl11b,10,0.017513134851138354,1,0.0017513134851138354,9,0.01576182136602452,18.0,0.020792556386657488,WT_DM
Inpp4b,10,0.017513134851138354,10,0.017513134851138354,0,0.0,0.0,0.06609233882787857,WT_DM
Itga1,10,0.017513134851138354,10,0.017513134851138354,0,0.0,0.0,0.06204872136883905,WT_DM
Cd36,10,0.017513134851138354,10,0.017513134851138354,0,0.0,0.0,0.21315121948325935,WT_DM
Airn,10,0.017513134851138354,10,0.017513134851138354,0,0.0,0.0,0.06941460284352231,WT_DM
Rgs6,10,0.017513134851138354,10,0.017513134851138354,0,0.0,0.0,0.22061990343725071,WT_DM
Enah,10,0.017513134851138354,10,0.017513134851138354,0,0.0,0.0,0.14393010995595998,WT_DM
Mast4,10,0.017513134851138354,10,0.017513134851138354,0,0.0,0.0,0.09371954058248841,WT_DM
Ntn4,10,0.017513134851138354,10,0.017513134851138354,0,0.0,0.0,0.13983294825036574,WT_DM
Prickle2,9,0.01576182136602452,9,0.01576182136602452,0,0.0,0.0,0.057664199175934086,WT_DM
Zfand3,9,0.01576182136602452,9,0.01576182136602452,0,0.0,0.0,0.0982644355599844,WT_DM
Mical3,9,0.01576182136602452,9,0.01576182136602452,0,0.0,0.0,0.11602156481112687,WT_DM
Runx1,9,0.01576182136602452,2,0.0035026269702276708,7,0.012259194395796848,22.0,0.025242833719537543,WT_DM
Sgip1,9,0.01576182136602452,9,0.01576182136602452,0,0.0,0.0,0.18332883998984972,WT_DM
Cux2,9,0.01576182136602452,0,0.0,9,0.01576182136602452,0.0,0.03833265527945529,WT_DM
Tmem132d,9,0.01576182136602452,9,0.01576182136602452,0,0.0,0.0,0.09244855911397329,WT_DM
Pde8b,9,0.01576182136602452,9,0.01576182136602452,0,0.0,0.0,0.1481930676159381,WT_DM
Ext1,9,0.01576182136602452,9,0.01576182136602452,0,0.0,0.0,0.14262835567025814,WT_DM
Abcc9,9,0.01576182136602452,9,0.01576182136602452,0,0.0,0.0,0.31053360339919744,WT_DM
Myom1,9,0.01576182136602452,9,0.01576182136602452,0,0.0,0.0,0.29639481677470014,WT_DM
Fbxl7,9,0.01576182136602452,9,0.01576182136602452,0,0.0,0.0,0.14335293692823042,WT_DM
Lama4,9,0.01576182136602452,9,0.01576182136602452,0,0.0,0.0,0.10501614369894656,WT_DM
Nrp1,8,0.014010507880910683,8,0.014010507880910683,0,0.0,0.0,0.0907505881664218,WT_DM
Foxp2,8,0.014010507880910683,0,0.0,8,0.014010507880910683,0.0,0.04510443946007617,WT_DM
Meg3,8,0.014010507880910683,8,0.014010507880910683,0,0.0,0.0,0.19243226467396363,WT_DM
Grip2,8,0.014010507880910683,8,0.014010507880910683,0,0.0,0.0,0.16530199186192787,WT_DM
Adamtsl1,8,0.014010507880910683,8,0.014010507880910683,0,0.0,0.0,0.07314756423559185,WT_DM
Csmd1,8,0.014010507880910683,8,0.014010507880910683,0,0.0,0.0,0.06244393427334716,WT_DM
Pard3b,8,0.014010507880910683,8,0.014010507880910683,0,0.0,0.0,0.0729330138920685,WT_DM
Rarb,8,0.014010507880910683,0,0.0,8,0.014010507880910683,0.0,0.015416399374845416,WT_DM
Mylk,8,0.014010507880910683,8,0.014010507880910683,0,0.0,0.0,0.1182921515066057,WT_DM
Ppfia2,8,0.014010507880910683,8,0.014010507880910683,0,0.0,0.0,0.1250426618149955,WT_DM
Gm4876,8,0.014010507880910683,8,0.014010507880910683,0,0.0,0.0,0.16726385004503383,WT_DM
Pawr,8,0.014010507880910683,8,0.014010507880910683,0,0.0,0.0,0.07553707211710532,WT_DM
Trps1,8,0.014010507880910683,8,0.014010507880910683,0,0.0,0.0,0.05700086068273789,WT_DM
Dgkb,8,0.014010507880910683,8,0.014010507880910683,0,0.0,0.0,0.30026409395355297,WT_DM
Pvt1,8,0.014010507880910683,8,0.014010507880910683,0,0.0,0.0,0.08754298133909502,WT_DM
Lrrtm3,8,0.014010507880910683,8,0.014010507880910683,0,0.0,0.0,0.23950844867945154,WT_DM
Pcdh19,8,0.014010507880910683,8,0.014010507880910683,0,0.0,0.0,0.1315546229601288,WT_DM
Ppp1r12a,8,0.014010507880910683,8,0.014010507880910683,0,0.0,0.0,0.10289339101248253,WT_DM
Hivep3,8,0.014010507880910683,0,0.0,8,0.014010507880910683,0.0,0.0325199027851002,WT_DM
Ube2e2,8,0.014010507880910683,8,0.014010507880910683,0,0.0,0.0,0.042783756151502685,WT_DM
Csrp1,7,0.012259194395796848,7,0.012259194395796848,0,0.0,0.0,0.11987960136716595,WT_DM
Rhoj,7,0.012259194395796848,7,0.012259194395796848,0,0.0,0.0,0.15319740824485462,WT_DM
Rasal2,7,0.012259194395796848,7,0.012259194395796848,0,0.0,0.0,0.07353121282627663,WT_DM
Ryr2,7,0.012259194395796848,7,0.012259194395796848,0,0.0,0.0,0.2703530421531511,WT_DM
Mnt,7,0.012259194395796848,0,0.0,7,0.012259194395796848,0.0,0.04072406599258389,WT_DM
Sox5,7,0.012259194395796848,7,0.012259194395796848,0,0.0,0.0,0.03181024114718733,WT_DM
Cbfa2t3,7,0.012259194395796848,7,0.012259194395796848,0,0.0,0.0,0.04680160636345827,WT_DM
Mical2,7,0.012259194395796848,7,0.012259194395796848,0,0.0,0.0,0.0847212289267408,WT_DM
Wwox,7,0.012259194395796848,7,0.012259194395796848,0,0.0,0.0,0.052580291130588354,WT_DM
Shox2,7,0.012259194395796848,0,0.0,7,0.012259194395796848,0.0,0.007182637268624847,WT_DM
Pid1,7,0.012259194395796848,7,0.012259194395796848,0,0.0,0.0,0.05870617638133926,WT_DM
Myl9,7,0.012259194395796848,7,0.012259194395796848,0,0.0,0.0,0.06260916895836531,WT_DM
Tbc1d1,7,0.012259194395796848,7,0.012259194395796848,0,0.0,0.0,0.06366182725188918,WT_DM
Pde10a,7,0.012259194395796848,7,0.012259194395796848,0,0.0,0.0,0.04804887741700295,WT_DM
Samd4,7,0.012259194395796848,7,0.012259194395796848,0,0.0,0.0,0.01580303381267045,WT_DM
Lpp,7,0.012259194395796848,7,0.012259194395796848,0,0.0,0.0,0.052087169923448605,WT_DM
Col18a1,7,0.012259194395796848,7,0.012259194395796848,0,0.0,0.0,0.15439596555481244,WT_DM
Ube2h,6,0.010507880910683012,6,0.010507880910683012,0,0.0,0.0,0.07826732412854798,WT_DM
Egflam,6,0.010507880910683012,6,0.010507880910683012,0,0.0,0.0,0.042125004002814194,WT_DM
Crispld2,6,0.010507880910683012,6,0.010507880910683012,0,0.0,0.0,0.09550031568640331,WT_DM
Acaca,6,0.010507880910683012,6,0.010507880910683012,0,0.0,0.0,0.05423480439744023,WT_DM
Postn,6,0.010507880910683012,6,0.010507880910683012,0,0.0,0.0,0.09897185368499235,WT_DM
Irf8,6,0.010507880910683012,0,0.0,6,0.010507880910683012,0.0,0.015361442563301147,WT_DM
Col5a3,6,0.010507880910683012,6,0.010507880910683012,0,0.0,0.0,0.0768441980818053,WT_DM
Ank2,6,0.010507880910683012,6,0.010507880910683012,0,0.0,0.0,0.03898873546243011,WT_DM
Eln,6,0.010507880910683012,6,0.010507880910683012,0,0.0,0.0,0.14577047642116575,WT_DM
Pafah1b1,6,0.010507880910683012,6,0.010507880910683012,0,0.0,0.0,0.05384399241553593,WT_DM
Rock2,6,0.010507880910683012,6,0.010507880910683012,0,0.0,0.0,0.0562758780900632,WT_DM
Asb3,6,0.010507880910683012,6,0.010507880910683012,0,0.0,0.0,0.06155766043857732,WT_DM
Sparcl1,6,0.010507880910683012,6,0.010507880910683012,0,0.0,0.0,0.11408247202514106,WT_DM
Dapk1,6,0.010507880910683012,6,0.010507880910683012,0,0.0,0.0,0.11465086829220998,WT_DM
Baz2b,6,0.010507880910683012,6,0.010507880910683012,0,0.0,0.0,0.03830627285967267,WT_DM
Trpc6,6,0.010507880910683012,6,0.010507880910683012,0,0.0,0.0,0.05819228951583982,WT_DM
Pcdh7,6,0.010507880910683012,6,0.010507880910683012,0,0.0,0.0,0.09178603254407466,WT_DM
Tnfrsf21,6,0.010507880910683012,6,0.010507880910683012,0,0.0,0.0,0.09719012184711787,WT_DM
Nrd1,6,0.010507880910683012,6,0.010507880910683012,0,0.0,0.0,0.052085096686752555,WT_DM
Pkp4,6,0.010507880910683012,6,0.010507880910683012,0,0.0,0.0,0.06149106403107719,WT_DM
Plcb1,6,0.010507880910683012,6,0.010507880910683012,0,0.0,0.0,0.07270069965595823,WT_DM
Dtna,6,0.010507880910683012,6,0.010507880910683012,0,0.0,0.0,0.16087652050738882,WT_DM
Hes1,6,0.010507880910683012,0,0.0,6,0.010507880910683012,0.0,0.016058806272060147,WT_DM
Fam78b,6,0.010507880910683012,6,0.010507880910683012,0,0.0,0.0,0.08559396720868047,WT_DM
Exoc4,6,0.010507880910683012,6,0.010507880910683012,0,0.0,0.0,0.07210782333655005,WT_DM
Srek1,6,0.010507880910683012,6,0.010507880910683012,0,0.0,0.0,0.025508741973026237,WT_DM
Spon1,6,0.010507880910683012,6,0.010507880910683012,0,0.0,0.0,0.11044192960853311,WT_DM
Ppp2r2b,6,0.010507880910683012,6,0.010507880910683012,0,0.0,0.0,0.05734246634309933,WT_DM
Ttll7,5,0.008756567425569177,5,0.008756567425569177,0,0.0,0.0,0.09916632485267919,WT_DM
Cacna1c,5,0.008756567425569177,5,0.008756567425569177,0,0.0,0.0,0.035581997240533195,WT_DM
Kalrn,5,0.008756567425569177,5,0.008756567425569177,0,0.0,0.0,0.07567866166841607,WT_DM
Npepps,5,0.008756567425569177,5,0.008756567425569177,0,0.0,0.0,0.020482718674803755,WT_DM
Jazf1,5,0.008756567425569177,5,0.008756567425569177,0,0.0,0.0,0.03042039835058341,WT_DM
Ube4a,5,0.008756567425569177,5,0.008756567425569177,0,0.0,0.0,0.021846270965092746,WT_DM
Csnk1g1,5,0.008756567425569177,5,0.008756567425569177,0,0.0,0.0,0.026912625831469677,WT_DM
Clstn2,5,0.008756567425569177,5,0.008756567425569177,0,0.0,0.0,0.07784261959222646,WT_DM
Trim24,5,0.008756567425569177,5,0.008756567425569177,0,0.0,0.0,0.036642733478503164,WT_DM
Col5a1,5,0.008756567425569177,5,0.008756567425569177,0,0.0,0.0,0.06880721051021221,WT_DM
Setbp1,5,0.008756567425569177,5,0.008756567425569177,0,0.0,0.0,0.06175566313523742,WT_DM
A4galt,5,0.008756567425569177,5,0.008756567425569177,0,0.0,0.0,0.039088386331235216,WT_DM
Dync2h1,5,0.008756567425569177,5,0.008756567425569177,0,0.0,0.0,0.028139563443540953,WT_DM
Arhgef11,5,0.008756567425569177,5,0.008756567425569177,0,0.0,0.0,0.06713978523016,WT_DM
Mob3b,5,0.008756567425569177,5,0.008756567425569177,0,0.0,0.0,0.029420602048676622,WT_DM
9530026P05Rik,5,0.008756567425569177,5,0.008756567425569177,0,0.0,0.0,0.06956170040815321,WT_DM
Cdh13,5,0.008756567425569177,5,0.008756567425569177,0,0.0,0.0,0.0541104642463944,WT_DM
Thsd4,5,0.008756567425569177,5,0.008756567425569177,0,0.0,0.0,0.06582036457815617,WT_DM
Dpyd,5,0.008756567425569177,5,0.008756567425569177,0,0.0,0.0,0.06363005429303137,WT_DM
Zdhhc14,5,0.008756567425569177,5,0.008756567425569177,0,0.0,0.0,0.024161697816467063,WT_DM
Slk,5,0.008756567425569177,5,0.008756567425569177,0,0.0,0.0,0.0522652908376152,WT_DM
Kcnb1,5,0.008756567425569177,5,0.008756567425569177,0,0.0,0.0,0.05604448375814257,WT_DM
Cacnb4,5,0.008756567425569177,5,0.008756567425569177,0,0.0,0.0,0.045554992484033704,WT_DM
Fam172a,5,0.008756567425569177,5,0.008756567425569177,0,0.0,0.0,0.0450555928811997,WT_DM
Scn3a,5,0.008756567425569177,5,0.008756567425569177,0,0.0,0.0,0.06416050438148585,WT_DM
Olfm2,5,0.008756567425569177,5,0.008756567425569177,0,0.0,0.0,0.03716141531050935,WT_DM
Ptprc,5,0.008756567425569177,5,0.008756567425569177,0,0.0,0.0,0.02538247983240155,WT_DM
Robo1,5,0.008756567425569177,5,0.008756567425569177,0,0.0,0.0,0.05512144458561456,WT_DM
Col4a5,5,0.008756567425569177,5,0.008756567425569177,0,0.0,0.0,0.0361053425883099,WT_DM
Nexn,5,0.008756567425569177,5,0.008756567425569177,0,0.0,0.0,0.10990150890074503,WT_DM
Phf20l1,5,0.008756567425569177,5,0.008756567425569177,0,0.0,0.0,0.044372658221397826,WT_DM
Nostrin,5,0.008756567425569177,5,0.008756567425569177,0,0.0,0.0,0.05467177259903813,WT_DM
Cald1,5,0.008756567425569177,5,0.008756567425569177,0,0.0,0.0,0.07063491902201763,WT_DM
Kazn,5,0.008756567425569177,5,0.008756567425569177,0,0.0,0.0,0.09073986916395181,WT_DM
Pdgfd,5,0.008756567425569177,5,0.008756567425569177,0,0.0,0.0,0.04912219058795029,WT_DM
Adam12,5,0.008756567425569177,5,0.008756567425569177,0,0.0,0.0,0.04849547232418646,WT_DM
Pde3a,5,0.008756567425569177,5,0.008756567425569177,0,0.0,0.0,0.06173770014856722,WT_DM
Arid3a,5,0.008756567425569177,0,0.0,5,0.008756567425569177,0.0,0.00480773614085724,WT_DM
Sec24d,5,0.008756567425569177,5,0.008756567425569177,0,0.0,0.0,0.02955881698841891,WT_DM
Pdlim3,5,0.008756567425569177,5,0.008756567425569177,0,0.0,0.0,0.08606356663620299,WT_DM
Myocd,5,0.008756567425569177,5,0.008756567425569177,0,0.0,0.0,0.12923635937944736,WT_DM
Pls3,5,0.008756567425569177,5,0.008756567425569177,0,0.0,0.0,0.087262435342662,WT_DM
Ptn,4,0.0070052539404553416,4,0.0070052539404553416,0,0.0,0.0,0.05496217745985653,WT_DM
Arhgap15,4,0.0070052539404553416,4,0.0070052539404553416,0,0.0,0.0,0.025743217464879686,WT_DM
Xylt1,4,0.0070052539404553416,4,0.0070052539404553416,0,0.0,0.0,0.048459880151243875,WT_DM
Snta1,4,0.0070052539404553416,4,0.0070052539404553416,0,0.0,0.0,0.05531574766678739,WT_DM
Fap,4,0.0070052539404553416,4,0.0070052539404553416,0,0.0,0.0,0.04668075049348756,WT_DM
Pde1c,4,0.0070052539404553416,4,0.0070052539404553416,0,0.0,0.0,0.05235156329938464,WT_DM
Nr6a1,4,0.0070052539404553416,0,0.0,4,0.0070052539404553416,0.0,0.016123205371040675,WT_DM
Tbx15,4,0.0070052539404553416,1,0.0017513134851138354,3,0.005253940455341506,5.0,0.022630654629915422,WT_DM
Dock8,4,0.0070052539404553416,4,0.0070052539404553416,0,0.0,0.0,0.045800143314053875,WT_DM
Bcor,4,0.0070052539404553416,4,0.0070052539404553416,0,0.0,0.0,0.030937391735879855,WT_DM
Prkag2,4,0.0070052539404553416,4,0.0070052539404553416,0,0.0,0.0,0.04391376496460185,WT_DM
Ptp4a3,4,0.0070052539404553416,4,0.0070052539404553416,0,0.0,0.0,0.10286741756423949,WT_DM
Eri3,4,0.0070052539404553416,4,0.0070052539404553416,0,0.0,0.0,0.032526945942064185,WT_DM
Ikzf1,4,0.0070052539404553416,1,0.0017513134851138354,3,0.005253940455341506,5.0,0.00342656612849186,WT_DM
Ryk,4,0.0070052539404553416,4,0.0070052539404553416,0,0.0,0.0,0.02046762107541574,WT_DM
Tmcc3,4,0.0070052539404553416,4,0.0070052539404553416,0,0.0,0.0,0.030427765872425013,WT_DM
Il1r1,4,0.0070052539404553416,4,0.0070052539404553416,0,0.0,0.0,0.02473026290627942,WT_DM
Gng12,4,0.0070052539404553416,4,0.0070052539404553416,0,0.0,0.0,0.014651004379811398,WT_DM
Ewsr1,4,0.0070052539404553416,2,0.0035026269702276708,2,0.0035026269702276708,4.0,0.009656523544965425,WT_DM
Rgs7bp,4,0.0070052539404553416,4,0.0070052539404553416,0,0.0,0.0,0.08760970098372448,WT_DM
Sorcs1,4,0.0070052539404553416,4,0.0070052539404553416,0,0.0,0.0,0.03411987367344892,WT_DM
Elmod1,4,0.0070052539404553416,4,0.0070052539404553416,0,0.0,0.0,0.08301258512288198,WT_DM
Tgfb3,4,0.0070052539404553416,4,0.0070052539404553416,0,0.0,0.0,0.045044730645486634,WT_DM
Ablim1,4,0.0070052539404553416,4,0.0070052539404553416,0,0.0,0.0,0.014139512787414883,WT_DM
Dock2,4,0.0070052539404553416,4,0.0070052539404553416,0,0.0,0.0,0.026804131078049357,WT_DM
Tmem51,4,0.0070052539404553416,4,0.0070052539404553416,0,0.0,0.0,0.03238014434078561,WT_DM
Rc3h1,4,0.0070052539404553416,4,0.0070052539404553416,0,0.0,0.0,0.016870936838416756,WT_DM
Gpc6,4,0.0070052539404553416,4,0.0070052539404553416,0,0.0,0.0,0.023521419635531823,WT_DM
Il1rapl1,4,0.0070052539404553416,4,0.0070052539404553416,0,0.0,0.0,0.11584061486866568,WT_DM
Hspg2,4,0.0070052539404553416,4,0.0070052539404553416,0,0.0,0.0,0.04186197151510215,WT_DM
Dgkg,4,0.0070052539404553416,4,0.0070052539404553416,0,0.0,0.0,0.03592815669484373,WT_DM
Col19a1,4,0.0070052539404553416,4,0.0070052539404553416,0,0.0,0.0,0.08931216331976151,WT_DM
Dnm1l,4,0.0070052539404553416,4,0.0070052539404553416,0,0.0,0.0,0.01781151557921822,WT_DM
Fyn,4,0.0070052539404553416,4,0.0070052539404553416,0,0.0,0.0,0.07547431664583966,WT_DM
Ppm1e,4,0.0070052539404553416,4,0.0070052539404553416,0,0.0,0.0,0.04368099286412552,WT_DM
Akap7,4,0.0070052539404553416,4,0.0070052539404553416,0,0.0,0.0,0.05871642778281028,WT_DM
Mapk8ip3,4,0.0070052539404553416,4,0.0070052539404553416,0,0.0,0.0,0.04048044757443905,WT_DM
N4bp2l2,4,0.0070052539404553416,4,0.0070052539404553416,0,0.0,0.0,0.0350457955249451,WT_DM
2610037D02Rik,4,0.0070052539404553416,4,0.0070052539404553416,0,0.0,0.0,0.02974209276983076,WT_DM
Lama2,4,0.0070052539404553416,4,0.0070052539404553416,0,0.0,0.0,0.10062458789991549,WT_DM
Slc4a3,4,0.0070052539404553416,4,0.0070052539404553416,0,0.0,0.0,0.03308790561618917,WT_DM
Morf4l1,4,0.0070052539404553416,4,0.0070052539404553416,0,0.0,0.0,0.030029029969248222,WT_DM
Adamts12,4,0.0070052539404553416,4,0.0070052539404553416,0,0.0,0.0,0.2594031031447434,WT_DM
Ednrb,4,0.0070052539404553416,4,0.0070052539404553416,0,0.0,0.0,0.008392740907212341,WT_DM
Zfp618,4,0.0070052539404553416,4,0.0070052539404553416,0,0.0,0.0,0.0529216388626802,WT_DM
Smc1a,3,0.005253940455341506,3,0.005253940455341506,0,0.0,0.0,0.016787420453957612,WT_DM
Gipr,3,0.005253940455341506,3,0.005253940455341506,0,0.0,0.0,0.03207156752307606,WT_DM
Mybl2,3,0.005253940455341506,0,0.0,3,0.005253940455341506,0.0,0.016619576949956933,WT_DM
Lgals1,3,0.005253940455341506,3,0.005253940455341506,0,0.0,0.0,0.012056951028195451,WT_DM
Hdac9,3,0.005253940455341506,3,0.005253940455341506,0,0.0,0.0,0.02791370343500949,WT_DM
Stam2,3,0.005253940455341506,3,0.005253940455341506,0,0.0,0.0,0.013713841434712434,WT_DM
Hoxb2,3,0.005253940455341506,0,0.0,3,0.005253940455341506,0.0,0.009381462827470042,WT_DM
Suclg2,3,0.005253940455341506,3,0.005253940455341506,0,0.0,0.0,0.02226537443673369,WT_DM
Alpk1,3,0.005253940455341506,3,0.005253940455341506,0,0.0,0.0,0.019139572421799776,WT_DM
Skap1,3,0.005253940455341506,3,0.005253940455341506,0,0.0,0.0,0.010724247881924649,WT_DM
Chst11,3,0.005253940455341506,3,0.005253940455341506,0,0.0,0.0,0.02975667872854853,WT_DM
Ints6,3,0.005253940455341506,3,0.005253940455341506,0,0.0,0.0,0.01914000452989215,WT_DM
Bicc1,3,0.005253940455341506,3,0.005253940455341506,0,0.0,0.0,0.0138889662614506,WT_DM
Ccdc6,3,0.005253940455341506,2,0.0035026269702276708,1,0.0017513134851138354,2.0,0.011978922547176155,WT_DM
Slc4a4,3,0.005253940455341506,3,0.005253940455341506,0,0.0,0.0,0.04666010667244082,WT_DM
Atxn10,3,0.005253940455341506,3,0.005253940455341506,0,0.0,0.0,0.022106114284161437,WT_DM
Mrps9,3,0.005253940455341506,3,0.005253940455341506,0,0.0,0.0,0.05291381593479321,WT_DM
Strada,3,0.005253940455341506,3,0.005253940455341506,0,0.0,0.0,0.008944345186231713,WT_DM
Hdac4,3,0.005253940455341506,3,0.005253940455341506,0,0.0,0.0,0.05830551249169564,WT_DM
Cab39l,3,0.005253940455341506,3,0.005253940455341506,0,0.0,0.0,0.04235032965675203,WT_DM
Wls,3,0.005253940455341506,3,0.005253940455341506,0,0.0,0.0,0.017390561312023194,WT_DM
Rps6kb1,3,0.005253940455341506,3,0.005253940455341506,0,0.0,0.0,0.020733256653387336,WT_DM
Cradd,3,0.005253940455341506,3,0.005253940455341506,0,0.0,0.0,0.023705666873690842,WT_DM
Serinc3,3,0.005253940455341506,3,0.005253940455341506,0,0.0,0.0,0.031707057487786516,WT_DM
Cenpb,3,0.005253940455341506,0,0.0,3,0.005253940455341506,0.0,0.004970527094587763,WT_DM
Sh3bgrl,3,0.005253940455341506,3,0.005253940455341506,0,0.0,0.0,0.022976838457447187,WT_DM
Tbl1x,3,0.005253940455341506,3,0.005253940455341506,0,0.0,0.0,0.04320849937682695,WT_DM
Smarce1,3,0.005253940455341506,3,0.005253940455341506,0,0.0,0.0,0.0418813026754107,WT_DM
Hace1,3,0.005253940455341506,3,0.005253940455341506,0,0.0,0.0,0.024450218373591386,WT_DM
Arhgef40,3,0.005253940455341506,3,0.005253940455341506,0,0.0,0.0,0.006898766618742836,WT_DM
2610307P16Rik,3,0.005253940455341506,3,0.005253940455341506,0,0.0,0.0,0.029950939827741798,WT_DM
Fam114a1,3,0.005253940455341506,3,0.005253940455341506,0,0.0,0.0,0.011532217479177875,WT_DM
Fgf13,3,0.005253940455341506,3,0.005253940455341506,0,0.0,0.0,0.05553962405502882,WT_DM
Slit3,3,0.005253940455341506,3,0.005253940455341506,0,0.0,0.0,0.016434371252591732,WT_DM
Lmbr1,3,0.005253940455341506,3,0.005253940455341506,0,0.0,0.0,0.038950148335045016,WT_DM
Scd1,3,0.005253940455341506,3,0.005253940455341506,0,0.0,0.0,0.024836802002463448,WT_DM
Atg16l2,3,0.005253940455341506,3,0.005253940455341506,0,0.0,0.0,0.08289553251064992,WT_DM
Fbxw4,3,0.005253940455341506,3,0.005253940455341506,0,0.0,0.0,0.03713094640209863,WT_DM
Ube2g1,3,0.005253940455341506,3,0.005253940455341506,0,0.0,0.0,0.027235033023556923,WT_DM
Rsrc2,3,0.005253940455341506,3,0.005253940455341506,0,0.0,0.0,0.030047485271158927,WT_DM
Hdx,3,0.005253940455341506,1,0.0017513134851138354,2,0.0035026269702276708,11.0,0.014573938021763965,WT_DM
Fgf14,3,0.005253940455341506,3,0.005253940455341506,0,0.0,0.0,0.07871274921019705,WT_DM
Sox11,3,0.005253940455341506,1,0.0017513134851138354,2,0.0035026269702276708,49.0,0.016236132177367683,WT_DM
Ostf1,3,0.005253940455341506,3,0.005253940455341506,0,0.0,0.0,0.016683940391504008,WT_DM
Tsc1,3,0.005253940455341506,3,0.005253940455341506,0,0.0,0.0,0.016341116340726713,WT_DM
Plscr4,3,0.005253940455341506,3,0.005253940455341506,0,0.0,0.0,0.021567670442403226,WT_DM
Araf,3,0.005253940455341506,3,0.005253940455341506,0,0.0,0.0,0.02624921400495737,WT_DM
Kifc3,3,0.005253940455341506,3,0.005253940455341506,0,0.0,0.0,0.025397590953709803,WT_DM
Cd200,3,0.005253940455341506,3,0.005253940455341506,0,0.0,0.0,0.019568036045453867,WT_DM
Plod2,3,0.005253940455341506,3,0.005253940455341506,0,0.0,0.0,0.018471872023087813,WT_DM
Zfp871,3,0.005253940455341506,3,0.005253940455341506,0,0.0,0.0,0.023236333725712956,WT_DM
Dock4,3,0.005253940455341506,3,0.005253940455341506,0,0.0,0.0,0.04513633685571466,WT_DM
Nhs,3,0.005253940455341506,3,0.005253940455341506,0,0.0,0.0,0.025136789458560484,WT_DM
Ncoa7,3,0.005253940455341506,3,0.005253940455341506,0,0.0,0.0,0.05872855976366092,WT_DM
Fabp4,3,0.005253940455341506,3,0.005253940455341506,0,0.0,0.0,0.06523629142764001,WT_DM
Klf16,3,0.005253940455341506,0,0.0,3,0.005253940455341506,0.0,0.016734495775785327,WT_DM
Ppm1l,3,0.005253940455341506,3,0.005253940455341506,0,0.0,0.0,0.017899430044163476,WT_DM
Dym,3,0.005253940455341506,3,0.005253940455341506,0,0.0,0.0,0.029118051862116415,WT_DM
Appl1,2,0.0035026269702276708,2,0.0035026269702276708,0,0.0,0.0,0.013496334561873791,WT_DM
Vps8,2,0.0035026269702276708,2,0.0035026269702276708,0,0.0,0.0,0.009295848916933509,WT_DM
Cep170,2,0.0035026269702276708,2,0.0035026269702276708,0,0.0,0.0,0.00563825410646042,WT_DM
Mrc2,2,0.0035026269702276708,2,0.0035026269702276708,0,0.0,0.0,0.0032270977995160406,WT_DM
AU040320,2,0.0035026269702276708,2,0.0035026269702276708,0,0.0,0.0,0.010779448368657869,WT_DM
Man2a1,2,0.0035026269702276708,2,0.0035026269702276708,0,0.0,0.0,0.014702553856373488,WT_DM
Tox,2,0.0035026269702276708,2,0.0035026269702276708,0,0.0,0.0,0.0007878382009989081,WT_DM
Fmnl2,2,0.0035026269702276708,2,0.0035026269702276708,0,0.0,0.0,0.014568165905811331,WT_DM
9930021J03Rik,2,0.0035026269702276708,2,0.0035026269702276708,0,0.0,0.0,0.007965164051538864,WT_DM
Vps54,2,0.0035026269702276708,2,0.0035026269702276708,0,0.0,0.0,0.011152630356136716,WT_DM
Nfkbiz,2,0.0035026269702276708,2,0.0035026269702276708,0,0.0,0.0,0.008215716175342527,WT_DM
Stxbp5,2,0.0035026269702276708,2,0.0035026269702276708,0,0.0,0.0,0.028145955230429183,WT_DM
Npr3,2,0.0035026269702276708,2,0.0035026269702276708,0,0.0,0.0,0.010528564341577801,WT_DM
Mpp7,2,0.0035026269702276708,2,0.0035026269702276708,0,0.0,0.0,0.018691711230291647,WT_DM
Zmiz1,2,0.0035026269702276708,2,0.0035026269702276708,0,0.0,0.0,0.016786829005738704,WT_DM
Lyrm1,2,0.0035026269702276708,2,0.0035026269702276708,0,0.0,0.0,0.01444497225555726,WT_DM
Atpaf1,2,0.0035026269702276708,2,0.0035026269702276708,0,0.0,0.0,0.010864600602538913,WT_DM
Lrrk2,2,0.0035026269702276708,2,0.0035026269702276708,0,0.0,0.0,0.02746451429175574,WT_DM
4632427E13Rik,2,0.0035026269702276708,2,0.0035026269702276708,0,0.0,0.0,0.017741212783929587,WT_DM
Pde4d,2,0.0035026269702276708,2,0.0035026269702276708,0,0.0,0.0,0.00019208644794812535,WT_DM
Adcyap1r1,2,0.0035026269702276708,2,0.0035026269702276708,0,0.0,0.0,0.0075359237783117795,WT_DM
Cttn,2,0.0035026269702276708,2,0.0035026269702276708,0,0.0,0.0,0.004997385706930343,WT_DM
Mthfd1l,2,0.0035026269702276708,2,0.0035026269702276708,0,0.0,0.0,0.008512859258465922,WT_DM
Cdk7,2,0.0035026269702276708,2,0.0035026269702276708,0,0.0,0.0,0.026840573136869546,WT_DM
4833420G17Rik,2,0.0035026269702276708,2,0.0035026269702276708,0,0.0,0.0,0.02116311021294868,WT_DM
Atox1,2,0.0035026269702276708,2,0.0035026269702276708,0,0.0,0.0,0.013563554979189846,WT_DM
Med15,2,0.0035026269702276708,2,0.0035026269702276708,0,0.0,0.0,0.006424384702540172,WT_DM
Nr2e3,2,0.0035026269702276708,0,0.0,2,0.0035026269702276708,0.0,0.00402803820467442,WT_DM
Ccnd2,2,0.0035026269702276708,2,0.0035026269702276708,0,0.0,0.0,0.031917294601908196,WT_DM
Sec22a,2,0.0035026269702276708,2,0.0035026269702276708,0,0.0,0.0,0.008228908770411731,WT_DM
Kdm5b,2,0.0035026269702276708,2,0.0035026269702276708,0,0.0,0.0,0.03180206926358061,WT_DM
Hdac7,2,0.0035026269702276708,2,0.0035026269702276708,0,0.0,0.0,0.006859763638602379,WT_DM
Wdfy2,2,0.0035026269702276708,2,0.0035026269702276708,0,0.0,0.0,0.024652574881966458,WT_DM
Lama5,2,0.0035026269702276708,2,0.0035026269702276708,0,0.0,0.0,0.005971334187606131,WT_DM
Pcp4l1,2,0.0035026269702276708,2,0.0035026269702276708,0,0.0,0.0,0.017658938905977462,WT_DM
Nfxl1,2,0.0035026269702276708,2,0.0035026269702276708,0,0.0,0.0,0.007966040021789413,WT_DM
Luzp1,2,0.0035026269702276708,2,0.0035026269702276708,0,0.0,0.0,0.007540234276887664,WT_DM
Pcgf5,2,0.0035026269702276708,2,0.0035026269702276708,0,0.0,0.0,0.025803549778206147,WT_DM
Themis,2,0.0035026269702276708,2,0.0035026269702276708,0,0.0,0.0,0.007606016183114111,WT_DM
Ttc4,2,0.0035026269702276708,2,0.0035026269702276708,0,0.0,0.0,0.009765207559476427,WT_DM
Vav3,2,0.0035026269702276708,2,0.0035026269702276708,0,0.0,0.0,0.012804263940056642,WT_DM
Nav1,2,0.0035026269702276708,2,0.0035026269702276708,0,0.0,0.0,0.01388465064548236,WT_DM
Esco1,2,0.0035026269702276708,2,0.0035026269702276708,0,0.0,0.0,0.010296719911584932,WT_DM
Sos2,2,0.0035026269702276708,2,0.0035026269702276708,0,0.0,0.0,0.0028015880202872344,WT_DM
Tbcel,2,0.0035026269702276708,2,0.0035026269702276708,0,0.0,0.0,0.015546227127901846,WT_DM
Lyn,2,0.0035026269702276708,2,0.0035026269702276708,0,0.0,0.0,0.004907523785853089,WT_DM
Med1,2,0.0035026269702276708,2,0.0035026269702276708,0,0.0,0.0,0.016783570931424116,WT_DM
Arhgap31,2,0.0035026269702276708,2,0.0035026269702276708,0,0.0,0.0,0.013702769571117367,WT_DM
Reep3,2,0.0035026269702276708,2,0.0035026269702276708,0,0.0,0.0,0.01059521440372508,WT_DM
Ahcyl1,2,0.0035026269702276708,2,0.0035026269702276708,0,0.0,0.0,0.021590142425801036,WT_DM
Spopl,2,0.0035026269702276708,2,0.0035026269702276708,0,0.0,0.0,0.016271140054103045,WT_DM
Grap2,2,0.0035026269702276708,2,0.0035026269702276708,0,0.0,0.0,0.006256545452957407,WT_DM
Gtdc1,2,0.0035026269702276708,2,0.0035026269702276708,0,0.0,0.0,0.00916930587155833,WT_DM
Ifrd1,2,0.0035026269702276708,2,0.0035026269702276708,0,0.0,0.0,0.010049643202860462,WT_DM
Dennd2a,2,0.0035026269702276708,2,0.0035026269702276708,0,0.0,0.0,0.031085650099476083,WT_DM
Wwtr1,2,0.0035026269702276708,2,0.0035026269702276708,0,0.0,0.0,0.010736718779277203,WT_DM
Sntg1,2,0.0035026269702276708,2,0.0035026269702276708,0,0.0,0.0,0.02256668467079196,WT_DM
Mpdz,2,0.0035026269702276708,2,0.0035026269702276708,0,0.0,0.0,0.009681280230683936,WT_DM
Prdm10,2,0.0035026269702276708,2,0.0035026269702276708,0,0.0,0.0,0.033092473535500044,WT_DM
Plin4,2,0.0035026269702276708,2,0.0035026269702276708,0,0.0,0.0,0.0578889840238245,WT_DM
Naf1,2,0.0035026269702276708,2,0.0035026269702276708,0,0.0,0.0,0.034609067936400104,WT_DM
Zfand5,2,0.0035026269702276708,2,0.0035026269702276708,0,0.0,0.0,0.002703971558663791,WT_DM
Nhsl1,2,0.0035026269702276708,2,0.0035026269702276708,0,0.0,0.0,0.019683075442955236,WT_DM
2210408F21Rik,2,0.0035026269702276708,2,0.0035026269702276708,0,0.0,0.0,0.013662289159187657,WT_DM
Rnd3,2,0.0035026269702276708,2,0.0035026269702276708,0,0.0,0.0,0.013170117880186764,WT_DM
Tgm2,2,0.0035026269702276708,2,0.0035026269702276708,0,0.0,0.0,0.031148256648587957,WT_DM
Mark3,2,0.0035026269702276708,2,0.0035026269702276708,0,0.0,0.0,0.01181038998200277,WT_DM
Cox7c,2,0.0035026269702276708,2,0.0035026269702276708,0,0.0,0.0,0.026197452462096166,WT_DM
Iars,2,0.0035026269702276708,2,0.0035026269702276708,0,0.0,0.0,0.040556867395873865,WT_DM
Synpo2,2,0.0035026269702276708,2,0.0035026269702276708,0,0.0,0.0,0.1583680780523873,WT_DM
Mgp,2,0.0035026269702276708,2,0.0035026269702276708,0,0.0,0.0,0.01098403106522756,WT_DM
Mtr,2,0.0035026269702276708,2,0.0035026269702276708,0,0.0,0.0,0.01611595131278439,WT_DM
Lamc3,2,0.0035026269702276708,2,0.0035026269702276708,0,0.0,0.0,0.027495409740763893,WT_DM
2900026A02Rik,2,0.0035026269702276708,2,0.0035026269702276708,0,0.0,0.0,0.03804541721661673,WT_DM
Carns1,2,0.0035026269702276708,2,0.0035026269702276708,0,0.0,0.0,0.05015764813707003,WT_DM
Slc38a11,2,0.0035026269702276708,2,0.0035026269702276708,0,0.0,0.0,0.018292650259567476,WT_DM
Cab39,2,0.0035026269702276708,2,0.0035026269702276708,0,0.0,0.0,0.05428574080848386,WT_DM
Igfbp7,2,0.0035026269702276708,2,0.0035026269702276708,0,0.0,0.0,0.05226516931208675,WT_DM
Ccdc25,2,0.0035026269702276708,2,0.0035026269702276708,0,0.0,0.0,0.01912243094736867,WT_DM
Magi2,2,0.0035026269702276708,2,0.0035026269702276708,0,0.0,0.0,0.017926202321592852,WT_DM
Chsy3,2,0.0035026269702276708,2,0.0035026269702276708,0,0.0,0.0,0.019252130498784867,WT_DM
Slc22a3,2,0.0035026269702276708,2,0.0035026269702276708,0,0.0,0.0,0.05471759957466952,WT_DM
Samhd1,2,0.0035026269702276708,2,0.0035026269702276708,0,0.0,0.0,0.00745901269005462,WT_DM
Sgcd,2,0.0035026269702276708,2,0.0035026269702276708,0,0.0,0.0,0.013500623399353867,WT_DM
Mier1,2,0.0035026269702276708,2,0.0035026269702276708,0,0.0,0.0,0.028177917709660442,WT_DM
Fyb,2,0.0035026269702276708,2,0.0035026269702276708,0,0.0,0.0,0.0016757820704540818,WT_DM
Mdn1,2,0.0035026269702276708,2,0.0035026269702276708,0,0.0,0.0,0.009652619466763645,WT_DM
Sfswap,2,0.0035026269702276708,2,0.0035026269702276708,0,0.0,0.0,0.004955604025361571,WT_DM
Adam22,2,0.0035026269702276708,2,0.0035026269702276708,0,0.0,0.0,0.03393481360415433,WT_DM
Wdpcp,2,0.0035026269702276708,2,0.0035026269702276708,0,0.0,0.0,0.015526606144961014,WT_DM
Nrip1,2,0.0035026269702276708,2,0.0035026269702276708,0,0.0,0.0,0.012312235284668535,WT_DM
Dera,1,0.0017513134851138354,1,0.0017513134851138354,0,0.0,0.0,0.006666239919071964,WT_DM
Pign,1,0.0017513134851138354,1,0.0017513134851138354,0,0.0,0.0,0.010463782768998248,WT_DM
Srl,1,0.0017513134851138354,1,0.0017513134851138354,0,0.0,0.0,0.0031702314807926938,WT_DM
Rsbn1,1,0.0017513134851138354,1,0.0017513134851138354,0,0.0,0.0,0.010667681331578888,WT_DM
Astn2,1,0.0017513134851138354,1,0.0017513134851138354,0,0.0,0.0,0.025674166172234114,WT_DM
Zbtb49,1,0.0017513134851138354,0,0.0,1,0.0017513134851138354,0.0,0.0011481150858505221,WT_DM
Tomm7,1,0.0017513134851138354,1,0.0017513134851138354,0,0.0,0.0,0.0013907763959678566,WT_DM
Asah1,1,0.0017513134851138354,1,0.0017513134851138354,0,0.0,0.0,0.004338266120642951,WT_DM
Ncbp2,1,0.0017513134851138354,1,0.0017513134851138354,0,0.0,0.0,0.00702039095726778,WT_DM
Ssr3,1,0.0017513134851138354,1,0.0017513134851138354,0,0.0,0.0,0.0031469236131630033,WT_DM
Gm12159,1,0.0017513134851138354,1,0.0017513134851138354,0,0.0,0.0,0.02083675480929078,WT_DM
Mipep,1,0.0017513134851138354,1,0.0017513134851138354,0,0.0,0.0,0.006565296794221493,WT_DM
Pou6f1,1,0.0017513134851138354,0,0.0,1,0.0017513134851138354,0.0,0.005793814785231791,WT_DM
Ints8,1,0.0017513134851138354,1,0.0017513134851138354,0,0.0,0.0,0.00595522210233453,WT_DM
Smg5,1,0.0017513134851138354,1,0.0017513134851138354,0,0.0,0.0,0.005372999180117704,WT_DM
Zfhx4,1,0.0017513134851138354,1,0.0017513134851138354,0,0.0,0.0,0.06515294128064791,WT_DM
Apobec1,1,0.0017513134851138354,1,0.0017513134851138354,0,0.0,0.0,0.002723857424938406,WT_DM
Prkg1,1,0.0017513134851138354,1,0.0017513134851138354,0,0.0,0.0,0.00542594970564907,WT_DM
Fhl5,1,0.0017513134851138354,1,0.0017513134851138354,0,0.0,0.0,0.019012596704107158,WT_DM
Pcbp3,1,0.0017513134851138354,1,0.0017513134851138354,0,0.0,0.0,0.008881594889545989,WT_DM
Cdh6,1,0.0017513134851138354,1,0.0017513134851138354,0,0.0,0.0,0.001225888954240257,WT_DM
Slc2a3,1,0.0017513134851138354,1,0.0017513134851138354,0,0.0,0.0,0.00130664160161054,WT_DM
Sfxn5,1,0.0017513134851138354,1,0.0017513134851138354,0,0.0,0.0,0.00020505963802712736,WT_DM
Pde3b,1,0.0017513134851138354,1,0.0017513134851138354,0,0.0,0.0,0.007458086827962781,WT_DM
Erbb4,1,0.0017513134851138354,1,0.0017513134851138354,0,0.0,0.0,0.007857059928755685,WT_DM
Ndufb5,1,0.0017513134851138354,1,0.0017513134851138354,0,0.0,0.0,0.0026047505308433214,WT_DM
Oprm1,1,0.0017513134851138354,1,0.0017513134851138354,0,0.0,0.0,0.0012582105011966884,WT_DM
Vamp4,1,0.0017513134851138354,1,0.0017513134851138354,0,0.0,0.0,0.02136340008575474,WT_DM
Scml4,1,0.0017513134851138354,1,0.0017513134851138354,0,0.0,0.0,0.003282869044431703,WT_DM
Eml5,1,0.0017513134851138354,1,0.0017513134851138354,0,0.0,0.0,0.0027200045984557973,WT_DM
Tab2,1,0.0017513134851138354,1,0.0017513134851138354,0,0.0,0.0,0.008517476423188662,WT_DM
Dicer1,1,0.0017513134851138354,1,0.0017513134851138354,0,0.0,0.0,0.006125342686557337,WT_DM
Homez,1,0.0017513134851138354,0,0.0,1,0.0017513134851138354,0.0,5.360213372491983e-06,WT_DM
Pcgf3,1,0.0017513134851138354,1,0.0017513134851138354,0,0.0,0.0,0.00620400014624771,WT_DM
Ror2,1,0.0017513134851138354,1,0.0017513134851138354,0,0.0,0.0,0.00611350306738229,WT_DM
Myo5a,1,0.0017513134851138354,1,0.0017513134851138354,0,0.0,0.0,0.0068136820643425935,WT_DM
D17H6S56E-5,1,0.0017513134851138354,1,0.0017513134851138354,0,0.0,0.0,0.0012046317744132194,WT_DM
Sipa1l1,1,0.0017513134851138354,1,0.0017513134851138354,0,0.0,0.0,0.0032367120353621217,WT_DM
Cyp7b1,1,0.0017513134851138354,1,0.0017513134851138354,0,0.0,0.0,0.0001926602480745785,WT_DM
Trappc8,1,0.0017513134851138354,1,0.0017513134851138354,0,0.0,0.0,0.011549495440267465,WT_DM
Shank3,1,0.0017513134851138354,1,0.0017513134851138354,0,0.0,0.0,0.0011204736157681132,WT_DM
Tnik,1,0.0017513134851138354,1,0.0017513134851138354,0,0.0,0.0,0.0006514907786363476,WT_DM
Asb7,1,0.0017513134851138354,1,0.0017513134851138354,0,0.0,0.0,0.010882806353615129,WT_DM
A830082K12Rik,1,0.0017513134851138354,1,0.0017513134851138354,0,0.0,0.0,0.002820975314773838,WT_DM
Minpp1,1,0.0017513134851138354,1,0.0017513134851138354,0,0.0,0.0,0.0063009987669968995,WT_DM
Pepd,1,0.0017513134851138354,1,0.0017513134851138354,0,0.0,0.0,0.002628072362050362,WT_DM
Psmf1,1,0.0017513134851138354,1,0.0017513134851138354,0,0.0,0.0,0.005632396117210694,WT_DM
Ctsb,1,0.0017513134851138354,1,0.0017513134851138354,0,0.0,0.0,0.002796562721483088,WT_DM
Cdk1,1,0.0017513134851138354,1,0.0017513134851138354,0,0.0,0.0,0.006601584829742307,WT_DM
Bcam,1,0.0017513134851138354,1,0.0017513134851138354,0,0.0,0.0,0.0036122050223656734,WT_DM
Oma1,1,0.0017513134851138354,1,0.0017513134851138354,0,0.0,0.0,0.004725090043433604,WT_DM
Impa1,1,0.0017513134851138354,1,0.0017513134851138354,0,0.0,0.0,0.0001832509093301161,WT_DM
Apbb3,1,0.0017513134851138354,1,0.0017513134851138354,0,0.0,0.0,0.004327967628001388,WT_DM
Pmpcb,1,0.0017513134851138354,1,0.0017513134851138354,0,0.0,0.0,0.0065532846863348435,WT_DM
Ap4e1,1,0.0017513134851138354,1,0.0017513134851138354,0,0.0,0.0,0.0035838486723350554,WT_DM
Mtx2,1,0.0017513134851138354,1,0.0017513134851138354,0,0.0,0.0,0.01175671751694375,WT_DM
Prdm2,1,0.0017513134851138354,1,0.0017513134851138354,0,0.0,0.0,0.005452677416983799,WT_DM
Fhl1,1,0.0017513134851138354,1,0.0017513134851138354,0,0.0,0.0,0.004672415297060536,WT_DM
Cd247,1,0.0017513134851138354,1,0.0017513134851138354,0,0.0,0.0,0.0004294767133295338,WT_DM
Tmem176a,1,0.0017513134851138354,1,0.0017513134851138354,0,0.0,0.0,0.00477287677123228,WT_DM
Eny2,1,0.0017513134851138354,1,0.0017513134851138354,0,0.0,0.0,0.004406259345831909,WT_DM
Clta,1,0.0017513134851138354,1,0.0017513134851138354,0,0.0,0.0,0.00271459548557983,WT_DM
Mid2,1,0.0017513134851138354,1,0.0017513134851138354,0,0.0,0.0,0.00135813891267026,WT_DM
Herpud2,1,0.0017513134851138354,1,0.0017513134851138354,0,0.0,0.0,0.020351193802346935,WT_DM
Gna11,1,0.0017513134851138354,1,0.0017513134851138354,0,0.0,0.0,0.0011695136405971429,WT_DM
Hoxa7,1,0.0017513134851138354,0,0.0,1,0.0017513134851138354,0.0,0.01436618421135765,WT_DM
Snrpb,1,0.0017513134851138354,1,0.0017513134851138354,0,0.0,0.0,0.02023601011517703,WT_DM
Ubl7,1,0.0017513134851138354,1,0.0017513134851138354,0,0.0,0.0,0.004181584567306956,WT_DM
Gpr180,1,0.0017513134851138354,1,0.0017513134851138354,0,0.0,0.0,0.012284137404403603,WT_DM
Traf3,1,0.0017513134851138354,1,0.0017513134851138354,0,0.0,0.0,0.008945950225220904,WT_DM
Eed,1,0.0017513134851138354,1,0.0017513134851138354,0,0.0,0.0,0.0003130458265816279,WT_DM
Lpcat3,1,0.0017513134851138354,1,0.0017513134851138354,0,0.0,0.0,0.00647666338415576,WT_DM
Fam111a,1,0.0017513134851138354,1,0.0017513134851138354,0,0.0,0.0,0.02007154249402362,WT_DM
Zfp2,1,0.0017513134851138354,1,0.0017513134851138354,0,0.0,0.0,0.008304822156422226,WT_DM
St3gal6,1,0.0017513134851138354,1,0.0017513134851138354,0,0.0,0.0,0.006893576768172582,WT_DM
Rnf114,1,0.0017513134851138354,1,0.0017513134851138354,0,0.0,0.0,0.00416270866593648,WT_DM
Lox,1,0.0017513134851138354,1,0.0017513134851138354,0,0.0,0.0,0.002856829833445042,WT_DM
Fbxo21,1,0.0017513134851138354,1,0.0017513134851138354,0,0.0,0.0,0.026146806055994155,WT_DM
Ntm,1,0.0017513134851138354,1,0.0017513134851138354,0,0.0,0.0,0.007439931089063439,WT_DM
Gpkow,1,0.0017513134851138354,1,0.0017513134851138354,0,0.0,0.0,0.0012782381939050198,WT_DM
Mamld1,1,0.0017513134851138354,1,0.0017513134851138354,0,0.0,0.0,0.007519543698563412,WT_DM
Sema6d,1,0.0017513134851138354,1,0.0017513134851138354,0,0.0,0.0,0.0040066446521065105,WT_DM
Sox4,1,0.0017513134851138354,0,0.0,1,0.0017513134851138354,0.0,0.006271143479113057,WT_DM
Col8a1,1,0.0017513134851138354,1,0.0017513134851138354,0,0.0,0.0,0.005191228161918535,WT_DM
Grip1,1,0.0017513134851138354,1,0.0017513134851138354,0,0.0,0.0,0.008306471454746169,WT_DM
Mgat5,1,0.0017513134851138354,1,0.0017513134851138354,0,0.0,0.0,0.005230471150696097,WT_DM
Sulf1,1,0.0017513134851138354,1,0.0017513134851138354,0,0.0,0.0,0.00539443136568578,WT_DM
Cggbp1,1,0.0017513134851138354,1,0.0017513134851138354,0,0.0,0.0,0.006870692515277201,WT_DM
Abhd10,1,0.0017513134851138354,1,0.0017513134851138354,0,0.0,0.0,0.0061077388119792205,WT_DM
Rdh5,1,0.0017513134851138354,1,0.0017513134851138354,0,0.0,0.0,0.00030121327706109135,WT_DM
Vapb,1,0.0017513134851138354,1,0.0017513134851138354,0,0.0,0.0,0.007371674662545978,WT_DM
Apc,1,0.0017513134851138354,1,0.0017513134851138354,0,0.0,0.0,0.00015486471896086827,WT_DM
Nvl,1,0.0017513134851138354,1,0.0017513134851138354,0,0.0,0.0,0.007826852700225387,WT_DM
Sned1,1,0.0017513134851138354,1,0.0017513134851138354,0,0.0,0.0,0.006143196202493933,WT_DM
Tnfaip8,1,0.0017513134851138354,1,0.0017513134851138354,0,0.0,0.0,0.009982790419121057,WT_DM
Tlr4,1,0.0017513134851138354,1,0.0017513134851138354,0,0.0,0.0,0.0042308556789890745,WT_DM
Rab18,1,0.0017513134851138354,1,0.0017513134851138354,0,0.0,0.0,0.010814649741938376,WT_DM
Ly6d,1,0.0017513134851138354,1,0.0017513134851138354,0,0.0,0.0,0.007985436727916557,WT_DM
Csnk2a2,1,0.0017513134851138354,1,0.0017513134851138354,0,0.0,0.0,0.005610402924750164,WT_DM
Tshz3,1,0.0017513134851138354,1,0.0017513134851138354,0,0.0,0.0,0.015085083209959051,WT_DM
Nlrc5,1,0.0017513134851138354,1,0.0017513134851138354,0,0.0,0.0,0.0016211813917420062,WT_DM
Dcbld2,1,0.0017513134851138354,1,0.0017513134851138354,0,0.0,0.0,0.010026420899473087,WT_DM
Anks1b,1,0.0017513134851138354,1,0.0017513134851138354,0,0.0,0.0,0.0051191181609194876,WT_DM
Agpat3,1,0.0017513134851138354,1,0.0017513134851138354,0,0.0,0.0,0.005169735005700639,WT_DM
Sdc3,1,0.0017513134851138354,1,0.0017513134851138354,0,0.0,0.0,0.005199999664341262,WT_DM
Myo9a,1,0.0017513134851138354,1,0.0017513134851138354,0,0.0,0.0,0.02731433419476546,WT_DM
Mecr,1,0.0017513134851138354,1,0.0017513134851138354,0,0.0,0.0,0.005963682702601175,WT_DM
Ppid,1,0.0017513134851138354,1,0.0017513134851138354,0,0.0,0.0,0.0034636204755579287,WT_DM
Cog1,1,0.0017513134851138354,1,0.0017513134851138354,0,0.0,0.0,0.032316350275415254,WT_DM
Rhoq,1,0.0017513134851138354,1,0.0017513134851138354,0,0.0,0.0,0.007206170937601535,WT_DM
Rbm33,1,0.0017513134851138354,1,0.0017513134851138354,0,0.0,0.0,0.005676176963385578,WT_DM
Hmgb1,1,0.0017513134851138354,1,0.0017513134851138354,0,0.0,0.0,0.008253322171292756,WT_DM
Pknox2,1,0.0017513134851138354,0,0.0,1,0.0017513134851138354,0.0,0.0036769268090355396,WT_DM
Scyl3,1,0.0017513134851138354,1,0.0017513134851138354,0,0.0,0.0,0.024504656874534493,WT_DM
Xpo1,1,0.0017513134851138354,1,0.0017513134851138354,0,0.0,0.0,0.009789321204726082,WT_DM
Il6st,1,0.0017513134851138354,1,0.0017513134851138354,0,0.0,0.0,0.009190807665235366,WT_DM
Apaf1,1,0.0017513134851138354,1,0.0017513134851138354,0,0.0,0.0,0.014870784849647966,WT_DM
Paip2,1,0.0017513134851138354,1,0.0017513134851138354,0,0.0,0.0,0.005348555282271565,WT_DM
Elmod2,1,0.0017513134851138354,1,0.0017513134851138354,0,0.0,0.0,0.002440046074210953,WT_DM
Eml3,1,0.0017513134851138354,1,0.0017513134851138354,0,0.0,0.0,0.0077455982652899396,WT_DM
Coro7,1,0.0017513134851138354,1,0.0017513134851138354,0,0.0,0.0,0.01040868059160035,WT_DM
Ptk2b,1,0.0017513134851138354,1,0.0017513134851138354,0,0.0,0.0,0.001376368835815805,WT_DM
Ap3s2,1,0.0017513134851138354,1,0.0017513134851138354,0,0.0,0.0,0.00820784310052897,WT_DM
Nek1,1,0.0017513134851138354,1,0.0017513134851138354,0,0.0,0.0,0.0046500525470684175,WT_DM
Iars2,1,0.0017513134851138354,1,0.0017513134851138354,0,0.0,0.0,0.0036050539040220564,WT_DM
Fhod1,1,0.0017513134851138354,1,0.0017513134851138354,0,0.0,0.0,0.026635429107136697,WT_DM
Tmem168,1,0.0017513134851138354,1,0.0017513134851138354,0,0.0,0.0,0.026527229861823192,WT_DM
Parp11,1,0.0017513134851138354,1,0.0017513134851138354,0,0.0,0.0,0.007808492546958182,WT_DM
Pck1,1,0.0017513134851138354,1,0.0017513134851138354,0,0.0,0.0,0.011479218099176448,WT_DM
Fech,1,0.0017513134851138354,1,0.0017513134851138354,0,0.0,0.0,0.002273193181690469,WT_DM
Acad8,1,0.0017513134851138354,1,0.0017513134851138354,0,0.0,0.0,0.007344222134815352,WT_DM
Senp2,1,0.0017513134851138354,1,0.0017513134851138354,0,0.0,0.0,0.0012359319572823756,WT_DM
Rab23,1,0.0017513134851138354,1,0.0017513134851138354,0,0.0,0.0,0.0031709483316919368,WT_DM
Cd84,1,0.0017513134851138354,1,0.0017513134851138354,0,0.0,0.0,0.001322514549843685,WT_DM
Zyg11b,1,0.0017513134851138354,1,0.0017513134851138354,0,0.0,0.0,0.007362549462768644,WT_DM
Ric8b,1,0.0017513134851138354,1,0.0017513134851138354,0,0.0,0.0,0.0011718404783958403,WT_DM
Fbxl3,1,0.0017513134851138354,1,0.0017513134851138354,0,0.0,0.0,0.00497741212403062,WT_DM
Golga1,1,0.0017513134851138354,1,0.0017513134851138354,0,0.0,0.0,0.004762376264163521,WT_DM
Ppib,1,0.0017513134851138354,1,0.0017513134851138354,0,0.0,0.0,0.008889473459722954,WT_DM
Nadk,1,0.0017513134851138354,1,0.0017513134851138354,0,0.0,0.0,0.0005690647056021882,WT_DM
Rmnd5a,1,0.0017513134851138354,1,0.0017513134851138354,0,0.0,0.0,0.0001444393177882691,WT_DM
Rps8,1,0.0017513134851138354,1,0.0017513134851138354,0,0.0,0.0,0.005663875657411397,WT_DM
St3gal3,1,0.0017513134851138354,1,0.0017513134851138354,0,0.0,0.0,0.014084857457561774,WT_DM
Tm2d1,1,0.0017513134851138354,1,0.0017513134851138354,0,0.0,0.0,0.007409469486925513,WT_DM
Slc23a2,1,0.0017513134851138354,1,0.0017513134851138354,0,0.0,0.0,0.00654737468866127,WT_DM
H3f3a,1,0.0017513134851138354,1,0.0017513134851138354,0,0.0,0.0,0.03329414208589011,WT_DM
Fst,1,0.0017513134851138354,1,0.0017513134851138354,0,0.0,0.0,0.011247944469614865,WT_DM
Jph1,1,0.0017513134851138354,1,0.0017513134851138354,0,0.0,0.0,0.009640237285491177,WT_DM
Pecam1,1,0.0017513134851138354,1,0.0017513134851138354,0,0.0,0.0,0.0006343866566844967,WT_DM
Kcnt2,1,0.0017513134851138354,1,0.0017513134851138354,0,0.0,0.0,0.0036693895441502807,WT_DM
Itgav,1,0.0017513134851138354,1,0.0017513134851138354,0,0.0,0.0,0.006665675491180301,WT_DM
Satb2,1,0.0017513134851138354,1,0.0017513134851138354,0,0.0,0.0,0.0077806215351221225,WT_DM
Dmbt1,1,0.0017513134851138354,1,0.0017513134851138354,0,0.0,0.0,0.0037815688918609786,WT_DM
Gna14,1,0.0017513134851138354,1,0.0017513134851138354,0,0.0,0.0,0.0018999090928242485,WT_DM
Col1a2,1,0.0017513134851138354,1,0.0017513134851138354,0,0.0,0.0,0.014062814507504373,WT_DM
Exoc3,1,0.0017513134851138354,1,0.0017513134851138354,0,0.0,0.0,0.00655841925199491,WT_DM
Klhl24,1,0.0017513134851138354,1,0.0017513134851138354,0,0.0,0.0,0.0012676506947017223,WT_DM
Ap4s1,1,0.0017513134851138354,1,0.0017513134851138354,0,0.0,0.0,0.006625201974337167,WT_DM
Fbn1,1,0.0017513134851138354,1,0.0017513134851138354,0,0.0,0.0,0.023043659563131223,WT_DM
Mtss1,1,0.0017513134851138354,1,0.0017513134851138354,0,0.0,0.0,0.002318855831216105,WT_DM
