regulon,Basal,LP_Cycling,LP_Others,LP_Others!,Mature_Luminal
2610021A01Rik(+),-2.950697793233848,-0.9078484245021491,-1.8919048089692267,1.9222221216924869,-0.6659864492201427
Ahdc1(+),-3.8565781842895692,-1.8061273019552526,-3.2809323903969965,-2.9524056257616125,-1.5619203434811721
Ahr(+),-7.981133340627968,-3.002147844878435,-13.811503016605354,-2.158871343495593,-3.336996226897605
Alx1(+),-0.09130280646360966,1.790223810524,0.5352385811748293,2.674898214245595,1.0596477566962723
Alx4(+),-4.029637557672946,-0.9136697965329986,7.896391743221824,-0.04674393345371463,-2.4160155856740433
Ar(+),-3.406239191335646,0.4900536706022943,-5.627848789946877,-1.301468704574794,-8.942908886989601
Arid3a(+),-2.8417871612053065,-0.32707762067842266,-0.2952887353013057,-0.20877939761098685,1.2325324156544442
Arid5b(+),4.843247570544926,2.302575763254437,0.9285463875469961,0.7463035717340702,-0.6919356483028302
Arnt(+),-3.3683509616511658,-0.2598272654969046,-3.326918702820385,-1.0090627554393954,0.8758222668333652
Arntl(+),1.4262231193370662,-0.5188619195152321,1.600564438203731,0.0,-1.3129811712029291
Ascl1(+),2.7775176692362153,1.169019508950826,2.66551504542169,1.7582560054168623,-1.7286703766489486
Ascl2(+),0.416289384214605,-1.014867204713314,-2.64578249194336,1.1602150453092344,-0.46820346458363826
Atf1(+),-1.8711698719215881,-0.5229287811655113,-2.229022034338468,1.1461507490672274,1.9407354234713663
Atf2(+),-4.325844964522123,-0.7114839727129987,-3.2773634976111725,0.11877388834698474,-3.326116167377057
Atf3(+),-1.390723775036283,-0.6878231387399182,-0.7658630286335824,1.0709054582913378,-0.9907936812682249
Atf4(+),-2.952442583270066,-1.7274989439071773,-5.006816973599311,-0.32723502638152757,-14.521454975803122
Atf5(+),1.323820432537247,0.672075948387075,0.6281385123372665,1.315852195322531,3.115892376341674
Atf7(+),-1.5819001341964054,0.03999876003624392,0.6989465842954318,-0.5143208278752316,10.22132443922217
Bach1(+),-1.2624288089484754,-0.6724755623919292,2.1690907378878883,1.0676351221163418,-4.597774861221816
Bach2(+),4.851404695469801,3.7062910428218894,9.332852858975622,2.09061569593287,-1.9328691875412913
Barhl1(+),0.892991484053736,-0.41142833061891343,2.7476541501669782,1.1793743109544401,0.6480138718349545
Batf(+),4.005029991071459,0.6226825294563311,-2.650209929894533,-0.8581203295163127,3.5083516893428968
Bcl11a(+),0.7555211734150666,1.7603579024521228,3.4394194056359777,-0.18106292723653913,-0.12369248455848716
Bcl6(+),1.4189628141109536,0.016572142609047366,1.0165753485562585,-1.2747123874807125,-7.032153353225775
Bcl6b(+),-1.2488195427605062,0.4904021436367282,4.252493848220388,1.805063730266617,-0.09573745300084603
Bclaf1(+),3.2532385971698887,0.07661713462890493,1.0344888004748205,-0.22275517391975588,2.1885819931518884
Bhlhe40(+),0.9197886704198457,0.2698895802458595,0.8805898318919045,-1.0270264703275747,2.831753287014553
Bptf(+),1.5689731426853029,1.1589011431766083,-0.44886050740848416,0.18332108950694315,-0.6882624795866742
Brca1(+),-4.891118134054605,-3.012323565745571,-6.921443776836292,-2.2060909212275543,-5.577198966986491
Brf1(+),1.5650329202178008,0.6821046401640931,7.573689518392396,2.679546081283951,-2.514300722733661
Cebpa(+),-1.4655355040683666,0.9817348846519852,-0.3302449870825205,0.31096062156023524,-2.763962802771608
Cebpb(+),-8.16274089809209,-3.5053786772258846,-8.944156254558344,-0.8046122537136591,-6.040958069795141
Cebpd(+),-6.202639375332705,-3.139478213129022,-8.665853247622508,0.16153353965406458,-5.621904992018349
Cebpg(+),-3.785713235898725,-1.5489511872940982,-2.029877728433095,-0.6102725643953196,-9.313274244240695
Cers3(+),3.618259766013505,0.9415684507282039,0.541103797377172,-0.4637632382823477,-2.0183642655843936
Chd1(+),0.00134937453209872,-3.2707109700234325,-2.4971236641261085,-1.5533177050198692,7.128374711680897
Churc1(+),-1.6963316422210342,-0.25456575829826533,6.537545004453497,1.2391959960811265,-11.449194813042995
Clock(+),1.6872749887139948,0.11189731656969712,0.29352994748943906,0.0037245638171085503,-4.887186479457249
Creb1(+),5.417142017053796,-1.0963245800510273,-0.12406103777691425,-0.49463434715089083,1.693091268944556
Creb3l2(+),0.06791377440709807,1.8318556808923336,-1.1637461162843075,-1.2515791545555621,-2.532682743134066
Creb3l4(+),-0.7817190584430604,-0.24258982997954298,-3.232026989545658,-0.7258005688743433,-6.815555534155145
Crem(+),-1.6622817441317843,2.009966320373399,2.5483613120497384,-0.3821444198751698,-5.13846278218909
Cux1(+),-0.526855800117928,0.5818391055011695,-2.2052770161211646,-2.2786412128250637,-1.1882005777130955
Dbp(+),6.935579102623841,0.4008214217570531,1.3432198862577585,0.5288980299434731,1.5207198350116344
Dbx2(+),-2.8738606222939147,-0.057757114794432435,3.9448861947173817,-0.35001318797880854,0.10281646193791515
Ddit3(+),-5.249837332269406,-0.5188619195152325,-0.7603002546530883,1.3280197150781934,0.6686925343334768
Dlx1(+),2.2296397442005227,-1.5610405127332123,-1.8380448518587116,0.7151594493670005,-1.513876610845429
Dlx3(+),0.14924070369822712,-0.5927273217778991,0.5548514726468391,0.48799803856262525,-0.880102685448607
Dlx4(+),1.9974157614278534,-0.6203521899225048,-0.22775175939320177,0.5254733349536449,4.4034405406328245
Dlx5(+),-2.7061294003021588,-2.082633902811182,-3.4440461541780145,-2.0308990465358523,-2.6166601298971424
Dmrta2(+),-8.173452246369106,-1.7054900696844526,-8.758097020417358,-2.07392319633215,-1.9225260707847533
E2f1(+),-9.591042301410877,-4.332248880686194,-17.55154201632701,-5.132943738591204,-8.952227756685994
E2f2(+),-4.2006550331360435,-2.0383340089617015,-5.248248228557561,-1.3132894206640424,-4.495025177607762
E2f3(+),-9.0430615207338,-2.7878314334838046,-8.794645726735947,-1.731252546046935,-7.033233450752171
E2f4(+),-4.512690254238139,-1.3649676337397998,-3.048549844197742,2.0943176937714756,-7.012056011987582
E2f6(+),-3.204397902011974,-1.1273502006473735,-1.4672759268559943,0.5840545141065973,-1.619824538831136
E2f7(+),-5.79519479013537,-1.3900119487210676,-8.26439489125282,-1.1544992153930644,-4.648182637403835
E2f8(+),-3.209884040494322,1.055737444816995,6.071201973837076,1.5550634982759284,-4.344916403305985
Ebf1(+),13.529234881381669,1.6494146442529245,3.8154312531365835,0.5158327876307298,0.2623943331405897
Ebf3(+),0.22192325754288045,0.3217004343959839,-0.6472512849918765,-0.8543169605696009,-1.0303354391713115
Egr2(+),2.009901545945984,1.1044069150097682,5.279383193763261,0.7648683038901465,-2.3626239386223
Elf1(+),-3.388108861209306,-1.263372631899093,-6.771438626636036,-3.035295735363709,5.179384422097034
Elf2(+),-1.4675256581043838,-0.13126086173504617,-0.5560942061169833,0.1463134177787144,6.603184171476318
Elf3(+),0.008129701584849878,-1.2494696422390574,3.579200938233232,-1.3765673742686713,0.7005301351166251
Elf4(+),-2.770856246317689,-0.007283859732705817,-6.422424292828213,0.7584844852178932,-5.597144603486068
Elk1(+),-1.5152511699571474,-0.6944332650748399,-0.6493859006322575,-1.1354706931699832,-2.519219788985661
Elk3(+),-3.248077997113537,-0.2504903384027237,-6.983078219592167,-0.863638611184007,-2.6314068880341033
Elk4(+),-2.544803084287735,0.4895341806676751,1.4109963848371885,0.21842240606385027,-5.144395329308166
Emx2(+),-6.261168181403354,1.7225680119572957,-2.7806375516517448,2.871853856993275,-2.991308287776537
En1(+),5.732488608636099,3.492857372921256,6.768335462888711,3.505372946378727,0.2625421946907124
En2(+),2.7297839433796236,-0.26313388336048965,-1.8026923737874472,1.2603966113176774,-2.4910923669800873
Eomes(+),-1.211769743203272,-0.2853362648009197,3.18083706083914,1.9942651335914219,-2.635231317573783
Ep300(+),1.4051949927857659,0.379379183401397,-0.38583064431384234,-0.8155512258600449,7.391495428991074
Erf(+),-8.536626798986163,-0.8032275313162734,-1.576626078737416,-1.7888009604790538,-3.199281964293251
Erg(+),-3.487391079335658,-1.1836743673953525,-2.037355788506697,-0.6536433702759559,-3.198606308471233
Esrra(+),-1.1787375221964294,0.5141142711538376,3.5740198315044074,2.7428025459771743,-1.7526782868268798
Ets1(+),-2.229880089267612,0.7409339182765757,2.4022440438562525,1.6164040752344087,-3.143189574628508
Ets2(+),-0.6508910238592763,-1.1824961288112834,-2.2426310976152894,-1.5592022233346488,-3.526981997603304
Etv1(+),6.651936092248497,1.2830903745580295,5.112186378277853,1.2583646911483717,1.654661153530732
Etv3(+),-2.498339653958672,-0.6274216075576431,0.04682009902306973,0.36008266772650743,-3.1427017274385936
Etv4(+),-3.360282358773086,-0.2728361300557645,0.17563321664307216,-1.4261105364414997,-1.8549734148523722
Etv5(+),-18.03557694130825,0.06356481159592917,-8.054535634195298,-1.0122148557792132,-2.9120283770983417
Fli1(+),-2.2542270412871415,1.1643297895700295,0.3943234210386936,1.785907146033313,-3.3355353394825076
Fos(+),-3.7255183940833994,-0.8846397364095809,-1.9019283058863476,-0.31004645816036086,0.5831218917862685
Fosb(+),-1.4540637649450872,-0.9893184406159501,-2.634739651039685,-0.7449186271509262,-8.933425893715684
Fosl1(+),-0.522896926635,1.8461183087197575,-0.004665904369328945,-0.5513526626093563,0.868201951634938
Fosl2(+),3.5016634063917067,0.039001488707233495,-0.5511006567263557,-0.9035457425811668,-1.6393426958678436
Foxa1(+),2.0658399197613466,-0.2846845462722121,5.515903472513633,0.6199214172980899,5.967762427153444
Foxa2(+),-4.9370053865301395,-0.6268810984294387,-2.077668015545523,-1.3661336975451739,-2.651636197546392
Foxa3(+),-3.6729668265735893,-1.0368159699641872,1.198790657003762,-1.4324597112914108,-1.1980445641341555
Foxd2(+),-2.23490658725578,-0.735891209982336,0.10536909960863178,0.0,-1.5438340208411054
Foxi1(+),0.31182260553392227,-0.7245131157289147,0.10312375899922287,1.1469343232301394,-1.7998552368796528
Foxj2(+),1.9072887361083894,-0.530317193451599,-1.0092317174290772,0.8145502836281073,-3.909011240439282
Foxm1(+),-3.7293590376613133,0.64754929767897,-5.746570756510823,0.5678412295826426,-4.124818379348887
Foxn1(+),-1.2983866146088654,-0.7943109863480926,-1.2930660151868067,0.0,0.8458167241939463
Foxo1(+),-0.5196427450704828,1.5099722765699533,0.8268528564968112,0.8850092864875782,-4.577280414996316
Foxo3(+),-2.0160278447609787,-1.0580380738941852,-2.193832504851822,-0.7065965621569043,0.10865827057292046
Foxo4(+),0.9753316768348945,-0.5188619195152321,-0.9837145595687855,0.0,-5.045271722393514
Foxp1(+),4.23482451084222,3.3929263546496604,6.487407834366539,1.2080006186547507,7.5717837731939515
Gabpa(+),-3.327250912209948,0.08463358242094779,-3.1507649666976394,-2.2117483471030925,-0.9619563563580754
Gabpb1(+),1.2218137704355254,3.4626113020084506,-0.3869910244935021,2.9075853679131027,-0.28109130836177215
Gata1(+),0.2833613255458429,0.26856054280345626,2.1889767114176313,3.2096949464816658,0.7329392242944979
Gata2(+),-0.5523453218173887,1.2510980302367285,10.604580829928745,3.059758763592243,-3.6021719444197164
Gata3(+),3.5435168633151197,-0.8457848150562729,2.1982896190545853,-1.2174107001613688,14.52526576741825
Gata4(+),-0.05335706425859394,0.07094509634617338,7.1115748395379095,0.1023056516991469,-0.3416037839877063
Gata6(+),1.1773650715151625,-1.4484284242042267,2.690275318824828,-0.5943703627546476,-0.2125654565180441
Gatad1(+),-13.473263286293935,-4.384378872016355,-11.03288155059644,-2.2907283082435237,-9.43743533936313
Gbx1(+),-1.6094126936441433,0.39359307198861043,-1.2708594513043985,-0.9731047254494792,-11.410295686281216
Gcm1(+),0.2500175348495709,-1.299515622814747,-2.8232890768849592,-0.15660841801289882,-2.401129634987053
Gfi1(+),-1.6282012926167657,-0.9236148467016169,-0.005751721196185543,1.118193059289958,-2.617258870846127
Gli2(+),-2.9714529031678456,0.21315782356433666,3.648541091540112,1.7212563457411505,-1.083791312893135
Glis2(+),0.9884835800061784,-0.8536280316832799,-1.3181376137127587,-0.9337719395418818,-4.56837996427532
Gm21411(+),0.2049241470700442,-1.0983143579480923,0.6827047863921227,-0.6572045185979933,-21.35597336774609
Gtf2f1(+),-2.6966401374327735,1.4618986295916674,-2.3213990519365115,-0.9723213064613581,-12.191383977917585
Gtf2ird1(+),5.677613860283598,2.6647887137880097,-2.58145373058608,-0.8810051077497701,0.301298525670391
Hbp1(+),-2.2109849632374075,-1.5168173216726504,-1.8746047410652753,-0.8007869049371549,-2.287546585687971
Hdac2(+),-1.0044132740687146,0.4435263582829294,-4.17458394236253,0.2519231849450466,-16.46625501525427
Hey2(+),-0.507302890481384,1.842270762188625,2.7580995573219274,0.8963288939346976,-1.6646387621943741
Hic1(+),-2.0078302072469025,1.8413776673338231,-0.48428218878879337,-0.8105865789191994,-0.022953607867900804
Hif1a(+),-1.924130822229874,-0.7589176633890209,-2.103562954964221,0.22121330716793197,-2.0917813982277296
Hltf(+),-1.5267841409668095,0.46698745214544585,1.180715973928043,0.27705446678422263,-1.9126557205587869
Hlx(+),1.8600491542632247,-0.42727703805777056,1.3035239238781229,0.9576910454839475,0.6771629578635286
Hmbox1(+),0.6905589696231759,-0.14799850425415653,-0.10303401227628085,-1.0463407860514369,0.39829733687178315
Hmga1b(+),2.867609756593329,0.2935859730463872,4.040358775635261,-0.17376762523010186,-3.981139801726173
Hmga2(+),-2.3022665430140403,-1.904913163862728,-6.13084440080278,-0.536743638885529,-2.0342810691448205
Hnf1a(+),-2.836188136574527,1.5250862498091984,1.5879664769567894,0.4012220683876651,-2.4299728576768556
Hnf1b(+),2.5212779876122533,-0.9291690757903167,-0.02111318323312079,-0.6792482125944734,0.6915006249180067
Hnf4a(+),-0.007464881678661839,-1.0838643091733684,-0.574482044173293,0.9422962896056681,0.7800171122029979
Hnf4g(+),-2.1682153357887244,0.26540813810787156,-2.2849320348797715,-0.5410342100773072,-2.761151715897879
Hoxa1(+),-4.5632020502134525,-0.15662449297153774,6.522673431565986,2.6842150030659817,-2.0981512679913323
Hoxa10(+),6.635663567337747,1.5785478183443127,4.010469185364079,1.098939200982561,0.35583890078841107
Hoxa2(+),-0.6964834528643189,-0.24301088782576213,-0.11243012895844233,-0.307790755678052,-0.8206473402462598
Hoxa4(+),-3.5122518968685976,-0.8019091146992895,-9.445089280916312,-1.5253383057346277,-3.283322482561982
Hoxa5(+),-2.3748127045110894,0.8544712072958719,-1.923068533154723,0.19625242216975572,-4.7582986925271875
Hoxa6(+),4.42404181869042,2.286498842206608,0.7423721981500121,1.8483906796509715,0.06695434769983351
Hoxa7(+),2.011657996660798,-1.4967170507951146,1.7286228659954104,0.13458801237738074,-2.867313382638411
Hoxa9(+),3.2037696508677445,3.078866393853482,3.4000181528801168,1.7510078318872322,0.15986778123608772
Hoxb2(+),1.0590985969646407,0.36684817263781405,-1.1134231604201208,-0.9148814281851725,-9.69479280352625
Hoxb3(+),-1.811525677236868,0.5338721365941521,-2.035228802481766,-0.08941571717731668,0.8694636650279485
Hoxb4(+),4.124360404790148,-0.8676673254688934,10.91590688043467,1.673803091601827,-3.7716762194248994
Hoxb5(+),-0.39367321600524446,-1.541152376862652,-2.0202099143187695,-0.5008482151635211,-0.3320640545811297
Hoxb7(+),-2.403377298643219,-0.38190263448361184,-5.649714547773891,-1.5584934247056834,0.28175370817328577
Hoxb9(+),1.564398792325661,-0.728454968638291,1.036108606248792,0.0,1.1028972987981605
Hoxc4(+),-1.4546428927414747,-1.2270410154430993,-1.2759431476876402,-0.4102841767790073,-2.875836920645085
Hoxc6(+),-3.6607101143051652,0.29989475835853013,0.12637709574236622,-1.3313898497130332,-2.999992375426514
Hoxc8(+),-2.3399640242497513,1.0053074847375987,-2.3696975964437423,0.49587792632499966,1.5750724840236454
Hoxd10(+),-2.470464815597418,1.2946691846211857,1.2606994410624726,0.02689979625273989,-2.0250175628861147
Hoxd3(+),-1.664268123986195,-0.6394859595904694,-0.8726195351547422,-0.7095920845989666,-1.65017485352778
Hoxd4(+),-0.98428261756671,-1.1050773912050356,-0.5113679120157837,-1.0630593128448595,0.13570743781797254
Hoxd8(+),0.8936629332929563,1.711826289502287,-2.766714491044802,0.206452673673055,-4.372849339405312
Hsf1(+),-12.375240133745876,-2.1938623263401986,-6.757767168700279,-2.7682937856583587,-2.371412501427751
Ikzf1(+),-1.4361424754066114,1.2964864626358235,0.9608517759378021,2.257809036520282,-3.389091678017276
Ikzf2(+),1.813469502119591,-0.3051387682320559,-3.6468013928225136,-1.2230538936242163,-5.969063995429769
Ikzf3(+),-2.3502108225876195,1.4318700106313844,-0.15587601375317542,1.834825021876631,-3.2612337664135116
Ikzf5(+),-1.707525419146331,-0.4136410184019187,-1.2157559793667316,0.5459477147971344,-2.2870629077673743
Ilf2(+),-1.2778628401253784,-0.5258702953887565,-0.8847483808277307,-1.0660376756480643,1.8837026028096822
Ing4(+),-0.4902575589818285,-0.8942573752785352,-0.10091940860764027,1.0859108237690414,-1.3957295863832182
Irf1(+),1.7721695707717924,1.2869916873661655,-0.5752372371550655,0.9656127253976926,-3.9273754837982713
Irf2(+),-4.764717498787118,0.2233589705595624,-7.68475223045543,-0.584127321639186,-2.6187014550786167
Irf4(+),-0.7908175123386094,1.3458861832052809,-1.5582178348698794,-0.024823580276976186,-4.162460979668636
Irf5(+),-3.172003257136638,0.5591248136180389,-1.752035186446339,1.832248495284577,-2.4812346411347237
Irf6(+),5.5114680233364,1.3394589547186087,-4.947104476265762,-0.7421739744527188,-27.43236660611558
Irf7(+),-4.3338338860151016,-0.7919414519054019,-3.8732908094557406,-1.606420134814206,6.838351951013329
Irf8(+),7.540971542996752,3.291149467037175,3.074206287356831,0.9691392494084581,-0.9114487394178867
Irx4(+),6.930433797984372,2.7312750698796915,-2.943187263772666,0.04727134021205358,-1.4876582092806288
Jdp2(+),-0.8793975585049423,0.5426183439348375,-0.14378443196489518,0.13532157393107638,-1.0949220682150305
Jun(+),1.1500559393552683,0.16699573882400676,-2.630822457866271,-2.489860382171409,-1.7675060307260466
Junb(+),-7.6579154790875,-2.909249600431825,-8.990015021758653,-0.585778750018065,-6.220561149934189
Jund(+),-3.4247814359845976,-2.8858137253243807,0.5265719801757147,-0.2519732825173778,-6.26929527773038
Klf13(+),-5.749423358634233,1.2346264246295788,-2.8739997017385988,-1.317246987980495,-6.226188466235866
Klf15(+),-1.3491240748131015,3.0143736882760956,-1.4588862384866017,0.5981939622670175,-0.243879840712582
Klf2(+),-2.4433653628385925,-0.2834778760954655,-2.5301032745367187,-0.10222687478481186,-1.8069423059556369
Klf4(+),-4.624213322357304,-2.0741918798211634,-3.8171908387736844,1.2060349261380843,-3.5421315647237024
Klf9(+),1.3356894657711602,0.7945834934827943,5.066550015153592,2.4468038408873487,-1.6111293797881014
Kmt2b(+),-0.004571313630848512,1.088678169799748,-0.09067796332259581,0.25043243565401097,-1.1869750374127714
Lbx2(+),0.8495852919302518,0.5111751165726544,-1.584137712049919,0.2977804562076901,-1.3052116942777168
Lef1(+),-2.725308679182577,0.5331686420079981,0.7792851696068986,1.8423057326467327,-2.990181341001944
Lhx4(+),-0.5405618711830539,-0.8599937348726464,0.07549192854503975,0.0,1.1540013759765544
Lhx8(+),7.809283808799336,0.9784724041122047,2.6314330825694263,2.0181050785351493,0.07008155607162785
Lmx1a(+),0.47193751017062024,-0.5469160430765134,-0.05652833927752784,-0.6526841335524057,-2.0823437156341167
Ltf(+),2.2921343527232634,-2.513561177669797,3.6647768482853205,0.99102202595969,-2.2302159350957025
Lyl1(+),-0.1933641205435399,-1.1584859592750618,0.3183201551110757,-0.17275866045685928,0.3346448501938574
Maf(+),-3.9573043330897617,0.7561562173778055,-0.5711573110905901,-1.841107613583467,-3.6175156510434126
Mafa(+),2.142788594733955,2.280688631251198,0.8288373729753366,-1.066895681219206,-0.5282016345090882
Mafb(+),0.33008049371228565,-0.7786750249148627,-3.5444079514105957,-1.4445833096723464,0.9171463258560505
Maff(+),-1.7401197429454334,0.37796862713739443,0.4783300027662136,0.6467926066509684,0.9306100790905707
Mafg(+),-3.542203569256189,-0.2539933360588979,-1.1697242140158572,-0.49570838506194154,-1.0213346403244017
Mafk(+),0.06277703348449695,-1.2527568110853837,-5.111840083796222,0.3383620912297089,-10.186862265355671
Max(+),0.6241713889317236,1.9154478836407351,-0.054136166975922544,2.1175621973529206,-1.0215997762862095
Mbd1(+),-0.09874084184351561,-0.5755673670336752,1.9048922535677248,1.1243803393327372,-0.3691389178061394
Mef2c(+),5.566232427854279,4.852290570981126,-3.4186054517112128,0.48799049295037383,-1.359455709921214
Meis3(+),0.9421781422616895,-0.5932536055194916,-0.10696099694123458,-1.8908522495261113,-1.6818882849962538
Meox1(+),-4.064633963471245,-0.34893928027651394,-0.24130269923162204,0.4936205500328399,-2.868746292944713
Mitf(+),2.727119286328593,2.5501630098131267,2.76141942594268,0.8971072364171936,-0.81772536362807
Mlx(+),-1.138460318151116,0.050247804515031316,5.102128104505518,2.2722688063282623,-1.0231216514783643
Msc(+),-0.1033192389717767,-0.9242080166666823,0.5534750329640453,-0.7542645132920751,1.1488866394315833
Msx1(+),-2.1947348600469074,0.9079960596832846,-1.4269471960981668,-0.029401950595716965,-26.202428291722256
Msx2(+),0.7988524210556767,0.5474088714486389,-1.353353723017484,-1.280445185151592,1.6678455295259644
Msx3(+),-1.3497892845620196,-1.0124999973966815,-1.7609864008222595,-0.5096250352925125,-1.8597365253199418
Mtf1(+),-6.883152461448466,1.5419868219573991,14.404448193834758,2.26640537383899,-0.6030039061485006
Mtf2(+),0.6281027368621064,-1.3457825620060162,-4.995199070231993,-1.7134092976736954,2.493901869016367
Mxd1(+),-0.47675667257481713,-0.9640326093452837,-0.7072868844974087,-1.2733648016531582,-4.404083650184085
Mxd4(+),0.17375382179320445,-1.4426305349203614,0.6111246137374527,0.07246517077416358,-1.454440673917719
Mxi1(+),-0.011253917615976087,0.9849628201139766,-1.094650444319633,0.410183997710624,-9.192050841049262
Myb(+),-3.485257873263687,-1.1901403442536886,-2.1103457673411286,1.6202499242652373,-2.6836164704960725
Mybl1(+),-2.931171064882305,0.09998067727175589,-5.491759804543687,-0.39284770395328267,-3.1072604096513654
Mybl2(+),-3.8715297018321997,-3.1427169541788027,-6.734559604845541,-0.593101472493168,-2.843565333946227
Myc(+),-4.818634612804938,-1.9651317057416866,-2.4760059025987964,-0.6376327430191904,-2.808474811359751
Mynn(+),-3.264472741364332,0.6890429917047055,-2.5301678053531136,-0.7881811420001438,-2.8730824091916114
Mzf1(+),-1.0232530119316565,0.7160257706504711,-2.0937303358089756,-1.157423218063084,-3.7311826219141064
Nanog(+),-0.6352641614158772,0.9463040519933341,1.5865398484670292,-0.3017713300587866,0.4556271505287986
Ncoa1(+),1.8303461250565807,2.056003699317821,5.6930680634885205,2.801325595866125,1.7426839248131198
Nfat5(+),6.706481107012524,0.5927424259575463,3.2684361198131207,1.4790276425244433,5.3373704818947925
Nfatc1(+),-3.813804750841654,0.6288824310274134,-1.3793575882887577,0.7709609365665211,-4.623362188910845
Nfatc2(+),0.5205287719946952,0.6771172518683224,-0.22766815584376798,0.24139249657035458,-4.3072297045893295
Nfatc3(+),-1.1291273123110224,0.3124110460068833,-1.4728654740809564,-0.48103527666304075,2.905748642612158
Nfatc4(+),3.6957715431213067,0.5142229396276639,5.13928184775886,-0.503557782655886,-2.0768217996076164
Nfe2(+),-2.6540461337355037,-1.0974470206904905,-4.412855478089489,-1.3627677951198833,-17.05054563460874
Nfe2l1(+),-1.0322899262093332,0.45004028564715703,-0.4098444986331862,-1.0824641284656695,-1.9431411611675804
Nfe2l2(+),-5.000796243920963,-0.14408385054373693,-1.8175325884441977,-0.4718633948953582,0.8391204163726302
Nfe2l3(+),-2.3194206839373366,0.9877317472799241,-1.281667778634024,-1.0309393088481973,-3.6498066979092316
Nfia(+),5.46476550790201,1.9830938589778866,4.299709729630758,0.6550149470717389,15.39045919897465
Nfib(+),4.793841151245855,-0.4513101116284579,14.107045992949804,1.8493453658613692,3.568266562227023
Nfic(+),-7.379530183738044,-2.4304687747274354,-1.5309434106683832,-0.3516241205248868,-3.2675820955157087
Nfkb2(+),0.44723570164265025,-0.6597109354982051,-1.9658673576072985,-1.1193562771440997,-1.946261340730733
Nfya(+),-0.9046998123873974,-0.6953090407766228,-1.2745282445322608,0.10086278138122609,1.732203595959774
Nfyb(+),0.4249486238294209,-1.5933968965846244,-2.27137289201217,-0.5841600516912618,-1.6877611584931933
Nfyc(+),0.6508286889380717,-0.04694624587335757,-1.6767584892892593,0.12379255272000414,-2.2084896609880547
Nkx2-4(+),0.9900387106497811,-1.5984641076406212,-0.7235657348263903,-0.6960972339521554,-1.8858648125339932
Nkx6-2(+),0.8229896150678853,1.6390214400756042,2.678532403488692,2.411884240033189,2.107989800573333
Nobox(+),0.7072288374909645,-1.040344155887357,-0.2796599343131399,0.0,-2.24413416427315
Nr1d1(+),0.1866301279287513,0.943704901963659,3.694406396861884,-0.15624028266131607,-0.4240631730944516
Nr1h2(+),-0.3671149349645233,1.7258675694764256,0.05780496056783609,0.33771855819343066,-1.5756888568948424
Nr1h4(+),4.858314884121013,-0.013201044031346898,-0.06416583083378108,1.9371941053890944,-2.2066891623022653
Nr1i2(+),2.227638809369581,-1.1532265288499688,5.853754889662631,3.604758797473524,-1.0715025180900082
Nr1i3(+),-4.763521863508117,-1.414004680272168,-1.0259143820158265,1.0282661002375753,-4.800439191877603
Nr2c2(+),-4.908724036601208,-0.29366168249683056,-4.2923694674235,-1.7926105978687181,-7.930631372264283
Nr2f1(+),4.386697319535664,0.794603558339842,5.7539429927434975,0.6374342746831018,-2.4650391913833527
Nr2f2(+),-4.357900336574031,-2.255092461050582,-4.196419754218097,-1.9318772554140895,-3.8106223703463384
Nr2f6(+),-0.4280882875669699,1.3153062054306124,-1.756848014834024,0.04418274877989989,-0.9647408757878131
Nr3c1(+),3.4055158611133556,3.2254070182901797,2.758338121110956,0.9760322931304201,-0.18991614613367533
Nr4a2(+),0.7330808536294352,-1.0350077823306507,-2.2014505516952765,-0.9516618815384618,0.8236071121881465
Nrf1(+),-3.9959212633010712,-2.019651264944802,-3.963364499333909,-0.5013837506331461,-0.1271289072612365
Onecut2(+),1.8288650436492104,-0.903509515459488,-0.796077668450219,-0.7542645132920751,-0.8005181852829597
Otx1(+),-2.0537826498269736,-0.5743317960474913,-0.8837962941456772,1.2205872405010063,-2.2327051093411785
Ovol2(+),0.29034799971763536,-0.6516589536462813,-0.378061556782549,0.27944188844595697,-4.6399191824331
Pax1(+),-0.645906857906286,0.0,0.15544419260192754,-0.8487898715847996,-0.05808898004981097
Pax7(+),-1.2417533536749248,-0.3817123799125856,-3.6987353708210686,-0.7409348925172933,0.27813996191630935
Pbx1(+),4.159829409628973,-0.5810183023009129,6.701088670189143,0.23912305311337145,-8.648322425630361
Pbx3(+),7.346734415583659,0.13517011653166977,-2.7863078240755232,0.20259876572041272,-3.6259164895056673
Pbx4(+),-2.8499183813896556,2.994407258642257,-4.380318057679655,0.29477733125680566,-6.235044149017772
Peg3(+),-0.5259804132956553,-1.0199469465401623,-3.976312692773958,-0.2489059047182834,-2.247288999087167
Phf20(+),1.4555006412095908,1.0068249653831138,-0.16177667227425382,-1.078823744717524,0.6287817811690545
Phf21a(+),-0.604468921924861,-1.9071237541435653,-3.020539598937558,0.18924132433351976,4.221840241852614
Pitx3(+),-0.46536134075683927,1.4021800439875198,12.780054771084663,4.03939261834143,-3.1792907850779546
Pknox1(+),0.7243675554408789,0.3439999084975342,1.879015631682957,-0.7542645132920752,-8.669384780889587
Plagl1(+),-0.6781629530213256,-0.5077882714543691,-1.2521073506106393,-1.9471085203593852,-1.2831274576348655
Pou1f1(+),1.0557703315750528,-1.0320340684200187,3.1547795177597444,0.1693094698799975,0.23607361286097536
Pou2f1(+),-5.040397325169739,0.8444042731076382,-0.20976196787600979,-0.5116369440344132,-0.5755867910693367
Pou2f3(+),-0.9802290377135909,-0.14280285027071546,4.21216284154579,-0.2814378945347112,-1.3653096465819687
Pou5f1(+),1.0613204583201346,2.4060882883272723,-0.35215126168972366,1.588168241903619,2.2202066819972286
Ppara(+),-0.9094527026005693,2.9928125677895645,-0.44676653648427517,0.03416944325001768,-0.4821818040009612
Pparg(+),-1.2023254970690276,2.3057150584416664,1.563697030241815,2.069607718658086,-1.451865788355696
Prdm1(+),0.012813018150924383,-0.516134654826988,-2.3275515450578155,0.0,1.1013695237673113
Prdm5(+),-4.540764131182806,0.6525039619098245,-5.622820270021258,-1.212940316074592,-2.9900006540375554
Prrx2(+),-6.3032510932513075,-2.370407210799331,-6.934567459194039,-1.912863540208978,-4.011752186990476
Pura(+),-2.5741735484703474,0.7392780334946512,-2.4040962843797504,0.2675303630151421,-2.13028218846231
Rara(+),0.8831394202245326,0.2799170211110586,1.5435353109994243,-0.23749471086227264,-1.0883399038406099
Rarb(+),1.9536185793470082,0.02162774912731938,-1.7866999425273538,0.32837140877321047,-5.248815926049448
Rarg(+),-11.998822058881261,-3.338465193781528,-6.09315898246723,-0.9625324842330736,-3.156272319889558
Rel(+),-0.5822987946252219,0.06011523008613142,1.629176963082097,0.6879940740435948,1.2342584724413044
Rela(+),-2.4555483672123057,-0.8627397343505295,2.7071031382343884,-0.1794700534379011,1.1920852364879826
Relb(+),-11.795148037659706,-3.098651006715392,-11.908821239140742,-2.5483337367949765,-6.107109410086619
Rfx1(+),3.4099531199870396,2.382361399852323,3.9029387524471817,0.6117530713340319,1.650963170846511
Rfx2(+),3.2030760259283975,-2.74123255466982,-2.3254393728220304,-0.6463567490041777,0.1262877062213006
Rfx3(+),1.8700560375254731,0.3000722001127668,0.6804002825157565,0.5102388179212929,-2.2318894252004156
Rfx4(+),3.519257770104434,1.2101210904074637,2.636968396578341,1.2086713458998766,-0.7905972536432052
Rfx5(+),0.9555752623035756,-0.1654663621829211,0.05769076764330489,-0.07427949079341593,-1.8807759345116126
Rfxank(+),-2.08532932733822,-1.352937083066133,-2.0738210733998277,-0.86277389309708,-1.302496318425166
Rfxap(+),-1.9480841613297273,-0.8000517556836783,-4.082241062050819,-1.2741655550357902,-1.6719709365392375
Rorc(+),-2.4919634110728746,1.5400750242153745,2.8373919848607208,-0.7725303555346039,-2.862264864664995
Rsl1(+),-0.37313475294686815,-1.444816124816081,-0.2092512241044377,0.2852869676186657,0.6833258697158047
Rslcan18(+),-2.5691830633470407,-1.729629863917313,3.8309690506320124,0.3880020317586011,1.1391596107351838
Runx2(+),3.2185467484985164,2.203613860102972,10.464835675640327,2.292735595793121,0.5565687856975747
Runx3(+),-2.25841497628156,0.5034735345056053,3.725047520659614,2.1893465317602776,-3.8095241535191247
Rxra(+),0.43915190142650096,-1.3162345384298682,4.548349242540618,-0.610205994702271,0.26016459050218566
Rxrb(+),0.503118360457948,1.834142015138722,-1.6875552442969686,0.28099726279073445,-1.102636558506506
Rxrg(+),1.2435572430370023,1.7327969315443956,4.291685662354699,4.0932924036026765,-0.2998800492201628
Satb2(+),0.18890456526622346,-2.0147571313573893,-3.8851861183821312,-0.26323791470372954,-2.1392004853967053
Sin3a(+),-0.6016409786438874,-0.20572283683119438,0.0033874557298973823,-0.9546135277617775,-1.2389346658484788
Sirt6(+),-0.3793613113702476,-0.18222406411947376,-1.0481915980547463,0.4622927975613808,-5.312209469987844
Ski(+),-2.3603523358087832,1.0852306236267246,0.01443687334802378,-1.018729846482074,-0.43910620286467894
Smad1(+),-2.283511386138547,-0.9496451418726167,-1.3723849762541438,-0.06386107401850213,-2.128895836969804
Smad2(+),-5.58063332864626,-0.5530797393568619,-2.3198039353936992,-2.1027856306057795,7.8711540918184335
Smad3(+),1.6450321544475126,0.3698678650100357,1.5706279221633601,1.3388181985548286,2.157573107114968
Smad4(+),-1.2133208954971697,0.3746032022675956,-2.301352445354981,-1.5623192727335387,-2.9822013036089263
Snai1(+),-0.22328609661392188,-0.4003622217299602,0.5966778227881829,0.5153261357659976,-0.6592040120238956
Sox10(+),-5.598924718165433,-1.4459318159637247,1.8265870386123793,-0.668346351546258,-4.998435299558441
Sox11(+),0.0035996274151351695,-0.7414656984967845,-0.79018925203474,-0.35931390684260095,0.27935259526855977
Sox13(+),-0.23912709642537744,0.1733664007136235,-2.7176186396533093,-3.303883667114109,-9.069446091719996
Sox15(+),-0.5861822419684326,0.3629820214579236,2.967280718185773,1.359324824433557,-0.20833586611896585
Sox18(+),1.1367086742245835,0.9057627382205728,1.4020774182839342,-0.7027610895399989,-1.1154264987108953
Sox4(+),-0.9582063897107556,-0.2845896336200767,2.560573279451324,0.4273417031003566,-12.375503272870368
Sox5(+),1.346754064109496,2.0090374560995836,1.7768859916373874,0.24696839923246763,0.7451982898388501
Sox9(+),-1.0217141350049241,0.7507047839972393,1.1764617184046628,-1.2052507130176793,2.920362153191846
Sp1(+),4.614861876272873,1.3798797548200876,1.246697985209392,0.04669643453099267,8.724817157141892
Sp2(+),0.13365324486125707,1.895300861544919,0.3078340941555375,1.147594464843305,1.4290111349127463
Sp3(+),-1.248746831047725,-1.2651052725905205,-1.3174125369134488,-1.3096084866479776,-0.6138222137743928
Sp6(+),-2.46133130436016,-0.9429550124075622,3.751713255257325,-0.2817350668312593,-12.328321327871786
Spdef(+),-0.6314587076239393,0.3121523141858314,-2.3862223145909103,-0.5084107360403314,-1.0683902372658596
Spi1(+),6.205285663277157,2.2476246751444218,2.564444046233206,-0.6618345124453365,-4.84434053251565
Spib(+),-10.32278420735571,-3.235178459895155,-9.67678608864454,-3.343608081819877,-6.218105275341704
Srebf1(+),0.37192266593034046,2.6649621752861963,11.0104274343171,2.4166685722512766,-0.6308812846815489
Srebf2(+),-1.8215237103472206,-0.8401549545343227,-1.0629700159564202,-0.5854928255296433,-3.3200772893217803
Srf(+),4.258958568276687,0.28468308264075637,-2.222301123463925,-1.5888720011092787,-1.3190096901827753
Stat1(+),-7.346460675211749,-1.124828512254948,-13.6240726434344,-0.8700897641693386,-6.437547340710095
Stat2(+),-2.337779090572834,-2.5485130906949465,-6.127324450810619,-0.7074154720341805,-8.427095751738284
Stat3(+),-5.685335405783836,-2.9338243635016514,-5.800843528549157,-1.3667852184774034,-5.383758546142894
Stat5a(+),-3.2371212990707616,-1.8017031152049778,-5.779900416247787,-1.8657813946110828,-37.53591450330869
Stat6(+),-3.0690047199862973,-0.8541932718112699,3.18862482720181,1.9570364304468801,3.5714188637768416
Taf6(+),-1.8847008527862978,-0.5267628219628359,-0.08557215683817898,-0.9206963194746502,-5.3789283229357645
Tal1(+),-8.641427922489482,-0.778526969362605,-1.6567592658503936,0.016786832498990097,-2.1720801559121243
Tal2(+),2.3199716046232797,-0.7976454086456646,-0.1800188422327991,-0.10040267460588978,0.05010851834893827
Tbp(+),0.4050427623321706,-0.2071474829303976,-5.386626049078102,-1.4235319206983337,-1.9166503228508938
Tbx1(+),0.7850959647991238,0.0,-0.9067144717014234,0.19547965793791158,0.6480138718349542
Tbx15(+),0.5873731777596312,-0.5068610660317964,-3.4995809198029417,1.078460562642796,-2.235468111257574
Tbx20(+),0.09261789718312721,1.0582465844047897,1.0099257837883868,-0.3218268029537717,-4.005383787048569
Tbx21(+),1.7937928006518995,1.4492595329837765,-0.2616738772074052,-1.3547888273971986,-0.20162242312028925
Tbx5(+),6.0912498600646865,2.8636067377648273,2.6082716030384767,1.0020763567855546,-2.4416840729981173
Tcf12(+),-0.1794197851278922,-1.472274651185012,-3.132104848642837,-1.307832716751222,9.870110964066502
Tcf3(+),0.6339347683121679,-0.4819513875642623,3.0015594669315417,-0.5813324550517528,2.2830226173844563
Tcf7l1(+),1.6570475350683866,-0.1711145430146778,-7.30466264146198,-0.07577475013559712,-9.63903058100693
Tcf7l2(+),0.874305830749358,-0.9441088213517087,7.163102725587969,0.09095717039201352,-1.0003412374399074
Tead1(+),4.60531375193975,2.5739072481026164,-0.603743257271218,-1.6444346490504376,-3.1402222097315398
Tead3(+),-0.9372373014714415,0.3457379956656582,1.086394261749282,-1.1403762183777868,-2.2919516460156184
Tead4(+),-2.1002338866148627,0.038236700399145986,-0.6150059557339991,-1.1913099613245053,-3.17502787565978
Tef(+),-2.4138866287758693,-0.38079227335337046,-0.29582673871526594,-0.9032708290195511,0.4317640534766791
Tfap2a(+),-1.0944823256536818,-1.0554489368891766,-1.0567439797519254,-0.2860917888631124,-3.2052130287062335
Tfap2b(+),3.843036283649585,0.40473787627699576,2.3272294087627348,-0.14609577687294434,12.514645613414773
Tfap2c(+),0.732905184875658,-0.4754668067453332,0.9608542905059221,-0.6824451897038212,-6.196253642260502
Tfap2d(+),-1.18232828562059,0.8112794493847534,0.18134925469510305,-0.9451556320494438,-1.5972571572160128
Tfap4(+),-1.4266023355756372,-0.6498038939376217,-2.0707176125264013,-2.006896427542299,0.7069584754228787
Tfdp1(+),-8.442362289117302,-2.948836604399438,-8.78720079584353,-1.1151781366727678,-4.420532271747892
Tfe3(+),0.5591034942950703,-1.2336116250562525,0.5126304704367606,-0.12768687861585246,1.0335701059237712
Tfeb(+),2.7564905528122585,2.630201529562243,-0.6862056283447363,0.7056665697170353,-1.667597907419598
Thap1(+),1.005745138726631,1.1071547843893599,-2.59406435971069,-0.8915079574273317,-1.707191336999563
Thra(+),0.7753974537393956,-0.1957864983097614,1.5724350278089252,0.6341063152150653,1.5680782724324718
Thrb(+),-0.7324229259866095,0.7621645071679598,2.0937490135399233,2.6087384715339033,-1.298835806863183
Trp53(+),-2.0063054731127496,-0.43078712172207034,-5.13962672173607,0.8788444881514565,-14.840133400634679
Trp73(+),-2.410224937346377,-0.4628662081299114,-1.0883725348269404,-0.3475339159894885,-1.4423440509671233
Twist1(+),0.5365097814714173,-0.5211518818920859,-0.2804213039148418,1.3835298060705084,0.59329650162241
Ube2k(+),-4.1529019792056046,-3.247728719389731,-6.717595410545631,-2.233288565264483,4.151025047714723
Usf1(+),-2.54585687898587,-1.243715191435462,-0.3624712723725116,1.3504036315874144,-1.3265695673472822
Usf2(+),0.809432094112543,-1.1009930517300988,-0.8082892257131966,1.893194889116991,-2.805086060970909
Vax2(+),-0.6635315588355214,0.3555631262536961,1.5938786132087104,2.138448299440215,-0.17340197027283688
Vdr(+),-2.085737152315055,-1.0241350127601776,-0.8507250740708902,-0.5005380234806771,-3.169042796864479
Vps4b(+),-0.2069428961314304,0.40844918549177694,0.576362724042273,-1.2690903459169176,-2.085764619166125
Vsx1(+),-2.9735095469455546,-0.6708128923764045,-1.9674302774889092,-0.8144950190886038,-2.4641410806680364
Xbp1(+),-0.6902389438304879,0.18041660617599825,-2.158035391035537,-0.9144904049629119,-0.27994327041499406
Yy1(+),-0.2742736370699725,-2.547632850404907,0.5051205755919423,-0.13488256291250675,10.647624838644116
Zbtb11(+),-2.352082490654157,-0.6361854573892485,0.0011625254209629548,0.1709334086520837,-4.623435506766001
Zbtb14(+),2.4436612681972822,-0.4510411180750107,1.8961586524419376,-0.09590900504712556,-1.6920795873188081
Zbtb17(+),-3.148724957401079,-1.4506406369431062,-0.48340625819860267,0.053973505733673766,1.7719851481931326
Zbtb20(+),5.483554290645243,1.6078156606325233,2.3092629045910664,-0.6350895990235838,3.7932728968109783
Zbtb24(+),-0.9740462287324415,-0.9923650503370677,0.7063684744173804,-0.8266574917601036,0.9043697346840923
Zbtb25(+),0.6741615593273117,-0.28092989521009354,0.26214217826032815,-1.3228412074403748,4.836910231043426
Zbtb4(+),1.2886463516782718,1.0287153972336793,0.7554284516709722,-1.6304010508371278,0.5471526197216293
Zbtb41(+),-1.0108105049072371,0.8742051918597074,-0.01278617951972978,-0.8232135304375764,1.0498322511326994
Zbtb5(+),0.0,0.0,-1.079179038769235,0.0,-0.9562240897909952
Zbtb7a(+),-2.8866888262912673,-0.27148262710015525,0.4466555375562676,-0.719278448296622,-1.8039074561806419
Zeb1(+),0.9593324521015865,2.0330135157255596,3.0141174353169613,1.2183965988178844,-2.247248209216614
Zfhx2(+),-0.5329036115659589,0.5677054669361876,1.2147579196933476,0.4001450367290572,-3.682514531766862
Zfp101(+),-2.2271746884790264,-0.21391644336908058,6.145402939577733,1.0461535729527327,-0.9946921581120944
Zfp12(+),-0.30097363014372325,1.1581591765058254,1.6826335298189623,-0.04903730495351313,0.596245265600065
Zfp128(+),-0.37551999953849724,-1.3774061223150407,-0.015948827141975253,0.5227658911162391,0.021339524419232425
Zfp13(+),-0.4696027231790481,-0.5466008860456933,-3.0790231680421063,2.181142481957126,0.5865419688873634
Zfp143(+),-0.9939034033358576,-0.7382124169729533,1.5575124630672599,-0.7542645132920752,0.24600435531799913
Zfp148(+),-0.8967386804134354,-0.6968715255465047,-6.4472202575882,-1.656180092631499,9.830239009769617
Zfp174(+),-2.7855445716429896,0.5476687820606083,-1.2817580878623185,0.30520177764655637,-2.8443680219297356
Zfp2(+),-0.3912367694936168,1.5659803647543091,0.6055568536068899,0.0,0.0
Zfp202(+),1.9942715933215656,1.9360725561688965,0.9013095322473542,-0.8821793191177824,0.2085786145494264
Zfp217(+),-0.6264460254015445,0.24737227460200095,2.846272482156461,0.5065759977312222,1.2984329909194356
Zfp28(+),1.080193876727009,1.20467055935795,-1.0878173455599374,0.0,0.24420275673600023
Zfp281(+),1.7411500441208738,-0.2665381147296583,1.6557109477065544,1.8540661832534695,-0.569763977203301
Zfp287(+),0.9237653748957882,-0.28304421510566763,-1.3364589106025182,-0.9079092700489263,-1.9899932730177587
Zfp30(+),0.5677117206785405,1.9360725561688967,-0.9310648287185472,1.2629322531155778,-0.2844540804676163
Zfp329(+),-0.7618798441260637,-0.4873941002785853,-1.5238371261684827,-1.4127976490512146,-2.6955190908230655
Zfp341(+),-0.5302199221726009,-0.8393086423775143,-1.810617027079997,0.47173442089709966,-0.7614988665951709
Zfp354a(+),0.0,0.0,1.2314899297393724,0.0,0.0
Zfp354c(+),-1.21926596876105,1.1935829294763638,0.39204782875394717,-0.8801948498089519,-0.8451800994343122
Zfp358(+),-0.9322843352568438,-0.514991116979932,0.9390801294940261,0.5426573936610974,-1.1772765583059774
Zfp384(+),2.417819385495275,0.19619824006844216,1.7383179564124445,-0.8477491699957299,-0.29115368771421346
Zfp398(+),-0.2745114834571084,0.29662015575692696,1.5240992535366076,2.214264652071407,-0.5388357677163084
Zfp41(+),-2.294522433473787,0.5419850921387412,-2.048782456339856,-0.8860000726994319,-5.145388099835261
Zfp445(+),0.16278532106304353,-0.7358982910113362,0.3027950162981561,-0.6108855775793253,-0.08504169927613682
Zfp449(+),4.770283298441565,0.612864276201543,1.7834949070483903,0.05201742325382476,-2.273070174928962
Zfp457(+),-1.5295320186292973,1.5435790443428974,-0.27209316664813654,-1.0764325195916418,-3.617959397785739
Zfp472(+),-1.2463639192748817,0.4321113151719451,3.270802017776398,-0.17454567809500962,2.6925630885604575
Zfp513(+),-3.75604195272559,0.8227972124428001,1.347666479189075,-0.44597558073635096,-0.3174879056802982
Zfp536(+),-5.918396816690745,-0.4704902380578641,-1.3417173524203045,-1.7941622292395696,-3.5886014476248413
Zfp558(+),-0.48547332258215375,-0.518861919515232,-0.3927555562778277,-0.7542645132920751,1.1176239541978417
Zfp560(+),-0.997922900489219,0.13296492901271903,1.4332861169495446,-0.7542645132920752,1.440031092092254
Zfp574(+),-1.0875864554718804,-1.0560913821812388,-0.7203004106559214,0.0,1.4887137596482394
Zfp580(+),-9.991226791426351,-2.2052045329224192,1.6766129994184595,1.089179857510364,-5.248964438835226
Zfp592(+),-1.0637950961979399,0.6284586926053302,-0.3203666539651159,-0.4565246046315026,-3.594142085362974
Zfp595(+),-10.555258767371159,-1.761569401475632,-1.0129283410913061,-0.9265859179056959,-4.55640003715442
Zfp60(+),-4.378622980164615,0.24704820641030864,-2.0694941414637897,-0.26485879531751705,-4.025838085498948
Zfp605(+),-2.1709226506194472,0.8239132752043746,-0.9004108931940229,-0.7542645132920751,-3.0504548435441268
Zfp617(+),0.8891482401681788,-0.8277257971722077,2.381709925173214,0.6111954359710698,-0.49348358807012455
Zfp629(+),2.9707030452707692,1.0851671243183902,1.523702620470731,1.6607034481787535,0.6976291245067578
Zfp639(+),1.635969579572295,-0.607800520426129,6.3049547298224144,0.27377561922164523,1.7162037217676902
Zfp64(+),1.0266466513295929,0.0,4.1959187619765625,0.22142747167691132,-1.5438340208411063
Zfp644(+),-1.9317114920362022,-0.9943273397130031,-7.180775097758179,-1.7617027436171264,-6.0350303518528
Zfp647(+),-1.4991261370494802,2.5321757793763173,0.14217664629124413,0.27038685026418935,-1.6512978400245537
Zfp667(+),-0.9166435706633954,-0.12288007939927345,2.0977250044924594,1.3067531320617587,-25.09895110800809
Zfp697(+),2.5106095125146752,0.16217109928440313,0.2974932355059116,0.37625218380480624,-0.4902544269402262
Zfp738(+),-0.7520355168926581,-0.9659990521977548,-1.6034319875634284,-0.8452791775424745,-1.6033255208289334
Zfp74(+),0.4291844676807609,4.077160279166587,1.595291917390214,1.4363183152753902,-2.1917651831800136
Zfp740(+),-0.809020783312405,-0.862739371989059,0.4782460966502886,-1.5288308065502947,1.6253986877254396
Zfp748(+),-2.9082325011163266,-2.8609610775624517,-4.168701053508903,0.023258747565336253,-1.902753092949824
Zfp759(+),-0.024910226634077357,-0.6592288832315852,1.2938265459623364,-0.2189737658861062,-2.750198508448176
Zfp771(+),-0.4476197889620262,-1.8646194749621503,-0.8083689606589229,-0.5206832756321186,-1.3194886842810742
Zfp78(+),-1.2659591840968336,-0.6559406769273145,-1.0199754346856633,-0.6042607306758003,0.727081143384038
Zfp811(+),-1.1634730811704757,1.9360725561688963,-0.9808020292353742,0.0,-2.180042668809202
Zfp85(+),-0.8351360697398934,0.0,0.0,0.0,0.0
Zfp874a(+),-5.91278100820871,-1.507445319052133,-4.074727266365982,0.4061405720932809,-2.407287607054498
Zfp882(+),-0.42092154631505796,0.9448229153925989,-0.9492031672818847,2.7634840117761033,-3.0992834711181567
Zfp9(+),0.0,1.9360725561688967,0.3340809762086406,0.0,0.6480138718349541
Zfp90(+),-2.5230172471858583,0.11102600903940188,0.7293370502203728,0.4136750652609607,0.3990286140452819
Zfp932(+),-9.484768381665797,-2.6587058682599594,-3.651743092804404,-0.46524750696588596,-5.380960197702511
Zfp94(+),-0.36085270510870787,-0.8501852080002167,2.3153125449202308,1.78337722168135,2.1645202186780255
Zfp943(+),0.5598343482748516,0.2462074011996038,1.848007765606585,1.3398870464837997,-1.1915900047603165
Zfp944(+),-1.1786792770554366,2.2887006702070916,0.6995087087994747,-1.016543199815005,-0.5882360200902396
Zfp952(+),-0.08769653892113322,0.0,-1.732299616974591,0.0,0.6480138718349552
Zfp979(+),0.5542702377745364,0.0,1.1407246029978346,0.0,2.1774191159789824
Zfp985(+),-0.9467681574200346,-0.8573947484846287,1.4101554301622312,1.3280197150781932,-1.006505249050384
Zfp989(+),-3.986504898894734,0.5172038679818842,-3.768485761298671,-0.5173301962035267,-18.76981938253934
Zfp995(+),0.9313174637660177,-1.1648661808018668,1.3165379873391345,1.3293932614744226,-3.138935074321071
Zfx(+),7.4829449452283425,-0.11901459313477535,0.1716976608424905,-0.8508071321393904,11.041922417430865
Zfy1(+),-1.0526881534831969,1.5074983174921406,-2.736180782950702,-1.912609391516753,-0.6552579725013151
Zscan12(+),-1.2580904224894902,-0.7717652712775369,-2.222378949857293,0.05543896924440679,1.2590727579824301
Zscan26(+),-0.49264468928226013,1.2938460597471835,-0.1920857362125053,0.6356676840192662,-0.6031750403065613
Zscan29(+),0.514482625830069,-0.6664876108485077,-1.6766294823480554,1.3440519361905692,-1.5060237193520327
Zzz3(+),2.4347299730893854,-0.44299940047981695,-0.06682077626034162,-1.3647581085698643,-1.6981291016324669
